Tag ID#,year,date,julien week,field site,age class,age detail,status,vemco,sat ,IAV,positve sample,PDV,IAV or PDV,IAV serology,nasal swab,conj swab,rectal swab,IAV Nasal,IAV Conj,IAV Rectal,PDV Nasal,PDV Conj,PDV Rectal,ORF Nasal,ORF Conj,ORF Rectal,PCB total,latitude,longitude,sex,molt,% molt,pup (minus bag)(kg),straight length (cm),Ax girth (cm),body condition,BC range,L fore flipper (cm),L rear flipper (cm),bloodspot card,Bloodspots Sent to Milton,paxgene,purple top,Purple Top Collected,Purple Top Sent to Milton,Nasal dry swab,NOAA swab ID ,Rectal dry swab,Mystic fecal swab,biopsy DMSO,biopsy RNAlater,biopsy Formalin,whisker,lanugo,lanugo Polito,total blood collected in red top,buffy coat,whole blood,serum,green top,plasma,needle size,geography,neighbors,resight,Notes,
157,2014,1/17/2014,week3,Muskeget,PUP,,,NA,NA,N,NA,ND,,N,14MK00796,14MK00795,14MK00794, >45, >45, >45,ND,ND,ND,ND,ND,ND,#N/A,#N/A,#N/A,M,V,,U,117.7,104.9,89.12,80s,,,,,,,,,,,,,,,,,,,,,,,,,,,,"reported dead: 09:45 Friday, 7 Feb. 2014. Coatue Peninsula, Nantucket Sound, Nantucket, near the Port of the Bay, east of the Nantucket Harbor entrance. ""Some gull scavenger damage to thoracic cavity. ""not stinky"".  The caller reports 3 other dead seals, no tags on these carcasses found along the beach.""",,
158,2014,1/17/2014,week3,Muskeget,PUP,,,NA,NA,N,NA,ND,,N,14MK00732,14MK00733,14MK00731, >45, >45, >45,ND,ND,ND,ND,ND,ND,#N/A,#N/A,#N/A,M,V,,35.2,106.3,87.4,82.22,80s,,,,,,,,,,,,,,,,,,,,,,,,,,,,,,
159,2014,1/17/2014,week3,Muskeget,PUP,,,NA,NA,N,NA,ND,,N,14MK00741,14MK00740,14MK00742, >45, >45, >45,ND,ND,ND,ND,ND,ND,#N/A,#N/A,#N/A,F,U,,51.5,114,106,92.98,90s,,,,,,,,,,,,,,,,,,,,,,,,,,,,,,
160,2014,1/17/2014,week3,Muskeget,PUP,,,NA,NA,N,NA,ND,,P,14MK00756,14MK00755,14MK00757, >45, >45, >45,ND,ND,ND,ND,ND,ND,#N/A,#N/A,#N/A,F,U,,45.8,107.5,96,89.30,80s,,,,,,,,,,,,,,,,,,,,,,,,,,,,,,
161,2018,2/14/2018,week7,Muskeget,PUP,,live,NA,NA,N,NA,N,None detected,N,18MK00394,18MK00395,18MK00396,>45,>45,>45,>45,>45,>45,ND,ND,ND,#N/A,41.337,-70.30574,F,V,NA,37,110,95,86.36,80s,19,27,Y,Y,N,N,N,N,,NA,,,,,,,no,no,,,,,,,U,beach,none,,,
162,2014,1/17/2014,week3,Muskeget,PUP,,,NA,NA,N,NA,ND,,P,14MK00607,14MK00606,14MK00605, >45, >45, >45,ND,ND,ND,ND,ND,ND,#N/A,41.337,#N/A,M,U,,42.2,112.3,101.7,90.56,90s,,,,,,,,,,,,,,,,,,,,,,,,,,,,,,
162,2018,2/14/2018,week7,Muskeget,PUP,,live,NA,NA,N,NA,N,IAV seropos,P,18MK00397,18MK00398,18MK00399,>45,>45,>45,>45,>45,>45,ND,ND,ND,#N/A,41.33606,-70.30647,F,V,NA,26.4,92,86,93.48,90s,20,27,Y,Y,N,N,N,N,,NA,,,,,,,no,no,,,,,,,2.5,grass,none,,,
164,2018,2/14/2018,week7,Muskeget,PUP,,live,NA,NA,N,NA,N,IAV seropos,P,18MK00400,18MK00401,18MK00402,>45,>45,>45,>45,>45,>45,ND,ND,ND,#N/A,41.33629,-70.307,F,V,NA,34,104,99,95.19,90s,20.5,27,Y,Y,N,N,N,N,,NA,,,,,,,no,no,,,,,,,U,near pond,1,,,
165,2014,1/17/2014,week3,Muskeget,PUP,,,NA,NA,N,NA,ND,,N,14MK00625,14MK00623,14MK00624, >45, >45, >45,ND,ND,ND,ND,ND,ND,#N/A,#N/A,#N/A,M,III,,60,108,112,103.70,90s,,,,,,,,,,,,,,,,,,,,,,,,,,,,,,
166,2018,2/14/2018,week7,Muskeget,PUP,,live,NA,NA,N,NA,N,None detected,N,18MK00403,18MK00404,18MK00405,>45,>45,>45,>45,>45,>45,ND,ND,ND,#N/A,41.33717,-70.30579,F,V,NA,41.2,113,110,97.35,90s,19,29,Y,Y,N,N,N,N,,NA,,,,,,,no,no,,,,,,,U,scrub,none,,,
167,2014,1/17/2014,week3,Muskeget,PUP,,,NA,NA,N,NA,ND,,P,14MK00787,14MK00786,14MK00785, >45, >45, >45,ND,ND,ND,ND,ND,ND,#N/A,#N/A,#N/A,M,III,,45.8,112,109,97.32,90s,,,,,,,,,,,,,,,,,,,,,,,,,,,,,,
168,2014,1/17/2014,week3,Muskeget,PUP,,,NA,NA,N,NA,ND,,P,14MK00771,14MK00770,14MK00772, >45, >45, >45,ND,ND,ND,ND,ND,ND,#N/A,#N/A,#N/A,M,III,,35.2,110,93,84.55,80s,,,,,,,,,,,,,,,,,,,,,,,,,,,,,,
169,2014,1/17/2014,week3,Muskeget,PUP,,,NA,NA,N,NA,ND,,N,14MK00788,14MK00789,14MK00790, >45, >45, >45,ND,ND,ND,ND,ND,ND,#N/A,#N/A,#N/A,F,IV,,46.2,122,105,86.07,80s,,,,,,,,,,,,,,,,,,,,,,,,,,,,,,
170,2014,1/17/2014,week3,Muskeget,PUP,,,NA,NA,N,NA,ND,,N,14MK00768,14MK00767,14MK00769, >45, >45, >45,ND,ND,ND,ND,ND,ND,#N/A,#N/A,#N/A,F,III,,39.4,113.8,94.6,83.13,80s,,,,,,,,,,,,,,,,,,,,,,,,,,,,"3/17/2014 seal #170 or #140 (likely #170 as we did not tag #140) was reported on a beach at Great Point, Nantucket on 3/16/2014. Adam Kennedy (NEAQ) received call. Seal was alive with both rear flippers tagged, no photos as dog chased seal back in the water.",,
171,2014,1/17/2014,week3,Muskeget,PUP,,,NA,NA,N,NA,ND,,N,14MK00764,14MK00765,14MK00766, >45, >45, >45,ND,ND,ND,ND,ND,ND,#N/A,#N/A,#N/A,M,IV,,29.2,104,83,79.81,70s,,,,,,,,,,,,,,,,,,,,,,,,,,,,,,
172,2014,1/17/2014,week3,Muskeget,PUP,,,NA,NA,N,NA,ND,,N,14MK00774,14MK00773,14MK00775, >45, >45, >45,ND,ND,ND,ND,ND,ND,#N/A,#N/A,#N/A,F,V,,40.2,117.8,93.4,79.29,70s,,,,,,,,,,,,,,,,,,,,,,,,,,,,,,
173,2014,1/18/2014,week3,Muskeget,PUP,,,NA,NA,N,NA,ND,,#N/A,14MK00745,14MK00743,14MK00744, >45, >45, >45,ND,ND,ND,ND,ND,ND,#N/A,#N/A,#N/A,M,V,,44.8,112.3,94.3,83.97,80s,,,,,,,,,,,,,,,,,,,,,,,,,,,,,,
174,2014,1/17/2014,week3,Muskeget,PUP,,,NA,NA,N,NA,ND,,N,14MK00747,14MK00746,14MK00748, >45, >45, >45,ND,ND,ND,ND,ND,ND,#N/A,#N/A,#N/A,M,V,,45.6,116,100,86.21,80s,,,,,,,,,,,,,,,,,,,,,,,,,,,,,,
175,2014,1/17/2014,week3,Muskeget,PUP,,,NA,NA,N,NA,ND,,N,14MK00758,14MK00759,14MK00760, >45, >45, >45,ND,ND,ND,ND,ND,ND,#N/A,#N/A,#N/A,M,V,,60.6,119.5,114.3,95.65,90s,,,,,,,,,,,,,,,,,,,,,,,,,,,,,,
176,2014,1/17/2014,week3,Muskeget,PUP,,,NA,NA,N,NA,ND,,N,14MK00784,14MK00782,14MK00783, >45, >45, >45,ND,ND,ND,ND,ND,ND,#N/A,#N/A,#N/A,F,III,,41.4,109,98,89.91,80s,,,,,,,,,,,,,,,,,,,,,,,,,,,,,,
177,2014,1/17/2014,week3,Muskeget,PUP,,,NA,NA,N,NA,ND,,N,14MK00739,14MK00738,14MK00737, >45, >45, >45,ND,ND,ND,ND,ND,ND,#N/A,#N/A,#N/A,M,U,,47,109.3,94,86.00,80s,,,,,,,,,,,,,,,,,,,,,,,,,,,,,,
178,2014,1/17/2014,week3,Muskeget,PUP,,,NA,NA,N,NA,ND,,N,14MK00735,14MK00734,14MK00736, >45, >45, >45,ND,ND,ND,ND,ND,ND,#N/A,#N/A,#N/A,M,V,,35.2,109.6,93.8,85.58,80s,,,,,,,,,,,,,,,,,,,,,,,,,,,,,,
179,2014,1/17/2014,week3,Muskeget,PUP,,,NA,NA,N,NA,ND,,N,14MK00798,14MK00799,14MK00797, >45, >45, >45,ND,ND,ND,ND,ND,ND,#N/A,#N/A,#N/A,F,V,,39.4,99,95,95.96,90s,,,,,,,,,,,,,,,,,,,,,,,,,,,,,,
180,2014,1/17/2014,week3,Muskeget,PUP,,,NA,NA,N,NA,ND,,N,14MK00793,14MK00792,14MK00791, >45, >45, >45,ND,ND,ND,ND,ND,ND,#N/A,#N/A,#N/A,M,U,,43.4,108,108,100.00,90s,,,,,,,,,,,,,,,,,,,,,,,,,,,,,,
181,2014,1/15/2014,week3,Muskeget,PUP,,,NA,NA,N,NA,ND,,N,14MK00114,14MK00113,14MK00111, >45, >45, >45,ND,ND,ND,ND,ND,ND,#N/A,#N/A,#N/A,F,II,,35.2,106,95,89.62,80s,,,,,,,,,,,,,,,,,,,,,,,,,,,,,,
183,2014,1/15/2014,week3,Muskeget,PUP,,,NA,NA,N,NA,ND,,N,14MK00107,14MK00109,14MK00110, >45, >45, >45,ND,ND,ND,ND,ND,ND,#N/A,#N/A,#N/A,M,II,,54.2,118,U,NA,90s,,,,,,,,,,,,,,,,,,,,,,,,,,,,,,
184,2014,1/17/2014,week3,Muskeget,PUP,,,NA,NA,N,NA,ND,,N,14MK00106,14MK00104,14MK00103, >45, >45, >45,ND,ND,ND,ND,ND,ND,#N/A,#N/A,#N/A,F,U,,45.6,112,111,99.11,90s,,,,,,,,,,,,,,,,,,,,,,,,,,,,,,
185,2014,1/15/2014,week3,Muskeget,PUP,,,NA,NA,N,NA,ND,,N,14MK00102,14MK00101,14MK00099, >45, >45, >45,ND,ND,ND,ND,ND,ND,#N/A,#N/A,#N/A,M,III,,51.4,113,107,94.69,90s,,,,,,,,,,,,,,,,,,,,,,,,,,,,,,
186,2014,1/16/2014,week3,Muskeget,PUP,,,NA,NA,P,RCS,ND,,N,14MK00098,14MK00095,14MK00097, >45, >45,POS,ND,ND,ND,ND,ND,ND,#N/A,#N/A,#N/A,M,III,,47.2,100,107,107.00,90s,,,,,,,,,,,,,,,,,,,,,,,,,,,,,,
187,2014,1/15/2014,week3,Muskeget,PUP,,,NA,NA,N,NA,ND,,N,14MK00081,14MK00082,14MK00080, >45, >45, >45,ND,ND,ND,ND,ND,ND,#N/A,#N/A,#N/A,F,III,,45.4,116,U,NA,90s,,,,,,,,,,,,,,,,,,,,,,,,,,,,,,
188,2014,1/15/2014,week3,Muskeget,PUP,,,NA,NA,N,NA,ND,,N,14MK00086,14MK00084,14MK00085, >45, >45, >45,ND,ND,ND,ND,ND,ND,#N/A,#N/A,#N/A,M,V,,45.2,112,U,NA,90s,,,,,,,,,,,,,,,,,,,,,,,,,,,,,,
189,2014,1/17/2014,week3,Muskeget,PUP,,,NA,NA,N,NA,ND,,N,14MK00087,14MK00089,14MK00088, >45, >45, >45,ND,ND,ND,ND,ND,ND,#N/A,#N/A,#N/A,M,V,,37.4,103,99,96.12,90s,,,,,,,,,,,,,,,,,,,,,,,,,,,,,,
190,2014,1/16/2014,week3,Muskeget,PUP,,,NA,NA,N,NA,ND,,P,14MK00115,14MK00117,14MK00116, >45, >45, >45,ND,ND,ND,ND,ND,ND,#N/A,#N/A,#N/A,F,U,,58.7,120,U,NA,90s,,,,,,,,,,,,,,,,,,,,,,,,,,,,,,
191,2014,1/16/2014,week3,Muskeget,PUP,,,NA,NA,N,NA,ND,,N,14MK00121,14MK00122,14MK00120, >45, >45, >45,ND,ND,ND,ND,ND,ND,#N/A,#N/A,#N/A,F,IV,,45.6,98,107,109.18,90s,,,,,,,,,,,,,,,,,,,,,,,,,,,,,,
192,2014,1/15/2014,week3,Muskeget,PUP,,,NA,NA,N,NA,ND,,#N/A,14MK00124,14MK00123,14MK00125, >45, >45, >45,ND,ND,ND,ND,ND,ND,#N/A,#N/A,#N/A,M,V,,46.4,103,103,100.00,90s,,,,,,,,,,,,,,,,,,,,,,,,,,,,,,
193,2014,1/17/2014,week3,Muskeget,PUP,,,NA,NA,N,NA,ND,,N,14MK00129,14MK00130,14MK00127, >45, >45, >45,ND,ND,ND,ND,ND,ND,#N/A,#N/A,#N/A,M,V,,39,110.5,91.5,82.81,80s,,,,,,,,,,,,,,,,,,,,,,,,,,,,,,
194,2014,1/15/2014,week3,Muskeget,PUP,,,NA,NA,N,NA,ND,,N,14MK00149,14MK00147,14MK00148, >45, >45, >45,ND,ND,ND,ND,ND,ND,#N/A,#N/A,#N/A,F,V,,53.6,109,106,97.25,90s,,,,,,,,,,,,,,,,,,,,,,,,,,,,,,
195,2014,1/15/2014,week3,Muskeget,PUP,,,NA,NA,N,NA,ND,,N,14MK00145,14MK00146,14MK00144, >45, >45, >45,ND,ND,ND,ND,ND,ND,#N/A,#N/A,#N/A,F,U,,40.8,107,101,94.39,90s,,,,,,,,,,,,,,,,,,,,,,,,,,,,,,
196,2014,1/15/2014,week3,Muskeget,PUP,,,NA,NA,N,NA,ND,,N,14MK00141,14MK00140,14MK00139, >45, >45, >45,ND,ND,ND,ND,ND,ND,#N/A,#N/A,#N/A,M,V,,37.6,114,94,82.46,80s,,,,,,,,,,,,,,,,,,,,,,,,,,,,,,
197,2014,1/15/2014,week3,Muskeget,PUP,,,NA,NA,N,NA,ND,,N,14MK00132,14MK00134,14MK00131, >45, >45, >45,ND,ND,ND,ND,ND,ND,#N/A,#N/A,#N/A,F,V,,47,114,U,NA,90s,,,,,,,,,,,,,,,,,,,,,,,,,,,,,,
198,2014,1/15/2014,week3,Muskeget,PUP,,,NA,NA,N,NA,ND,,P,14MK00135,14MK00138,14MK00136, >45, >45, >45,ND,ND,ND,ND,ND,ND,#N/A,#N/A,#N/A,M,V,,44.2,105,104,99.05,90s,,,,,,,,,,,,,,,,,,,,,,,,,,,,,,
199,2014,1/15/2014,week3,Muskeget,PUP,,,NA,NA,N,NA,ND,,P,14MK00091,14MK00094,14MK00093, >45, >45, >45,ND,ND,ND,ND,ND,ND,#N/A,#N/A,#N/A,M,IV,,47.4,121,U,NA,90s,,,,,,,,,,,,,,,,,,,,,,,,,,,,,,
200,2014,1/15/2014,week3,Muskeget,PUP,,,NA,NA,N,NA,ND,,N,14MK00006,14MK00004,14MK00005, >45, >45, >45,ND,ND,ND,ND,ND,ND,#N/A,#N/A,#N/A,F,V,,29.4,93,87,93.55,90s,,,,,,,,,,,,,,,,,,,,,,,,,,,,,,
201,2014,1/15/2014,week3,Muskeget,PUP,,,NA,NA,N,NA,ND,,N,14MK00015,14MK00014,14MK00013, >45, >45, >45,ND,ND,ND,ND,ND,ND,#N/A,#N/A,#N/A,M,V,,43.8,111,99,89.19,80s,,,,,,,,,,,,,,,,,,,,,,,,,,,,,,
202,2014,1/15/2014,week3,Muskeget,PUP,,,NA,NA,N,NA,ND,,P,14MK00029,14MK00028,14MK00030, >45, >45, >45,ND,ND,ND,ND,ND,ND,#N/A,#N/A,#N/A,F,V,,37.8,104,97,93.27,90s,,,,,,,,,,,,,,,,,,,,,,,,,,,,,,
203,2014,1/15/2014,week3,Muskeget,PUP,,,NA,NA,N,NA,ND,,N,14MK00010,14MK00011,14MK00012, >45, >45, >45,ND,ND,ND,ND,ND,ND,#N/A,#N/A,#N/A,M,V,,44.4,107,103,96.26,90s,,,,,,,,,,,,,,,,,,,,,,,,,,,,reported dead. on Smith Pt.  Mr. Trundel found the seal on Saturday (2-8 2014) high up on the beach,,
204,2014,1/16/2014,week3,Muskeget,PUP,,,NA,NA,N,NA,ND,,P,14MK00007,14MK00008,14MK00009, >45, >45, >45,ND,ND,ND,ND,ND,ND,#N/A,#N/A,#N/A,M,IV,,42.8,122,U,NA,90s,,,,,,,,,,,,,,,,,,,,,,,,,,,,,,
205,2014,1/15/2014,week3,Muskeget,PUP,,,NA,NA,N,NA,ND,,P,14MK00002,14MK00003,14MK00001, >45, >45, >45,ND,ND,ND,ND,ND,ND,#N/A,#N/A,#N/A,F,V,,35,103,93,90.29,90s,,,,,,,,,,,,,,,,,,,,,,,,,,,,,,
206,2014,1/17/2014,week3,Muskeget,PUP,,,NA,NA,N,NA,ND,,N,14MK00016,14MK00018,14MK00017, >45, >45, >45,ND,ND,ND,ND,ND,ND,#N/A,#N/A,#N/A,M,V,,39.6,104,93.5,89.90,80s,,,,,,,,,,,,,,,,,,,,,,,,,,,,,,
207,2014,1/15/2014,week3,Muskeget,PUP,,,NA,NA,N,NA,ND,,N,14MK00020,14MK00021,14MK00019, >45, >45, >45,ND,ND,ND,ND,ND,ND,#N/A,#N/A,#N/A,F,V,,35.2,108,88,81.48,80s,,,,,,,,,,,,,,,,,,,,,,,,,,,,,,
208,2014,1/15/2014,week3,Muskeget,PUP,,,NA,NA,N,NA,ND,,N,14MK00040,14MK00042,14MK00041, >45, >45, >45,ND,ND,ND,ND,ND,ND,#N/A,#N/A,#N/A,F,III,,42.8,107,101.5,94.86,90s,,,,,,,,,,,,,,,,,,,,,,,,,,,,,,
209,2014,1/15/2014,week3,Muskeget,PUP,,,NA,NA,N,NA,ND,,N,14MK00047,14MK00046,14MK00048, >45, >45, >45,ND,ND,ND,ND,ND,ND,#N/A,#N/A,#N/A,M,V,,42.8,107,103,96.26,90s,,,,,,,,,,,,,,,,,,,,,,,,,,,,,,
210,2014,1/15/2014,week3,Muskeget,PUP,,,NA,NA,N,NA,ND,,N,14MK00050,14MK00049,14MK00051, >45, >45, >45,ND,ND,ND,ND,ND,ND,#N/A,#N/A,#N/A,M,V,,42,113,98,86.73,80s,,,,,,,,,,,,,,,,,,,,,,,,,,,,,,
211,2014,1/17/2014,week3,Muskeget,PUP,,,NA,NA,N,NA,ND,,P,14MK00054,14MK00053,14MK00052, >45, >45, >45,ND,ND,ND,ND,ND,ND,#N/A,#N/A,#N/A,F,V,,52.4,110.8,110.8,100.00,90s,,,,,,,,,,,,,,,,,,,,,,,,,,,,,,
212,2020,1/30/2020,week 5,Great Point,PUP,,,NA,NA,NEG,NA,ND,,N,18MK00406,18MK00407,18MK00408,Undetermined,Undetermined,Undetermined,0,0,0,ND,ND,ND,,U,U,M,U,U,37.2,108,95,87.96,80s,19,27,ND,,ND,ND,ND,,YES,,YES,,YES,YES,ND,YES,ND,ND,,,ND,YES,YES,,,,,,,
213,2014,1/16/2014,week3,Muskeget,PUP,,,NA,NA,N,NA,ND,N,N,14MK00060,14MK00058,14MK00059, >45, >45, >45,ND,ND,ND,ND,ND,ND,61.07717934,#N/A,#N/A,M,V,,45.6,107,102,95.33,90s,,,,,,,,,,,,,,,,,,,,,,,,,,,,,,
214,2014,1/14/2014,week2,Muskeget,PUP,,,NA,NA,N,NA,ND,,N,14MK00061,14MK00063,14MK00062, >45, >45, >45,ND,ND,ND,ND,ND,ND,#N/A,#N/A,#N/A,M,III,,51.4,116.5,U,NA,90s,,,,,,,,,,,,,,,,,,,,,,,,,,,,,,
215,2014,1/14/2014,week2,Muskeget,PUP,,,NA,NA,N,NA,ND,,N,14MK00064,14MK00066,14MK00065, >45, >45, >45,ND,ND,ND,ND,ND,ND,#N/A,#N/A,#N/A,F,III,,38.4,106,94,88.68,80s,,,,,,,,,,,,,,,,,,,,,,,,,,,,,,
216,2014,1/15/2014,week3,Muskeget,PUP,,,NA,NA,N,NA,ND,,N,14MK00069,14MK00067,14MK00068, >45, >45, >45,ND,ND,ND,ND,ND,ND,#N/A,#N/A,#N/A,M,V,,44.4,107,111,103.74,90s,,,,,,,,,,,,,,,,,,,,,,,,,,,,,,
217,2014,1/14/2014,week2,Muskeget,PUP,,,NA,NA,P,Con,ND,,N,14MK00072,14MK00070,14MK00071, >45,POS, >45,ND,ND,ND,ND,ND,ND,#N/A,#N/A,#N/A,M,U,,36.6,U,97,NA,90s,,,,,,,,,,,,,,,,,,,,,,,,,,,,,,
218,2014,1/15/2014,week3,Muskeget,PUP,,,NA,NA,N,NA,ND,,N,14MK00074,14MK00075,14MK00073, >45, >45, >45,ND,ND,ND,ND,ND,ND,#N/A,#N/A,#N/A,M,V,,35.8,106,91,85.85,80s,,,,,,,,,,,,,,,,,,,,,,,,,,,,,,
219,2014,1/15/2014,week3,Muskeget,PUP,,,NA,NA,N,NA,ND,,N,14MK00077,14MK00078,14MK00076, >45, >45, >45,ND,ND,ND,ND,ND,ND,#N/A,#N/A,#N/A,M,V,,42.6,107,99,92.52,90s,,,,,,,,,,,,,,,,,,,,,,,,,,,,,,
220,2014,1/17/2014,week3,Muskeget,PUP,,,NA,NA,N,NA,ND,,N,14MK00039,14MK00038,14MK00037, >45, >45, >45,ND,ND,ND,ND,ND,ND,#N/A,#N/A,#N/A,U,U,,50.2,112.5,107,95.11,90s,,,,,,,,,,,,,,,,,,,,,,,,,,,,,,
221,2014,1/14/2014,week2,Muskeget,PUP,,,NA,NA,N,NA,ND,,N,14MK00035,14MK00036,14MK00034, >45, >45, >45,ND,ND,ND,ND,ND,ND,#N/A,#N/A,#N/A,M,V,,U,U,90,NA,90s,,,,,,,,,,,,,,,,,,,,,,,,,,,,,,
223,2014,1/14/2014,week2,Muskeget,PUP,,,NA,NA,N,NA,ND,,N,14MK00024,14MK00022,14MK00023, >45, >45, >45,ND,ND,ND,ND,ND,ND,#N/A,#N/A,#N/A,F,IV,,37.6,111,87.5,78.83,70s,,,,,,,,,,,,,,,,,,,,,,,,,,,,,,
224,2014,1/17/2014,week3,Muskeget,PUP,,,NA,NA,N,NA,ND,,N,14MK00031,14MK00033,14MK00032, >45, >45, >45,ND,ND,ND,ND,ND,ND,#N/A,#N/A,#N/A,M,U,,37.8,114,U,NA,90s,,,,,,,,,,,,,,,,,,,,,,,,,,,,,,
225,2014,1/15/2014,week3,Muskeget,PUP,,,NA,NA,N,NA,ND,,N,14MK00045,14MK00043,14MK00044, >45, >45, >45,ND,ND,ND,ND,ND,ND,#N/A,#N/A,#N/A,U,III,,23.8,96,80,83.33,80s,,,,,,,,,,,,,,,,,,,,,,,,,,,,,,
226,2014,1/17/2014,week3,Muskeget,PUP,,,NA,NA,N,NA,ND,,N,14MK00194,14MK00195,14MK00193, >45, >45, >45,ND,ND,ND,ND,ND,ND,#N/A,#N/A,#N/A,M,IV,,41,103,94,91.26,90s,,,,,,,,,,,,,,,,,,,,,,,,,,,,,,
227,2014,1/17/2014,week3,Muskeget,PUP,,,NA,NA,N,NA,ND,,N,14MK00620,14MK00622,14MK00621, >45, >45, >45,ND,ND,ND,ND,ND,ND,#N/A,#N/A,#N/A,M,III,,31.4,93,88,94.62,90s,,,,,,,,,,,,,,,,,,,,,,,,,,,,,,
228,2020,1/30/2020,week 5,Great Point,PUP,,,NA,NA,NEG,NA,ND,,N,18MK00232,18MK00233,18MK00234,Undetermined,Undetermined,Undetermined,0,0,0,ND,ND,ND,,U,U,F,V,NA,36.8,111,89.5,80.63,80s,20,29,YES,,Yes,ND,ND,,YES,,YES,,YES,YES,ND,YES,ND,ND,,,YES,YES,YES,,,,,,,
229,2014,1/18/2014,week3,Muskeget,PUP,,,NA,NA,N,NA,ND,,N,14MK00189,14MK00187,14MK00188, >45, >45, >45,ND,ND,ND,ND,ND,ND,#N/A,#N/A,#N/A,M,III,,47.4,123.1,U,NA,90s,,,,,,,,,,,,,,,,,,,,,,,,,,,,,,
230,2014,1/17/2014,week3,Muskeget,PUP,,,NA,NA,N,NA,ND,,N,14MK00629,14MK00630,14MK00631, >45, >45, >45,ND,ND,ND,ND,ND,ND,#N/A,#N/A,#N/A,M,V,,44.6,110,93,84.55,80s,,,,,,,,,,,,,,,,,,,,,,,,,,,,,,
231,2014,1/17/2014,week3,Muskeget,PUP,,,NA,NA,N,NA,ND,,N,14MK00627,14MK00626,14MK00628, >45, >45, >45,ND,ND,ND,ND,ND,ND,#N/A,#N/A,#N/A,M,V,,54,118,106.5,90.25,90s,,,,,,,,,,,,,,,,,,,,,,,,,,,,,,
232,2014,1/17/2014,week3,Muskeget,PUP,,,NA,NA,N,NA,ND,,N,14MK00619,14MK00617,14MK00618, >45, >45, >45,ND,ND,ND,ND,ND,ND,#N/A,#N/A,#N/A,M,V,,44.2,117,U,NA,90s,,,,,,,,,,,,,,,,,,,,,,,,,,,,,,
234,2014,1/17/2014,week3,Muskeget,PUP,,,NA,NA,N,NA,ND,,N,14MK00634,14MK00633,14MK00632, >45, >45, >45,ND,ND,ND,ND,ND,ND,#N/A,#N/A,#N/A,F,V,,42.4,106,100,94.34,90s,,,,,,,,,,,,,,,,,,,,,,,,,,,,,,
235,2018,2/14/2018,week7,Muskeget,PUP,,live,NA,NA,N,NA,WEAK,PDV,P,18MK00418,18MK00419,18MK00420,>45,>45,>45,43.71344757,>45,>45,ND,ND,ND,#N/A,41.33619,-70.30703,F,V,NA,40.3,108,106,98.15,90s,19,27,Y,Y,N,N,N,N,,NA,,,,,,,no,no,,,,,,,U,inland  ,2 pups,,,
236,2014,1/18/2014,week3,Muskeget,PUP,,,NA,NA,N,NA,ND,,N,14MK00603,14MK00604,14MK00602, >45, >45, >45,ND,ND,ND,ND,ND,ND,#N/A,#N/A,#N/A,F,V,,44.4,112.6,99.7,88.54,80s,,,,,,,,,,,,,,,,,,,,,,,,,,,,,,
237,2014,1/18/2014,week3,Muskeget,PUP,,,NA,NA,N,NA,ND,,N,14MK00610,14MK00608,14MK00609, >45, >45, >45,ND,ND,ND,ND,ND,ND,#N/A,#N/A,#N/A,U,V,,47.8,116.3,U,NA,90s,,,,,,,,,,,,,,,,,,,,,,,,,,,,,,
238,2018,2/14/2018,week7,Muskeget,PUP,,live,NA,NA,N,NA,N,IAV seropos,P,18MK00421,18MK00422,18MK00423,>45,>45,>45,>45,>45,>45,ND,ND,ND,#N/A,41.33635,-70.3066,F,V,NA,41,117,103,88.03,80s,19,28,Y,Y,N,N,N,N,,NA,,,,,,,no,no,,,,,,,U,ND,ND,,,
239,2014,1/17/2014,week3,Muskeget,PUP,,,NA,NA,N,NA,ND,,N,14MK00198,14MK00196,14MK00197, >45, >45, >45,ND,ND,ND,ND,ND,ND,#N/A,#N/A,#N/A,M,V,,47,118.5,99.8,84.22,80s,,,,,,,,,,,,,,,,,,,,,,,,,,,,,,
240,2018,2/14/2018,week7,Muskeget,PUP,,live,NA,NA,N,NA,N,None detected,N,18MK00424,18MK00425,18MK00426,>45,>45,>45,>45,>45,>45,ND,ND,ND,#N/A,41.33657,-70.30589,F,V,NA,37.2,103,93,90.29,90s,18,26,Y,Y,N,N,N,N,,NA,,,,,,,no,no,,,,,,,U,near pond,1 pup,,,
241,2018,2/14/2018,week7,Muskeget,PUP,,live,NA,NA,N,NA,N,None detected,N,18MK00427,18MK00428,18MK00429,>45,>45,>45,>45,>45,>45,ND,ND,ND,#N/A,41.33609,-70.3073,M,V,NA,36.6,110,98,89.09,80s,23,26,Y,Y,N,N,N,N,,NA,,,,,,,no,no,,,,,,,U,inland,none,,,
242,2014,1/17/2014,week3,Muskeget,PUP,,,NA,NA,N,NA,ND,,N,14MK00159,14MK00157,14MK00158, >45, >45, >45,ND,ND,ND,ND,ND,ND,#N/A,#N/A,#N/A,F,V,,U,114.3,110.5,96.68,90s,,,,,,,,,,,,,,,,,,,,,,,,,,,,,,
243,2014,1/17/2014,week3,Muskeget,PUP,,,NA,NA,N,NA,ND,,N,14MK00179,14MK00180,14MK00178, >45, >45, >45,ND,ND,ND,ND,ND,ND,#N/A,#N/A,#N/A,M,V,,51,122,105,86.07,80s,,,,,,,,,,,,,,,,,,,,,,,,,,,,,,
244,2014,1/17/2014,week3,Muskeget,PUP,,,NA,NA,N,NA,ND,,N,14MK00175,14MK00176,14MK00177, >45, >45, >45,ND,ND,ND,ND,ND,ND,#N/A,#N/A,#N/A,M,U,,47.4,110,101.5,92.27,90s,,,,,,,,,,,,,,,,,,,,,,,,,,,,,,
245,2014,1/17/2014,week3,Muskeget,PUP,,,NA,NA,N,NA,ND,,P,14MK00169,14MK00171,14MK00170, >45, >45, >45,ND,ND,ND,ND,ND,ND,#N/A,#N/A,#N/A,M,III,,36.8,111.6,93.7,83.96,80s,,,,,,,,,,,,,,,,,,,,,,,,,,,,,,
246,2020,1/30/2020,week 5,Great Point,PUP,,,NA,NA,NEG,NA,ND,,N,18MK00235,18MK00236,18MK00237,Undetermined,Undetermined,Undetermined,0,0,0,ND,ND,ND,,U,U,F,V,NA,24.8,94,79,84.04,80s,20,26,YES,,Yes,ND,ND,,YES,,YES,,YES,YES,ND,YES,YES,YES,,,YES,YES,YES,,,,,,,
247,2014,1/17/2014,week3,Muskeget,PUP,,,NA,NA,N,NA,ND,,N,14MK00156,14MK00155,14MK00154, >45, >45, >45,ND,ND,ND,ND,ND,ND,#N/A,#N/A,#N/A,M,V,,47.8,107,104,97.20,90s,,,,,,,,,,,,,,,,,,,,,,,,,,,,,,
248,2020,1/30/2020,week 5,Great Point,PUP,,,NA,177503,N,NA,ND,,N,18MK00238,18MK00239,18MK00240,Undetermined,Undetermined,Undetermined,0,0,0,ND,ND,ND,,U,U,M,V,NA,35.4,96,93,96.88,90s,20,27,YES,,Yes,ND,ND,,YES,,YES,,YES,YES,ND,YES,ND,ND,,,YES,YES,YES,,,,,,,
249,2014,1/17/2014,week3,Muskeget,PUP,,,NA,NA,N,NA,ND,,#N/A,14MK00181,14MK00182,14MK00182, >45, >45, >45,ND,ND,ND,ND,ND,ND,#N/A,#N/A,#N/A,F,U,,38.4,U,U,NA,90s,,,,,,,,,,,,,,,,,,,,,,,,,,,,,,
250,2014,1/17/2014,week3,Muskeget,PUP,,,NA,NA,N,NA,ND,,N,14MK00152,14MK00153,14MK00151, >45, >45, >45,ND,ND,ND,ND,ND,ND,#N/A,#N/A,#N/A,M,V,,52.8,121.2,108.3,89.36,80s,,,,,,,,,,,,,,,,,,,,,,,,,,,,,,
251,2014,1/15/2014,week3,Muskeget,PUP,,,NA,NA,N,NA,ND,,N,14MK00697,14MK00695,14MK00696, >45, >45, >45,ND,ND,ND,ND,ND,ND,#N/A,#N/A,#N/A,F,IV,,46.4,101,107,105.94,90s,,,,,,,,,,,,,,,,,,,,,,,,,,,,,,
252,2014,1/16/2014,week3,Muskeget,PUP,,,NA,NA,N,NA,ND,,N,14MK00689,14MK00691,14MK00690, >45, >45, >45,ND,ND,ND,ND,ND,ND,#N/A,#N/A,#N/A,F,IV,,27,93,68,73.12,70s,,,,,,,,,,,,,,,,,,,,,,,,,,,,,,
253,2014,1/16/2014,week3,Muskeget,PUP,,,NA,NA,N,NA,ND,,N,14MK00694,14MK00693,14MK00692, >45, >45, >45,ND,ND,ND,ND,ND,ND,#N/A,#N/A,#N/A,M,III,,31.6,91,84,92.31,90s,,,,,,,,,,,,,,,,,,,,,,,,,,,,,,
254,2014,1/16/2014,week3,Muskeget,PUP,,,NA,NA,N,NA,ND,N,N,14MK00699,14MK00700,14MK00698, >45, >45, >45,ND,ND,ND,ND,ND,ND,101.845958,#N/A,#N/A,U,V,,57.6,120,109,90.83,90s,,,,,,,,,,,,,,,,,,,,,,,,,,,,,,
255,2014,1/16/2014,week3,Muskeget,PUP,,,NA,NA,N,NA,ND,,N,14MK00686,14MK00687,14MK00688, >45, >45, >45,ND,ND,ND,ND,ND,ND,#N/A,#N/A,#N/A,M,III,,48.2,106.5,U,NA,90s,,,,,,,,,,,,,,,,,,,,,,,,,,,,,,
256,2014,1/15/2014,week3,Muskeget,PUP,,,NA,NA,N,NA,ND,,N,14MK00684,14MK00683,14MK00685, >45, >45, >45,ND,ND,ND,ND,ND,ND,#N/A,#N/A,#N/A,M,V,,51,125,104.5,83.60,80s,,,,,,,,,,,,,,,,,,,,,,,,,,,,,,
257,2014,1/16/2014,week3,Muskeget,PUP,,,NA,NA,N,NA,ND,,N,14MK00706,14MK00705,14MK00704, >45, >45, >45,ND,ND,ND,ND,ND,ND,#N/A,#N/A,#N/A,M,III,,42.4,108,97,89.81,80s,,,,,,,,,,,,,,,,,,,,,,,,,,,,,,
258,2014,1/16/2014,week3,Muskeget,PUP,,,NA,NA,N,NA,ND,N,N,14MK00680,14MK00682,14MK00681, >45, >45, >45,ND,ND,ND,ND,ND,ND,265.3867871,#N/A,#N/A,F,III,,37.8,96,98,102.08,90s,,,,,,,,,,,,,,,,,,,,,,,,,,,,,,
259,2014,1/16/2014,week3,Muskeget,PUP,,,NA,NA,P,NAS/Con,ND,,N,14MK00676,14MK00675,14MK00674,POS,POS, >45,ND,ND,ND,ND,ND,ND,#N/A,#N/A,#N/A,F,IV,,52.4,116,108,93.10,90s,,,,,,,,,,,,,,,,,,,,,,,,,,,,,,
260,2014,1/16/2014,week3,Muskeget,PUP,,,NA,NA,N,NA,ND,,P,14MK00670,NA,14MK00669, >45,ND, >45,ND,ND,ND,ND,ND,ND,#N/A,41.33609,#N/A,F,U,,44.8,113,U,NA,90s,,,,,,,,,,,,,,,,,,,,,,,,,,,,,,
260,2018,2/14/2018,week7,Muskeget,PUP,,live,NA,NA,N,NA,N,IAV seropos,P,18MK00436,18MK00437,18MK00438,>45,>45,>45,>45,>45,>45,ND,ND,ND,#N/A,41.5572,-69.9914,F,V,NA,39.8,104,98.5,94.71,90s,20,30,Y,Y,N,N,N,N,,NA,,,,,,,no,no,,,,,,,U,sand,none,,,
261,2014,1/16/2014,week3,Muskeget,PUP,,,NA,NA,N,NA,ND,,N,14MK00671,14MK00673,14MK00672, >45, >45, >45,ND,ND,ND,ND,ND,ND,#N/A,#N/A,#N/A,F,III,,45.2,100,104,104.00,90s,,,,,,,,,,,,,,,,,,,,,,,,,,,,,,
262,2014,1/15/2014,week3,Muskeget,PUP,,,NA,NA,N,NA,ND,,N,14MK00678,14MK00679,14MK00677, >45, >45, >45,ND,ND,ND,ND,ND,ND,#N/A,#N/A,#N/A,F,IV,,44.7,110,U,NA,90s,,,,,,,,,,,,,,,,,,,,,,,,,,,,,,
263,2014,1/16/2014,week3,Muskeget,PUP,,,NA,NA,N,NA,ND,,#N/A,14MK00667,14MK00665,14MK00666, >45, >45, >45,ND,ND,ND,ND,ND,ND,#N/A,#N/A,#N/A,M,III,,46.8,113,109,96.46,90s,,,,,,,,,,,,,,,,,,,,,,,,,,,,,,
264,2020,1/30/2020,week 5,Great Point,PUP,,,NA,NA,NEG,NA,ND,,N,18MK00241,18MK00242,18MK00243,Undetermined,Undetermined,Undetermined,0,0,0,ND,ND,ND,,U,U,M,V,100%,33.2,110,93,84.55,80s,22.5,26,YES,,Yes,ND,ND,,YES,,YES,,YES,YES,ND,YES,ND,ND,,,YES,YES,YES,,,,,,,
265,2014,1/17/2014,week3,Muskeget,PUP,,,NA,NA,N,NA,ND,,P,14MK00654,14MK00655,14MK00653, >45, >45, >45,ND,ND,ND,ND,ND,ND,#N/A,#N/A,#N/A,F,III,,53.6,110,109,99.09,90s,,,,,,,,,,,,,,,,,,,,,,,,,,,,"No.#265 was found dead in Madekat Harbor; End of North Cambridge St. (which is near Madekat Marine). Two other seals were reported in the area. 3/18/2014. Edith Ray, ",,
266,2014,1/16/2014,week3,Muskeget,PUP,,,NA,NA,P,Con,ND,,P,14MK00648,14MK00649,14MK00647, >45,POS, >45,ND,ND,ND,ND,ND,ND,#N/A,#N/A,#N/A,F,V,,43.4,99,98,98.99,90s,,,,,,,,,,,,,,,,,,,,,,,,,,,,,,
267,2014,1/16/2014,week3,Muskeget,PUP,,,NA,NA,N,NA,ND,,N,14MK00645,14MK00646,14MK00644, >45, >45, >45,ND,ND,ND,ND,ND,ND,#N/A,#N/A,#N/A,M,IV,,41.2,101,102.5,101.49,90s,,,,,,,,,,,,,,,,,,,,,,,,,,,,,,
268,2014,1/16/2014,week3,Muskeget,PUP,,,NA,NA,N,NA,ND,,N,14MK00657,14MK00658,14MK00656, >45, >45, >45,ND,ND,ND,ND,ND,ND,#N/A,#N/A,#N/A,M,V,,40,100,95,95.00,90s,,,,,,,,,,,,,,,,,,,,,,,,,,,,,,
269,2014,1/17/2014,week3,Muskeget,PUP,,,NA,NA,N,NA,ND,,N,14MK00652,14MK00651,14MK00650, >45, >45, >45,ND,ND,ND,ND,ND,ND,#N/A,#N/A,#N/A,M,U,,42.2,112.4,101.2,90.04,90s,,,,,,,,,,,,,,,,,,,,,,,,,,,,,,
270,2014,1/16/2014,week3,Muskeget,PUP,,,NA,NA,P,NAS,ND,Y,N,14MK00660,14MK00659,14MK00661,POS, >45, >45,ND,ND,ND,ND,ND,ND,132.5556734,#N/A,#N/A,M,III,,51,113,107,94.69,90s,,,,,,,,,,,,,,,,,,,,,,,,,,,,,,
271,2014,1/16/2014,week3,Muskeget,PUP,,,NA,NA,N,NA,ND,,N,14MK00643,14MK00642,14MK00641, >45, >45, >45,ND,ND,ND,ND,ND,ND,#N/A,#N/A,#N/A,M,V,,39,113,99,87.61,80s,,,,,,,,,,,,,,,,,,,,,,,,,,,,"Reported dead on Jan 24, 2014 at 4:23 PM at Washington Street beach. Picked up and necropsied by WHOI on 2/7/2014",,
272,2014,1/16/2014,week3,Muskeget,PUP,,,NA,NA,N,NA,ND,,P,14MK00637,14MK00636,14MK00635, >45, >45, >45,ND,ND,ND,ND,ND,ND,#N/A,#N/A,#N/A,M,IV,,50.2,117,106,90.60,90s,,,,,,,,,,,,,,,,,,,,,,,,,,,,,,
273,2014,1/16/2014,week3,Muskeget,PUP,,,NA,NA,N,NA,ND,,N,NA,14MK00638,14MK00640,ND, >45, >45,ND,ND,ND,ND,ND,ND,#N/A,#N/A,#N/A,M,V,,46,112,107,95.54,90s,,,,,,,,,,,,,,,,,,,,,,,,,,,,,,
274,2014,1/16/2014,week3,Muskeget,PUP,,,NA,NA,P,NAS,ND,,N,14MK00702,14MK00701,14MK00703,POS, >45, >45,ND,ND,ND,ND,ND,ND,#N/A,#N/A,#N/A,M,IV,,40.4,111,101.5,91.44,90s,,,,,,,,,,,,,,,,,,,,,,,,,,,,,,
275,2020,1/30/2020,week 5,Great Point,PUP,,,NA,NA,NEG,NA,ND,,N,18MK00244,18MK00245,18MK00246,Undetermined,Undetermined,Undetermined,0,0,0,ND,ND,ND,,U,U,M,V,100%,24.4,89,79.5,89.33,80s,19,27,ND,,ND,ND,ND,,ND,,ND,,YES,YES,ND,YES,YES,YES,,,ND,YES,ND,,,,,,left eye was goopy,
276,2014,1/17/2014,week3,Muskeget,PUP,,,NA,NA,N,NA,ND,,N,14MK00161,14MK00160,14MK00162, >45, >45, >45,ND,ND,ND,ND,ND,ND,#N/A,#N/A,#N/A,F,V,,26.2,100,76,76.00,70s,,,,,,,,,,,,,,,,,,,,,,,,,,,,,,
300,2015,1/12/2015,week2,Monomoy,PUP,,,NA,NA,N,NA,ND,,N,15MK00603,15MK00601,15MK00602, >45, >45, >45,ND,ND,ND,ND,ND,ND,#N/A,#N/A,#N/A,M,V,,25.2,102,76,74.51,70s,,,,,,,,,,,,,,,,,,,,,,,,,,,,,,
301,2015,1/12/2015,week2,Monomoy,PUP,,,NA,NA,P,RCS,ND,,N,15MK00604,15MK00605,15MK00606, >45, >45,POS,ND,ND,ND,ND,ND,ND,#N/A,#N/A,#N/A,F,II,,30.2,95,91,95.79,90s,,,,,,,,,,,,,,,,,,,,,,,,,,,,,,
302,2015,1/12/2015,week2,Monomoy,PUP,,,NA,NA,N,NA,ND,,N,15MK00607,15MK00609,15MK00608, >45, >45, >45,ND,ND,ND,ND,ND,ND,#N/A,#N/A,#N/A,F,III,,14.4,100.5,80,79.60,70s,,,,,,,,,,,,,,,,,,,,,,,,,,,,,,
303,2015,1/12/2015,week2,Monomoy,PUP,,,NA,NA,N,NA,ND,,N,15MK00610,15MK00611,15MK00612, >45, >45, >45,ND,ND,ND,ND,ND,ND,#N/A,#N/A,#N/A,M,IV,,47.8,102,110,107.84,90s,,,,,,,,,,,,,,,,,,,,,,,,,,,,,,
304,2015,1/12/2015,week2,Monomoy,PUP,,,NA,NA,N,NA,ND,,N,15MK00615,15MK00614,15MK00613, >45, >45, >45,ND,ND,ND,ND,ND,ND,#N/A,#N/A,#N/A,F,III,,36.6,107,100,93.46,90s,,,,,,,,,,,,,,,,,,,,,,,,,,,,,,
305,2015,1/13/2015,week2,Monomoy,PUP,,,NA,NA,P,NAS,ND,,N,15MK00617,15MK00616,15MK00618,POS, >45, >45,ND,ND,ND,ND,ND,ND,#N/A,#N/A,#N/A,M,IV,,48.4,118,106,89.83,80s,,,,,,,,,,,,,,,,,,,,,,,,,,,,,,
306,2015,1/13/2015,week2,Monomoy,PUP,,,NA,NA,P,U,ND,,P,15MK00620,15MK00619,15MK00621,Pooled(POS),Pooled(POS),Pooled(POS),ND,ND,ND,ND,ND,ND,#N/A,#N/A,#N/A,M,II,,42.4,107.5,102.5,95.35,90s,,,,,,,,,,,,,,,,,,,,,,,,,,,,,,
307,2015,1/13/2015,week2,Monomoy,PUP,,,NA,NA,N,NA,ND,,N,15MK00623,15MK00622,15MK00624, >45, >45, >45,ND,ND,ND,ND,ND,ND,#N/A,#N/A,#N/A,F,III,,37.4,105,98,93.33,90s,,,,,,,,,,,,,,,,,,,,,,,,,,,,,,
308,2015,1/13/2015,week2,Monomoy,PUP,,,NA,NA,P,NAS,ND,,N,15MK00627,15MK00626,15MK00625,POS, >45, >45,ND,ND,ND,ND,ND,ND,#N/A,#N/A,#N/A,F,III,,39.6,108,103,95.37,90s,,,,,,,,,,,,,,,,,,,,,,,,,,,,,,
309,2015,1/13/2015,week2,Monomoy,PUP,,,NA,NA,N,NA,ND,,N,15MK00629,15MK00630,15MK00628, >45, >45, >45,ND,ND,ND,ND,ND,ND,#N/A,#N/A,#N/A,M,III,,31,97,89.5,92.27,90s,,,,,,,,,,,,,,,,,,,,,,,,,,,,,,
310,2015,1/14/2015,week2,Monomoy,PUP,,,NA,NA,N,NA,ND,N,N,15MK00632,15MK00631,15MK00633, >45, >45, >45,ND,ND,ND,ND,ND,ND,52.99145299,#N/A,#N/A,F,III,,29,102,92,90.20,90s,,,,,,,,,,,,,,,,,,,,,,,,,,,,,,
311,2015,1/14/2015,week2,Monomoy,PUP,,,NA,NA,N,NA,ND,,N,15MK00636,15MK00635,15MK00634, >45, >45, >45,ND,ND,ND,ND,ND,ND,#N/A,#N/A,#N/A,M,III,,36,114,105,92.11,90s,,,,,,,,,,,,,,,,,,,,,,,,,,,,,,
312,2015,1/14/2015,week2,Monomoy,PUP,,,NA,NA,P,NAS,ND,Y,P,15MK00639,15MK00637,15MK00638,POS, >45, >45,ND,ND,ND,ND,ND,ND,391.0614525,#N/A,#N/A,F,V,,35.6,117,104,88.89,80s,,,,,,,,,,,,,,,,,,,,,,,,,,,,,,
313,2015,1/14/2015,week2,Muskeget,PUP,,,NA,NA,N,NA,ND,,N,15MK00640,15MK00642,15MK00641, >45, >45, >45,ND,ND,ND,ND,ND,ND,#N/A,#N/A,#N/A,M,III,,29.4,114,91,79.82,70s,,,,,,,,,,,,,,,,,,,,,,,,,,,,,,
314,2015,1/14/2015,week2,Muskeget,PUP,,,NA,NA,N,NA,ND,,N,15MK00644,15MK00645,15MK00643, >45, >45, >45,ND,ND,ND,ND,ND,ND,#N/A,#N/A,#N/A,M,IV,,26.6,102,86,84.31,80s,,,,,,,,,,,,,,,,,,,,,,,,,,,,,,
315,2015,1/13/2015,week2,Muskeget,PUP,,,NA,NA,N,NA,ND,,N,15MK00646,15MK00648,15MK00647, >45, >45, >45,ND,ND,ND,ND,ND,ND,#N/A,#N/A,#N/A,M,V,,48.2,126,107,84.92,80s,,,,,,,,,,,,,,,,,,,,,,,,,,,,,,
316,2015,1/13/2015,week2,Monomoy,PUP,,,NA,NA,N,NA,ND,,P,15MK00649,15MK00650,15MK00651, >45, >45, >45,ND,ND,ND,ND,ND,ND,#N/A,#N/A,#N/A,F,V,,41,109,103,94.50,90s,,,,,,,,,,,,,,,,,,,,,,,,,,,,,,
317,2015,1/13/2015,week2,Muskeget,PUP,,,NA,NA,N,NA,ND,,N,15MK00653,15MK00654,15MK00652, >45, >45, >45,ND,ND,ND,ND,ND,ND,#N/A,#N/A,#N/A,F,III,,38,106,99,93.40,90s,,,,,,,,,,,,,,,,,,,,,,,,,,,,,,
318,2015,1/13/2015,week2,Muskeget,PUP,,,NA,NA,N,NA,ND,,N,15MK00657,15MK00656,15MK00655, >45, >45, >45,ND,ND,ND,ND,ND,ND,#N/A,#N/A,#N/A,F,IV,,38.2,112,95.5,85.27,80s,,,,,,,,,,,,,,,,,,,,,,,,,,,,,,
319,2015,1/13/2015,week2,Muskeget,PUP,,,NA,NA,N,NA,ND,,N,15MK00660,15MK00658,15MK00659, >45, >45, >45,ND,ND,ND,ND,ND,ND,#N/A,#N/A,#N/A,F,II,,29.8,114,87,76.32,70s,,,,,,,,,,,,,,,,,,,,,,,,,,,,,,
320,2015,1/12/2015,week2,Monomoy,PUP,,,NA,NA,P,U,ND,Y,N,15MK00661,15MK00663,15MK00662,Pooled(POS),Pooled(POS),Pooled(POS),ND,ND,ND,ND,ND,ND,444.9648712,#N/A,#N/A,M,III,,33,104,93,89.42,80s,,,,,,,,,,,,,,,,,,,,,,,,,,,,,,
321,2015,1/12/2015,week2,Monomoy,PUP,,,NA,NA,N,NA,ND,,N,15MK00665,15MK00666,15MK00664, >45, >45, >45,ND,ND,ND,ND,ND,ND,#N/A,#N/A,#N/A,M,III,,26.4,113,82,72.57,70s,,,,,,,,,,,,,,,,,,,,,,,,,,,,"stranded on Loveladies Long Beach Island NJ, reported to Mendy by MMSC on Feb12, 2015. Photo provided. ",,
322,2015,1/12/2015,week2,Muskeget,PUP,,,NA,NA,N,NA,ND,,N,15MK00668,15MK00667,15MK00669, >45, >45, >45,ND,ND,ND,ND,ND,ND,#N/A,#N/A,#N/A,M,III,,44.2,110,104,94.55,90s,,,,,,,,,,,,,,,,,,,,,,,,,,,,,,
323,2015,1/12/2015,week2,Muskeget,PUP,,,NA,NA,N,NA,ND,,N,15MK00672,15MK00670,15MK00671, >45, >45, >45,ND,ND,ND,ND,ND,ND,#N/A,#N/A,#N/A,M,IV,,22.8,104,79.5,76.44,70s,,,,,,,,,,,,,,,,,,,,,,,,,,,,,,
324,2015,1/12/2015,week2,Muskeget,PUP,,,NA,NA,N,NA,ND,,N,15MK00675,15MK00673,15MK00674, >45, >45, >45,ND,ND,ND,ND,ND,ND,#N/A,#N/A,#N/A,F,III,,55.2,110,112,101.82,90s,,,,,,,,,,,,,,,,,,,,,,,,,,,,,,
325,2015,1/13/2015,week2,Muskeget,PUP,,,NA,NA,N,NA,ND,N,N,15MK00678,15MK00677,15MK00676, >45, >45, >45,ND,ND,ND,ND,ND,ND,0,#N/A,#N/A,F,V,,32.4,111,94,84.68,80s,,,,,,,,,,,,,,,,,,,,,,,,,,,,,,
326,2015,1/13/2015,week2,Muskeget,PUP,,,NA,NA,N,NA,ND,N,N,15MK00680,15MK00679,15MK00681, >45, >45, >45,ND,ND,ND,ND,ND,ND,227.2727273,#N/A,#N/A,F,IV,,27.4,U,102,NA,90s,,,,,,,,,,,,,,,,,,,,,,,,,,,,,,
327,2015,1/13/2015,week2,Muskeget,PUP,,,NA,NA,N,NA,ND,,N,15MK00682,15MK00683,15MK00684, >45, >45, >45,ND,ND,ND,ND,ND,ND,#N/A,#N/A,#N/A,M,II,,27.6,100,87,87.00,80s,,,,,,,,,,,,,,,,,,,,,,,,,,,,,,
328,2015,1/13/2015,week2,Muskeget,PUP,,,NA,NA,N,NA,ND,N,N,15MK00687,15MK00686,15MK00685, >45, >45, >45,ND,ND,ND,ND,ND,ND,27.48763057,#N/A,#N/A,M,IV,,30.2,104.5,100,95.69,90s,,,,,,,,,,,,,,,,,,,,,,,,,,,,,,
329,2015,1/13/2015,week2,Muskeget,PUP,,,NA,NA,N,NA,ND,N,N,15MK00689,15MK00688,15MK00690, >45, >45, >45,ND,ND,ND,ND,ND,ND,376.0683761,#N/A,#N/A,M,III,,33.8,114,97,85.09,80s,,,,,,,,,,,,,,,,,,,,,,,,,,,,,,
330,2015,1/12/2015,week2,Muskeget,PUP,,,NA,NA,N,NA,ND,,N,15MK00692,15MK00691,15MK00693, >45, >45, >45,ND,ND,ND,ND,ND,ND,#N/A,#N/A,#N/A,M,IV,,40.4,108,84,77.78,70s,,,,,,,,,,,,,,,,,,,,,,,,,,,,,,
332,2015,1/12/2015,week2,Monomoy,PUP,,,NA,NA,N,NA,ND,,N,15MK00699,15MK00698,15MK00697, >45, >45, >45,ND,ND,ND,ND,ND,ND,#N/A,#N/A,#N/A,M,II,,18.2,99,76,76.77,70s,,,,,,,,,,,,,,,,,,,,,,,,,,,,,,
333,2015,1/12/2015,week2,Muskeget,PUP,,,NA,NA,N,NA,ND,,N,15MK00701,15MK00700,15MK00702, >45, >45, >45,ND,ND,ND,ND,ND,ND,#N/A,#N/A,#N/A,M,III,,52.8,114,109,95.61,90s,,,,,,,,,,,,,,,,,,,,,,,,,,,,,,
334,2015,1/12/2015,week2,Muskeget,PUP,,,NA,NA,N,NA,ND,,N,15MK00703,15MK00704,15MK00705, >45, >45, >45,ND,ND,ND,ND,ND,ND,#N/A,#N/A,#N/A,M,IV,,51.8,124,93,75.00,70s,,,,,,,,,,,,,,,,,,,,,,,,,,,,,,
335,2015,1/13/2015,week2,Muskeget,PUP,,,NA,NA,N,NA,ND,,N,15MK00707,15MK00706,15MK00708, >45, >45, >45,ND,ND,ND,ND,ND,ND,#N/A,#N/A,#N/A,M,III,,34.8,108,96,88.89,80s,,,,,,,,,,,,,,,,,,,,,,,,,,,,,,
336,2015,1/13/2015,week2,Muskeget,PUP,,,NA,NA,N,NA,ND,,N,15MK00711,15MK00709,15MK00710, >45, >45, >45,ND,ND,ND,ND,ND,ND,#N/A,#N/A,#N/A,M,II,,37.4,112,U,NA,90s,,,,,,,,,,,,,,,,,,,,,,,,,,,,,,
337,2015,1/13/2015,week2,Monomoy,PUP,,,NA,NA,N,NA,ND,,P,15MK00713,15MK00714,15MK00712, >45, >45, >45,ND,ND,ND,ND,ND,ND,#N/A,#N/A,#N/A,M,III,,38.6,112,95,84.82,80s,,,,,,,,,,,,,,,,,,,,,,,,,,,,,,
338,2015,1/13/2015,week2,Muskeget,PUP,,,NA,NA,N,NA,ND,,N,15MK00716,15MK00715,15MK00717, >45, >45, >45,ND,ND,ND,ND,ND,ND,#N/A,#N/A,#N/A,M,III,,26.6,103,85,82.52,80s,,,,,,,,,,,,,,,,,,,,,,,,,,,,Found dead by IFAW on 7/15/17 on Monomoy,,
339,2015,1/13/2015,week2,Monomoy,PUP,,,NA,NA,P,NAS,ND,,N,15MK00719,15MK00720,15MK00718,POS, >45, >45,ND,ND,ND,ND,ND,ND,#N/A,#N/A,#N/A,M,V,,44.4,104,112,107.69,90s,,,,,,,,,,,,,,,,,,,,,,,,,,,,,,
340,2015,1/14/2015,week2,Monomoy,PUP,,,NA,NA,N,NA,ND,,P,15MK00723,15MK00721,15MK00722, >45, >45, >45,ND,ND,ND,ND,ND,ND,#N/A,#N/A,#N/A,F,V,,33.2,98,92,93.88,90s,,,,,,,,,,,,,,,,,,,,,,,,,,,,,,
341,2015,1/14/2015,week2,Muskeget,PUP,,,NA,NA,N,NA,ND,,#N/A,15MK00724,15MK00725,15MK00726, >45, >45, >45,ND,ND,ND,ND,ND,ND,#N/A,#N/A,#N/A,M,III,,45.8,121,99,81.82,80s,,,,,,,,,,,,,,,,,,,,,,,,,,,,"This animal reported as bycatch on March 9th, due south of Muskeget (The Northeast Fisheries Observer Program reports that one of its observers monitoring a fishing boat using gillnets had captured/killed a gray seal with green tag 341.  ",,
342,2015,1/14/2015,week2,Monomoy,PUP,,,NA,NA,N,NA,ND,,#N/A,15MK00728,15MK00729,15MK00727, >45, >45, >45,ND,ND,ND,ND,ND,ND,#N/A,#N/A,#N/A,F,III,,36.4,113,100,88.50,80s,,,,,,,,,,,,,,,,,,,,,,,,,,,,"stranded alive in fishing gear at Island Beach State Park,NJ, Mar 15, 2015
",,
343,2015,1/14/2015,week2,Muskeget,PUP,,,NA,NA,N,NA,ND,,#N/A,15MK00730,15MK00732,15MK00731, >45, >45, >45,ND,ND,ND,ND,ND,ND,#N/A,#N/A,#N/A,F,V,,43.6,122,102,83.61,80s,,,,,,,,,,,,,,,,,,,,,,,,,,,,,,
344,2015,1/14/2015,week2,Muskeget,PUP,,,NA,NA,N,NA,ND,,#N/A,15MK00734,15MK00735,15MK00733, >45, >45, >45,ND,ND,ND,ND,ND,ND,#N/A,#N/A,#N/A,F,V,,54,123,112,91.06,90s,,,,,,,,,,,,,,,,,,,,,,,,,,,,,,
345,2015,1/14/2015,week2,Muskeget,PUP,,,NA,NA,N,NA,ND,,#N/A,15MK00737,15MK00738,15MK00736, >45, >45, >45,ND,ND,ND,ND,ND,ND,#N/A,#N/A,#N/A,F,II,,21.8,110,82,74.55,70s,,,,,,,,,,,,,,,,,,,,,,,,,,,,,,
346,2015,1/14/2015,week2,Muskeget,PUP,,,NA,NA,N,NA,ND,,#N/A,15MK00739,15MK00740,15MK00741, >45, >45, >45,ND,ND,ND,ND,ND,ND,#N/A,#N/A,#N/A,F,II,,36.6,103,96,93.20,90s,,,,,,,,,,,,,,,,,,,,,,,,,,,,,,
347,2015,1/12/2015,week2,Monomoy,PUP,,,NA,NA,P,Con,ND,,N,15MK00743,15MK00742,15MK00744, >45,POS, >45,ND,ND,ND,ND,ND,ND,#N/A,#N/A,#N/A,F,II,,20.2,103,77,74.76,70s,,,,,,,,,,,,,,,,,,,,,,,,,,,,"THIS ANIMAL WAS FOUND EATEN BY COYOTE THE FOLLOWING DAY, APPROX. 0.5MILE SW",,
348,2015,1/12/2015,week2,Muskeget,PUP,,,NA,NA,N,NA,ND,,N,15MK00747,15MK00746,15MK00745, >45, >45, >45,ND,ND,ND,ND,ND,ND,#N/A,#N/A,#N/A,F,III,,22.8,91,84,92.31,90s,,,,,,,,,,,,,,,,,,,,,,,,,,,,,,
349,2015,1/13/2015,week2,Muskeget,PUP,,,NA,NA,N,NA,ND,,N,15MK00749,15MK00748,15MK00750, >45, >45, >45,ND,ND,ND,ND,ND,ND,#N/A,#N/A,#N/A,F,III,,30.2,102,93,91.18,90s,,,,,,,,,,,,,,,,,,,,,,,,,,,,,,
350,2015,1/11/2015,week2,Muskeget,PUP,,,NA,NA,N,NA,ND,,N,15MK00001,15MK00002,15MK00003, >45, >45, >45,ND,ND,ND,ND,ND,ND,#N/A,#N/A,#N/A,M,III,,42.6,105,103,98.10,90s,,,,,,,,,,,,,,,,,,,,,,,,,,,,,,
351,2015,1/12/2015,week2,Muskeget,PUP,,,NA,NA,P,RCS,ND,,P,15MK00006,15MK00004,15MK00005, >45, >45,POS,ND,ND,ND,ND,ND,ND,#N/A,#N/A,#N/A,M,IV,,31.8,113,88,77.88,70s,,,,,,,,,,,,,,,,,,,,,,,,,,,,,,
352,2015,1/12/2015,week2,Muskeget,PUP,,,NA,NA,P,U,ND,,N,15MK00008,15MK00007,15MK00009,Pooled(POS),Pooled(POS),Pooled(POS),ND,ND,ND,ND,ND,ND,#N/A,#N/A,#N/A,F,III,,29.8,114,92,80.70,80s,,,,,,,,,,,,,,,,,,,,,,,,,,,,,,
353,2015,1/12/2015,week2,Muskeget,PUP,,,NA,NA,N,NA,ND,,P,15MK00011,15MK00012,15MK00010, >45, >45, >45,ND,ND,ND,ND,ND,ND,#N/A,#N/A,#N/A,M,III,,37.4,113,95,84.07,80s,,,,,,,,,,,,,,,,,,,,,,,,,,,,,,
354,2015,1/12/2015,week2,Muskeget,PUP,,,NA,NA,P,U,ND,,N,15MK00013,15MK00014,15MK00015,Pooled(POS),Pooled(POS),Pooled(POS),ND,ND,ND,ND,ND,ND,#N/A,#N/A,#N/A,F,IV,,45.2,122,108,88.52,80s,,,,,,,,,,,,,,,,,,,,,,,,,,,,,,
355,2015,1/12/2015,week2,Muskeget,PUP,,,NA,NA,P,NAS,ND,,N,15MK00016,15MK00017,15MK00018,POS, >45, >45,ND,ND,ND,ND,ND,ND,#N/A,#N/A,#N/A,F,IV,,33.8,105,95,90.48,90s,,,,,,,,,,,,,,,,,,,,,,,,,,,,,,
356,2015,1/12/2015,week2,Muskeget,PUP,,,NA,NA,P,Con,ND,,P,15MK00019,15MK00020,15MK00021, >45,POS, >45,ND,ND,ND,ND,ND,ND,#N/A,#N/A,#N/A,M,V,,34,102,92,90.20,90s,,,,,,,,,,,,,,,,,,,,,,,,,,,,,,
357,2015,1/12/2015,week2,Muskeget,PUP,,,NA,NA,N,NA,ND,,N,15MK00024,15MK00023,15MK00022, >45, >45, >45,ND,ND,ND,ND,ND,ND,#N/A,#N/A,#N/A,F,III,,29.4,97,96,98.97,90s,,,,,,,,,,,,,,,,,,,,,,,,,,,,,,
358,2015,1/12/2015,week2,Muskeget,PUP,,,NA,NA,N,NA,ND,,N,15MK00025,15MK00026,15MK00027, >45, >45, >45,ND,ND,ND,ND,ND,ND,#N/A,#N/A,#N/A,F,U,,25.2,101,80,79.21,70s,,,,,,,,,,,,,,,,,,,,,,,,,,,,,,
359,2015,1/12/2015,week2,Muskeget,PUP,,,NA,NA,N,NA,ND,,N,15MK00029,15MK00028,15MK00030, >45, >45, >45,ND,ND,ND,ND,ND,ND,#N/A,#N/A,#N/A,M,III,,21.8,104,78,75.00,70s,,,,,,,,,,,,,,,,,,,,,,,,,,,,,,
360,2015,1/12/2015,week2,Muskeget,PUP,,,NA,NA,N,NA,ND,,N,15MK00033,15MK00031,15MK00032, >45, >45, >45,ND,ND,ND,ND,ND,ND,#N/A,#N/A,#N/A,F,V,,48.4,103,106,102.91,90s,,,,,,,,,,,,,,,,,,,,,,,,,,,,,,
361,2015,1/12/2015,week2,Muskeget,PUP,,,NA,NA,N,NA,ND,,P,15MK00036,15MK00035,15MK00034, >45, >45, >45,ND,ND,ND,ND,ND,ND,#N/A,#N/A,#N/A,M,IV,,51.4,121,110,90.91,90s,,,,,,,,,,,,,,,,,,,,,,,,,,,,,,
362,2015,1/12/2015,week2,Muskeget,PUP,,,NA,NA,N,NA,ND,,P,15MK00038,15MK00039,15MK00037, >45, >45, >45,ND,ND,ND,ND,ND,ND,#N/A,#N/A,#N/A,M,V,,51.2,127,105,82.68,80s,,,,,,,,,,,,,,,,,,,,,,,,,,,,,,
363,2015,1/12/2015,week2,Muskeget,PUP,,,NA,NA,P,NAS,ND,,N,15MK00042,15MK00041,15MK00040,POS, >45, >45,ND,ND,ND,ND,ND,ND,#N/A,#N/A,#N/A,F,v,,33.2,103,97,94.17,90s,,,,,,,,,,,,,,,,,,,,,,,,,,,,,,
364,2015,1/12/2015,week2,Muskeget,PUP,,,NA,NA,N,NA,ND,,P,15MK00043,15MK00044,15MK00045, >45, >45, >45,ND,ND,ND,ND,ND,ND,#N/A,#N/A,#N/A,F,V,,38,103,96,93.20,90s,,,,,,,,,,,,,,,,,,,,,,,,,,,,,,
365,2015,1/12/2015,week2,Muskeget,PUP,,,NA,NA,N,NA,ND,,N,15MK00046,15MK00047,15MK00048, >45, >45, >45,ND,ND,ND,ND,ND,ND,#N/A,#N/A,#N/A,M,IV,,49.2,129,105,81.40,80s,,,,,,,,,,,,,,,,,,,,,,,,,,,,,,
366,2015,1/12/2015,week2,Muskeget,PUP,,,NA,NA,N,NA,ND,,N,15MK00051,15MK00050,15MK00049, >45, >45, >45,ND,ND,ND,ND,ND,ND,#N/A,#N/A,#N/A,F,II ,,39.6,110,98,89.09,80s,,,,,,,,,,,,,,,,,,,,,,,,,,,,,,
367,2015,1/12/2015,week2,Muskeget,PUP,,,NA,NA,N,NA,ND,,N,15MK00053,15MK00054,15MK00052, >45, >45, >45,ND,ND,ND,ND,ND,ND,#N/A,#N/A,#N/A,M,V,,33.4,110,90,81.82,80s,,,,,,,,,,,,,,,,,,,,,,,,,,,,,,
368,2015,1/12/2015,week2,Muskeget,PUP,,,NA,NA,N,NA,ND,,N,15MK00057,15MK00055,15MK00056, >45, >45, >45,ND,ND,ND,ND,ND,ND,#N/A,#N/A,#N/A,M,V,,47,107,106,99.07,90s,,,,,,,,,,,,,,,,,,,,,,,,,,,,,,
369,2015,1/12/2015,week2,Muskeget,PUP,,,NA,NA,N,NA,ND,,N,15MK00058,15MK00059,15MK00060, >45, >45, >45,ND,ND,ND,ND,ND,ND,#N/A,#N/A,#N/A,F,IV,,39.2,110,97,88.18,80s,,,,,,,,,,,,,,,,,,,,,,,,,,,,,,
370,2015,1/12/2015,week2,Muskeget,PUP,,,NA,NA,N,NA,ND,,N,15MK00061,15MK00063,15MK00062, >45, >45, >45,ND,ND,ND,ND,ND,ND,#N/A,#N/A,#N/A,M,IV,,52.6,110,112,101.82,90s,,,,,,,,,,,,,,,,,,,,,,,,,,,,,,
371,2015,1/12/2015,week2,Muskeget,PUP,,,NA,NA,N,NA,ND,,N,15MK00064,15MK00065,15MK00066, >45, >45, >45,ND,ND,ND,ND,ND,ND,#N/A,#N/A,#N/A,F,V,,37.6,116,100,86.21,80s,,,,,,,,,,,,,,,,,,,,,,,,,,,,,,
372,2015,1/12/2015,week2,Muskeget,PUP,,,NA,NA,N,NA,ND,,N,15MK00067,15MK00068,15MK00069, >45, >45, >45,ND,ND,ND,ND,ND,ND,#N/A,#N/A,#N/A,M,V,,45.00,`114,99,NA,90s,,,,,,,,,,,,,,,,,,,,,,,,,,,,,,
373,2015,1/13/2015,week2,Muskeget,PUP,,,NA,NA,N,NA,ND,,N,15MK00072,15MK00070,15MK00071, >45, >45, >45,ND,ND,ND,ND,ND,ND,#N/A,#N/A,#N/A,M,IV,,44.2,118,103,87.29,80s,,,,,,,,,,,,,,,,,,,,,,,,,,,,seen in Chatham Harbor (alive) late Sept 2016,,
374,2015,1/13/2015,week2,Muskeget,PUP,,,NA,NA,N,NA,ND,,N,15MK00073,15MK00075,15MK00074, >45, >45, >45,ND,ND,ND,ND,ND,ND,#N/A,#N/A,#N/A,M,V,,41.6,112,104,92.86,90s,,,,,,,,,,,,,,,,,,,,,,,,,,,,,,
375,2015,1/13/2015,week2,Muskeget,PUP,,,NA,NA,P,U,ND,,N,15MK00077,15MK00076,15MK00078,Pooled(POS),Pooled(POS),Pooled(POS),ND,ND,ND,ND,ND,ND,#N/A,#N/A,#N/A,F,V,,32,82,97,118.29,90s,,,,,,,,,,,,,,,,,,,,,,,,,,,,,,
376,2015,1/13/2015,week2,Muskeget,PUP,,,NA,NA,P,Con,ND,,N,15MK00081,15MK00080,15MK00079, >45,POS, >45,ND,ND,ND,ND,ND,ND,#N/A,#N/A,#N/A,M,V,,48.4,111,107,96.40,90s,,,,,,,,,,,,,,,,,,,,,,,,,,,,,,
377,2015,1/13/2015,week2,Muskeget,PUP,,,NA,NA,N,NA,ND,,N,15MK00082,15MK00084,15MK00083, >45, >45, >45,ND,ND,ND,ND,ND,ND,#N/A,#N/A,#N/A,F,V,,44,109,100,91.74,90s,,,,,,,,,,,,,,,,,,,,,,,,,,,,,,
378,2015,1/13/2015,week2,Muskeget,PUP,,,NA,NA,P,RCS,ND,,P,15MK00085,15MK00087,15MK00086, >45, >45,POS,ND,ND,ND,ND,ND,ND,#N/A,#N/A,#N/A,F,V,,36.8,102,95,93.14,90s,,,,,,,,,,,,,,,,,,,,,,,,,,,,,,
379,2015,1/13/2015,week2,Muskeget,PUP,,,NA,NA,N,NA,ND,,N,15MK00090,15MK00089,15MK00088, >45, >45, >45,ND,ND,ND,ND,ND,ND,#N/A,#N/A,#N/A,M,IV,,50.4,126,107,84.92,80s,,,,,,,,,,,,,,,,,,,,,,,,,,,,,,
380,2015,1/13/2015,week2,Muskeget,PUP,,,NA,NA,N,NA,ND,,N,15MK00091,15MK00092,15MK00093, >45, >45, >45,ND,ND,ND,ND,ND,ND,#N/A,#N/A,#N/A,F,V,,37,103,95,92.23,90s,,,,,,,,,,,,,,,,,,,,,,,,,,,,,,
381,2015,1/13/2015,week2,Muskeget,PUP,,,NA,NA,N,NA,ND,,N,15MK00094,15MK00095,15MK00096, >45, >45, >45,ND,ND,ND,ND,ND,ND,#N/A,#N/A,#N/A,M,V,,40,104,93,89.42,80s,,,,,,,,,,,,,,,,,,,,,,,,,,,,,,
382,2015,1/13/2015,week2,Muskeget,PUP,,,NA,NA,N,NA,ND,,N,15MK00097,15MK00099,15MK00098, >45, >45, >45,ND,ND,ND,ND,ND,ND,#N/A,#N/A,#N/A,M,V,,43.6,113,100,88.50,80s,,,,,,,,,,,,,,,,,,,,,,,,,,,,,,
383,2015,1/13/2015,week2,Muskeget,PUP,,,NA,NA,N,NA,ND,,N,15MK00100,15MK00101,15MK00102, >45, >45, >45,ND,ND,ND,ND,ND,ND,#N/A,#N/A,#N/A,M,V,,41.6,111,96,86.49,80s,,,,,,,,,,,,,,,,,,,,,,,,,,,,,,
384,2015,1/13/2015,week2,Muskeget,PUP,,,NA,NA,N,NA,ND,,N,15MK00104,15MK00105,15MK00106, >45, >45, >45,ND,ND,ND,ND,ND,ND,#N/A,#N/A,#N/A,F,V,,43.2,112,103,91.96,90s,,,,,,,,,,,,,,,,,,,,,,,,,,,,,,
385,2015,1/13/2015,week2,Muskeget,PUP,,,NA,NA,N,NA,ND,,N,15MK00107,15MK00108,15MK00109, >45, >45, >45,ND,ND,ND,ND,ND,ND,#N/A,#N/A,#N/A,F,V,,49.4,120,110,91.67,90s,,,,,,,,,,,,,,,,,,,,,,,,,,,,,,
386,2015,1/13/2015,week2,Muskeget,PUP,,,NA,NA,N,NA,ND,,P,15MK00110,15MK00111,15MK00112, >45, >45, >45,ND,ND,ND,ND,ND,ND,#N/A,#N/A,#N/A,M,IV,,43.6,121,108,89.26,80s,,,,,,,,,,,,,,,,,,,,,,,,,,,,,,
387,2015,1/14/2015,week2,Muskeget,PUP,,,NA,NA,N,NA,ND,,N,15MK00114,15MK00113,15MK00115, >45, >45, >45,ND,ND,ND,ND,ND,ND,#N/A,#N/A,#N/A,F,V,,35.4,112,103,91.96,90s,,,,,,,,,,,,,,,,,,,,,,,,,,,,,,
388,2015,1/14/2015,week2,Muskeget,PUP,,,NA,NA,N,NA,ND,,N,15MK00116,15MK00117,15MK00118, >45, >45, >45,ND,ND,ND,ND,ND,ND,#N/A,#N/A,#N/A,F,V,,44.8,113,100,88.50,80s,,,,,,,,,,,,,,,,,,,,,,,,,,,,,,
389,2015,1/14/2015,week2,Muskeget,PUP,,,NA,NA,N,NA,ND,,N,15MK00120,15MK00121,15MK00119, >45, >45, >45,ND,ND,ND,ND,ND,ND,#N/A,#N/A,#N/A,M,V,,46.4,128,103,80.47,80s,,,,,,,,,,,,,,,,,,,,,,,,,,,,,,
390,2015,1/14/2015,week2,Muskeget,PUP,,,NA,NA,N,NA,ND,,N,15MK00122,15MK00124,15MK00123, >45, >45, >45,ND,ND,ND,ND,ND,ND,#N/A,#N/A,#N/A,F,V,,42.4,119,91,76.47,70s,,,,,,,,,,,,,,,,,,,,,,,,,,,,,,
391,2015,1/14/2015,week2,Muskeget,PUP,,,NA,NA,N,NA,ND,,N,15MK00126,15MK00127,15MK00125, >45, >45, >45,ND,ND,ND,ND,ND,ND,#N/A,#N/A,#N/A,F,V,,37.6,114,99,86.84,80s,,,,,,,,,,,,,,,,,,,,,,,,,,,,,,
392,2015,1/14/2015,week2,Muskeget,PUP,,,NA,NA,N,NA,ND,,N,15MK00128,15MK00129,15MK00130, >45, >45, >45,ND,ND,ND,ND,ND,ND,#N/A,#N/A,#N/A,M,V,,43.6,115,90,78.26,70s,,,,,,,,,,,,,,,,,,,,,,,,,,,,,,
393,2015,1/14/2015,week2,Muskeget,PUP,,,NA,NA,N,NA,ND,,N,15MK00133,15MK00132,15MK00131, >45, >45, >45,ND,ND,ND,ND,ND,ND,#N/A,#N/A,#N/A,F,U,,43.6,105,100,95.24,90s,,,,,,,,,,,,,,,,,,,,,,,,,,,,,,
394,2015,1/14/2015,week2,Muskeget,PUP,,,NA,NA,N,NA,ND,,N,15MK00136,15MK00134,15MK00135, >45, >45, >45,ND,ND,ND,ND,ND,ND,#N/A,#N/A,#N/A,F,V,,40.2,116,99,85.34,80s,,,,,,,,,,,,,,,,,,,,,,,,,,,,,,
395,2015,1/14/2015,week2,Muskeget,PUP,,,NA,NA,N,NA,ND,,N,15MK00139,15MK00137,15MK00138, >45, >45, >45,ND,ND,ND,ND,ND,ND,#N/A,#N/A,#N/A,M,V,,46.2,113,105,92.92,90s,,,,,,,,,,,,,,,,,,,,,,,,,,,,,,
396,2015,1/14/2015,week2,Muskeget,PUP,,,NA,NA,N,NA,ND,,N,15MK00142,15MK00140,15MK00141, >45, >45, >45,ND,ND,ND,ND,ND,ND,#N/A,#N/A,#N/A,F,V,,44.8,112,98,87.50,80s,,,,,,,,,,,,,,,,,,,,,,,,,,,,,,
397,2015,1/14/2015,week2,Muskeget,PUP,,,NA,NA,N,NA,ND,,P,15MK00143,15MK00145,15MK00144, >45, >45, >45,ND,ND,ND,ND,ND,ND,#N/A,#N/A,#N/A,F,IV,,39.6,104,98,94.23,90s,,,,,,,,,,,,,,,,,,,,,,,,,,,,,,
398,2015,1/14/2015,week2,Muskeget,PUP,,,NA,NA,N,NA,ND,,P,15MK00147,15MK00148,15MK00146, >45, >45, >45,ND,ND,ND,ND,ND,ND,#N/A,#N/A,#N/A,M,V,,46.6,106,100,94.34,90s,,,,,,,,,,,,,,,,,,,,,,,,,,,,,,
399,2015,1/14/2015,week2,Muskeget,PUP,,,NA,NA,N,NA,ND,,N,15MK00151,15MK00150,15MK00149, >45, >45, >45,ND,ND,ND,ND,ND,ND,#N/A,#N/A,#N/A,M,III,,28.8,92,84,91.30,90s,,,,,,,,,,,,,,,,,,,,,,,,,,,,,,
400,2015,1/14/2015,week2,Muskeget,PUP,,,NA,NA,P,Con,ND,,N,15MK00154,"15MK00153, 15MK00152",15MK00194, >45,POS, >45,ND,ND,ND,ND,ND,ND,#N/A,#N/A,#N/A,F,V,,43.4,115,98,85.22,80s,,,,,,,,,,,,,,,,,,,,,,,,,,,,,,
401,2015,1/14/2015,week2,Muskeget,PUP,,,NA,NA,N,NA,ND,,N,15MK00157,15MK00155,15MK00156, >45, >45, >45,ND,ND,ND,ND,ND,ND,#N/A,#N/A,#N/A,F,V,,33.4,100,89,89.00,80s,,,,,,,,,,,,,,,,,,,,,,,,,,,,,,
402,2015,1/14/2015,week2,Muskeget,PUP,,,NA,NA,N,NA,ND,,P,15MK00159,15MK00158,15MK00160, >45, >45, >45,ND,ND,ND,ND,ND,ND,#N/A,#N/A,#N/A,F,U,,35.6,111,101,90.99,90s,,,,,,,,,,,,,,,,,,,,,,,,,,,,,,
403,2015,1/14/2015,week2,Muskeget,PUP,,,NA,NA,N,NA,ND,,N,15MK00163,15MK00161,15MK00162, >45, >45, >45,ND,ND,ND,ND,ND,ND,#N/A,#N/A,#N/A,F,IV,,50.6,97,U,NA,90s,,,,,,,,,,,,,,,,,,,,,,,,,,,,,,
404,2015,1/14/2015,week2,Muskeget,PUP,,,NA,NA,P,U,ND,,N,15MK00166,15MK00165,15MK00164,Pooled(POS),Pooled(POS),Pooled(POS),ND,ND,ND,ND,ND,ND,#N/A,#N/A,#N/A,M,V,,37.2,109,98,89.91,80s,,,,,,,,,,,,,,,,,,,,,,,,,,,,,,
405,2015,1/15/2015,week3,Muskeget,PUP,,,NA,NA,P,NAS,ND,,N,15MK00167,15MK00169,15MK00168,POS, >45, >45,ND,ND,ND,ND,ND,ND,#N/A,#N/A,#N/A,F,V,,52.6,106,110,103.77,90s,,,,,,,,,,,,,,,,,,,,,,,,,,,,,,
406,2015,1/15/2015,week3,Muskeget,PUP,,,NA,NA,N,NA,ND,,N,15MK00170,15MK00171,15MK00172, >45, >45, >45,ND,ND,ND,ND,ND,ND,#N/A,#N/A,#N/A,F,V,,45.8,120,112,93.33,90s,,,,,,,,,,,,,,,,,,,,,,,,,,,,,,
407,2015,1/15/2015,week3,Muskeget,PUP,,,NA,NA,N,NA,ND,,N,15MK00173,15MK00174,15MK00175, >45, >45, >45,ND,ND,ND,ND,ND,ND,#N/A,#N/A,#N/A,F,V,,44.2,105,102,97.14,90s,,,,,,,,,,,,,,,,,,,,,,,,,,,,,,
408,2015,1/15/2015,week3,Muskeget,PUP,,,NA,NA,N,NA,ND,,N,15MK00177,15MK00178,15MK00176, >45, >45, >45,ND,ND,ND,ND,ND,ND,#N/A,#N/A,#N/A,M,V,,55,119,98,82.35,80s,,,,,,,,,,,,,,,,,,,,,,,,,,,,,,
409,2015,1/15/2015,week3,Muskeget,PUP,,,NA,NA,N,NA,ND,,N,15MK00181,15MK00180,15MK00179, >45, >45, >45,ND,ND,ND,ND,ND,ND,#N/A,#N/A,#N/A,M,V,,43.2,109,101,92.66,90s,,,,,,,,,,,,,,,,,,,,,,,,,,,,,,
410,2015,1/15/2015,week3,Muskeget,PUP,,,NA,NA,N,NA,ND,,N,15MK00184,15MK00183,15MK00182, >45, >45, >45,ND,ND,ND,ND,ND,ND,#N/A,#N/A,#N/A,M,IV,,38.6,101,?,#VALUE!,#VALUE!,,,,,,,,,,,,,,,,,,,,,,,,,,,,,,
411,2015,1/15/2015,week3,Muskeget,PUP,,,NA,NA,N,NA,ND,,N,15MK00186 or 15MK00187,15MK00186 or 15MK00187,15MK00185, >45, >45, >45,ND,ND,ND,ND,ND,ND,#N/A,#N/A,#N/A,U,U,,38.4,108,U,NA,90s,,,,,,,,,,,,,,,,,,,,,,,,,,,,,,
412,2015,1/15/2015,week3,Muskeget,PUP,,,NA,NA,N,NA,ND,,N,15MK00189,15MK00188,15MK00190, >45, >45, >45,ND,ND,ND,ND,ND,ND,#N/A,#N/A,#N/A,F,V,,33,95,107,112.63,90s,,,,,,,,,,,,,,,,,,,,,,,,,,,,,,
413,2015,1/15/2015,week3,Muskeget,PUP,,,NA,NA,N,NA,ND,,P,15MK00191,15MK00193,15MK00192, >45, >45, >45,ND,ND,ND,ND,ND,ND,#N/A,#N/A,#N/A,F,V,,51.1,102,108,105.88,90s,,,,,,,,,,,,,,,,,,,,,,,,,,,,,,
415,2015,1/15/2015,week3,Muskeget,PUP,,,NA,NA,N,NA,ND,,P,15MK00197,15MK00198,15MK00199, >45, >45, >45,ND,ND,ND,ND,ND,ND,#N/A,#N/A,#N/A,U,V,,45.2,113,100,88.50,80s,,,,,,,,,,,,,,,,,,,,,,,,,,,,,,
416,2015,1/15/2015,week3,Muskeget,PUP,,,NA,NA,N,NA,ND,,N,15MK00200,15MK00201,15MK00203, >45, >45, >45,ND,ND,ND,ND,ND,ND,#N/A,#N/A,#N/A,M,IV,,34.8,95,94,98.95,90s,,,,,,,,,,,,,,,,,,,,,,,,,,,,,,
417,2015,1/15/2015,week3,Muskeget,PUP,,,NA,NA,N,NA,ND,,N,15MK00206,15MK00205,15MK00204, >45, >45, >45,ND,ND,ND,ND,ND,ND,#N/A,#N/A,#N/A,F,V,,60.8,119,U,NA,90s,,,,,,,,,,,,,,,,,,,,,,,,,,,,,,
418,2015,1/15/2015,week3,Muskeget,PUP,,,NA,NA,N,NA,ND,,N,15MK00208,15MK00207,15MK00209, >45, >45, >45,ND,ND,ND,ND,ND,ND,#N/A,#N/A,#N/A,M,IV,,42.6,98,97,98.98,90s,,,,,,,,,,,,,,,,,,,,,,,,,,,,,,
543,2013,1/11/2013,week2,Muskeget,PUP,,,NA,NA,N,NA,ND,,N,13KO00211,13KO00213,13KO00216, >45, >45, >45,ND,ND,ND,ND,ND,ND,#N/A,#N/A,#N/A,M,V,,37.4,111,95,85.59,80s,,,,,,,,,,,,,,,,,,,,,,,,,,,,,,
544,2013,1/11/2013,week2,Muskeget,PUP,,,NA,NA,N,NA,ND,,N,13KO00212,13KO00215,13KO00218, >45, >45, >45,ND,ND,ND,ND,ND,ND,#N/A,#N/A,#N/A,F,U,,44.2,108,107,99.07,90s,,,,,,,,,,,,,,,,,,,,,,,,,,,,,,
545,2013,1/11/2013,week2,Muskeget,PUP,,,NA,NA,N,NA,ND,,P,13KO00220,13KO00214,13KO00219, >45, >45, >45,ND,ND,ND,ND,ND,ND,#N/A,#N/A,#N/A,F,V,,25.8,103,82,79.61,70s,,,,,,,,,,,,,,,,,,,,,,,,,,,,,,
546,2013,1/11/2013,week2,Muskeget,PUP,,,NA,NA,P,NAS,ND,,N,13KO00229,13KO00230,13KO00228,POS, >45, >45,ND,ND,ND,ND,ND,ND,#N/A,#N/A,#N/A,M,II,,33.4,111,90,81.08,80s,,,,,,,,,,,,,,,,,,,,,,,,,,,,,,
547,2013,1/11/2013,week2,Muskeget,PUP,,,NA,NA,N,NA,ND,,ND,13KO00226,13KO00225,13KO00227, >45, >45, >45,ND,ND,ND,ND,ND,ND,#N/A,#N/A,#N/A,M,III,,41.5,116,98,84.48,80s,,,,,,,,,,,,,,,,,,,,,,,,,,,,,,
548,2013,1/11/2013,week2,Muskeget,PUP,,,NA,NA,N,NA,ND,,N,13KO00224,13KO00223,13KO00222, >45, >45, >45,ND,ND,ND,ND,ND,ND,#N/A,#N/A,#N/A,M,III,,46.3,118.5,105.5,89.03,80s,,,,,,,,,,,,,,,,,,,,,,,,,,,,,,
549,2013,1/11/2013,week2,Muskeget,PUP,,,NA,NA,N,NA,ND,,N,13KO00221,13KO00231,13KO00232, >45, >45, >45,ND,ND,ND,ND,ND,ND,#N/A,#N/A,#N/A,F,II,,36.9,113,96.5,85.40,80s,,,,,,,,,,,,,,,,,,,,,,,,,,,,,,
550,2013,1/11/2013,week2,Muskeget,PUP,,,NA,NA,N,NA,ND,,ND,13KO00234,13KO00237,13KO00235, >45, >45, >45,ND,ND,ND,ND,ND,ND,#N/A,#N/A,#N/A,F,II,,22.6,100.5,78,77.61,70s,,,,,,,,,,,,,,,,,,,,,,,,,,,,,,
551,2013,1/11/2013,week2,Muskeget,PUP,,,NA,NA,P,Con,ND,,N,13KO00000,13KO00236,13KO00240, >45,POS, >45,ND,ND,ND,ND,ND,ND,#N/A,#N/A,#N/A,F,III,,U,110.5,102,92.31,90s,,,,,,,,,,,,,,,,,,,,,,,,,,,,,,
552,2013,1/11/2013,week2,Muskeget,PUP,,,NA,NA,N,NA,ND,,P,13KO00238,13KO00241,13KO00239, >45, >45, >45,ND,ND,ND,ND,ND,ND,#N/A,#N/A,#N/A,M,U,,48.1,120,108,90.00,90s,,,,,,,,,,,,,,,,,,,,,,,,,,,,,,
553,2013,1/12/2013,week2,Muskeget,PUP,,,NA,NA,P,NAS,ND,,P,13KO00254,13KO00264,13KO00242,POS, >45, >45,ND,ND,ND,ND,ND,ND,#N/A,#N/A,#N/A,F,V,,47.2,112,107,95.54,90s,,,,,,,,,,,,,,,,,,,,,,,,,,,,,,
554,2013,1/12/2013,week2,Muskeget,PUP,,,NA,NA,N,NA,ND,,P,13KO00246,13KO00245,13KO00247, >45, >45, >45,ND,ND,ND,ND,ND,ND,#N/A,#N/A,#N/A,M,IV,,47.9,109.5,109,99.54,90s,,,,,,,,,,,,,,,,,,,,,,,,,,,,,,
555,2013,1/12/2013,week2,Muskeget,PUP,,,NA,NA,N,NA,ND,,N,13KO00248,13KO00249,13KO00250, >45, >45, >45,ND,ND,ND,ND,ND,ND,#N/A,#N/A,#N/A,F,V,,33.9,100,94.5,94.50,90s,,,,,,,,,,,,,,,,,,,,,,,,,,,,,,
556,2013,1/12/2013,week2,Muskeget,PUP,,,NA,NA,N,NA,ND,,N,13KO00265,13KO00266,13KO00253, >45, >45, >45,ND,ND,ND,ND,ND,ND,#N/A,#N/A,#N/A,M,U,,47.4,114,105,92.11,90s,,,,,,,,,,,,,,,,,,,,,,,,,,,,,,
557,2013,1/12/2013,week2,Muskeget,PUP,,,NA,NA,N,NA,ND,,N,13KO00261,13KO00260,13KO00259, >45, >45, >45,ND,ND,ND,ND,ND,ND,#N/A,#N/A,#N/A,M,V,,41.8,103,100,97.09,90s,,,,,,,,,,,,,,,,,,,,,,,,,,,,,,
558,2013,1/12/2013,week2,Muskeget,PUP,,,NA,NA,N,NA,ND,,N,13KO00258,13KO00256,13KO00257, >45, >45, >45,ND,ND,ND,ND,ND,ND,#N/A,#N/A,#N/A,F,U,,43.4,109,106,97.25,90s,,,,,,,,,,,,,,,,,,,,,,,,,,,,,,
559,2013,1/12/2013,week2,Muskeget,PUP,,,NA,NA,N,NA,ND,,ND,13KO00262,13KO00299,13KO00252, >45, >45, >45,ND,ND,ND,ND,ND,ND,#N/A,#N/A,#N/A,M,U,,44.1,110,108.5,98.64,90s,,,,,,,,,,,,,,,,,,,,,,,,,,,,,,
560,2013,1/12/2013,week2,Muskeget,PUP,,,NA,NA,N,NA,ND,,N,13KO00284,13KO00283,13KO00275, >45, >45, >45,ND,ND,ND,ND,ND,ND,#N/A,#N/A,#N/A,F,V,,46.9,114,105,92.11,90s,,,,,,,,,,,,,,,,,,,,,,,,,,,,,,
561,2013,1/12/2013,week2,Muskeget,PUP,,,NA,NA,N,NA,ND,,N,13KO00270,13KO00269,13KO00268, >45, >45, >45,ND,ND,ND,ND,ND,ND,#N/A,#N/A,#N/A,M,U,,44.6,116,100,86.21,80s,,,,,,,,,,,,,,,,,,,,,,,,,,,,,,
562,2013,1/12/2013,week2,Muskeget,PUP,,,NA,NA,N,NA,ND,,ND,13KO00271,13KO00244,13KO00243, >45, >45, >45,ND,ND,ND,ND,ND,ND,#N/A,#N/A,#N/A,M,IV,,39.3,116,99,85.34,80s,,,,,,,,,,,,,,,,,,,,,,,,,,,,,,
563,2013,1/12/2013,week2,Muskeget,PUP,,,NA,NA,P,NAS,ND,,N,13KO00272,13KO00274,13KO00289,POS, >45, >45,ND,ND,ND,ND,ND,ND,#N/A,#N/A,#N/A,M,V,,34.8,107.5,93,86.51,80s,,,,,,,,,,,,,,,,,,,,,,,,,,,,,,
564,2013,1/12/2013,week2,Muskeget,PUP,,,NA,NA,N,NA,ND,,N,13KO00273,13KO00298,13KO00280, >45, >45, >45,ND,ND,ND,ND,ND,ND,#N/A,#N/A,#N/A,M,U,,35.1,108,95.5,88.43,80s,,,,,,,,,,,,,,,,,,,,,,,,,,,,,,
565,2013,1/12/2013,week2,Muskeget,PUP,,,NA,NA,N,NA,ND,,P,13KO00278,13KO00280,13KO00263, >45, >45, >45,ND,ND,ND,ND,ND,ND,#N/A,#N/A,#N/A,F,V,,31.2,104,92,88.46,80s,,,,,,,,,,,,,,,,,,,,,,,,,,,,,,
566,2013,1/12/2013,week2,Muskeget,PUP,,,NA,NA,N,NA,ND,,ND,13KO00285,13KO00281,13KO00287, >45, >45, >45,ND,ND,ND,ND,ND,ND,#N/A,#N/A,#N/A,F,III,,33.8,102,97,95.10,90s,,,,,,,,,,,,,,,,,,,,,,,,,,,,,,
567,2013,1/12/2013,week2,Muskeget,PUP,,,NA,NA,N,NA,ND,,N,13KO00251,13KO00286,13KO00297, >45, >45, >45,ND,ND,ND,ND,ND,ND,#N/A,#N/A,#N/A,M,V,,28.4,107,88,82.24,80s,,,,,,,,,,,,,,,,,,,,,,,,,,,,,,
568,2013,1/12/2013,week2,Muskeget,PUP,,,NA,NA,N,NA,ND,,P,13KO00267,13KO00255,13KO00277, >45, >45, >45,ND,ND,ND,ND,ND,ND,#N/A,#N/A,#N/A,M,V,,51.7,119,108.5,91.18,90s,,,,,,,,,,,,,,,,,,,,,,,,,,,,,,
569,2013,1/12/2013,week2,Muskeget,PUP,,,NA,NA,N,NA,ND,,N,13KO00292,13KO00290,13KO00291, >45, >45, >45,ND,ND,ND,ND,ND,ND,#N/A,#N/A,#N/A,F,V,,36.1,110.5,101,91.40,90s,,,,,,,,,,,,,,,,,,,,,,,,,,,,,,
570,2013,1/12/2013,week2,Muskeget,PUP,,,NA,NA,N,NA,ND,,ND,13KO00294,13KO00295,13KO00293, >45, >45, >45,ND,ND,ND,ND,ND,ND,#N/A,#N/A,#N/A,M,V,,41.6,110,105.5,95.91,90s,,,,,,,,,,,,,,,,,,,,,,,,,,,,,,
571,2013,1/12/2013,week2,Muskeget,PUP,,,NA,NA,N,NA,ND,,N,13KO00296,13KO00300,13KO00282, >45, >45, >45,ND,ND,ND,ND,ND,ND,#N/A,#N/A,#N/A,M,U,,43.3,110,104.5,95.00,90s,,,,,,,,,,,,,,,,,,,,,,,,,,,,,,
572,2013,1/12/2013,week2,Muskeget,PUP,,,NA,NA,N,NA,ND,,ND,13KO00110,13KO00279,13KO00276, >45, >45, >45,ND,ND,ND,ND,ND,ND,#N/A,#N/A,#N/A,M,III,,36.3,106,98,92.45,90s,,,,,,,,,,,,,,,,,,,,,,,,,,,,,,
573,2013,1/13/2013,week2,Muskeget,PUP,,,NA,NA,N,NA,ND,,ND,13KO00130,13KO00140,13KO00120, >45, >45, >45,ND,ND,ND,ND,ND,ND,#N/A,#N/A,#N/A,M,V,,37.8,110,98,89.09,80s,,,,,,,,,,,,,,,,,,,,,,,,,,,,,,
574,2013,1/13/2013,week2,Muskeget,PUP,,,NA,NA,P,Con,ND,,P,13KO00170,13KO00150,13KO00160, >45,POS, >45,ND,ND,ND,ND,ND,ND,#N/A,#N/A,#N/A,M,III,,38.9,108.5,98.5,90.78,90s,,,,,,,,,,,,,,,,,,,,,,,,,,,,,,
575,2013,1/13/2013,week2,Muskeget,PUP,,,NA,NA,N,NA,ND,,N,13KO00190,13KO00200,13KO00180, >45, >45, >45,ND,ND,ND,ND,ND,ND,#N/A,#N/A,#N/A,F,III,,35.6,106,94.5,89.15,80s,,,,,,,,,,,,,,,,,,,,,,,,,,,,,,
576,2013,1/13/2013,week2,Muskeget,PUP,,,NA,NA,N,NA,ND,,N,13KO00129,13KO00109,13KO00119, >45, >45, >45,ND,ND,ND,ND,ND,ND,#N/A,#N/A,#N/A,F,V,,35.9,102.5,96,93.66,90s,,,,,,,,,,,,,,,,,,,,,,,,,,,,,,
577,2013,1/13/2013,week2,Muskeget,PUP,,,NA,NA,N,NA,ND,,N,13KO00159,13KO00139,13KO00149, >45, >45, >45,ND,ND,ND,ND,ND,ND,#N/A,#N/A,#N/A,F,V,,41.9,108.5,111,102.30,90s,,,,,,,,,,,,,,,,,,,,,,,,,,,,,,
578,2013,1/13/2013,week2,Muskeget,PUP,,,NA,NA,N,NA,ND,,P,13KO00199,13KO00189,13KO00108, >45, >45, >45,ND,ND,ND,ND,ND,ND,#N/A,#N/A,#N/A,F,V,,43.7,107,105,98.13,90s,,,,,,,,,,,,,,,,,,,,,,,,,,,,,,
579,2013,1/13/2013,week2,Muskeget,PUP,,,NA,NA,N,NA,ND,,N,13KO00118,13KO00128,13KO00138, >45, >45, >45,ND,ND,ND,ND,ND,ND,#N/A,#N/A,#N/A,F,V,,53.3,119,111.5,93.70,90s,,,,,,,,,,,,,,,,,,,,,,,,,,,,,,
580,2013,1/13/2013,week2,Muskeget,PUP,,,NA,NA,N,NA,ND,,N,13KO00148,13KO00158,13KO00168, >45, >45, >45,ND,ND,ND,ND,ND,ND,#N/A,#N/A,#N/A,M,V,,45.7,112,109,97.32,90s,,,,,,,,,,,,,,,,,,,,,,,,,,,,,,
581,2013,1/13/2013,week2,Muskeget,PUP,,,NA,NA,N,NA,ND,,ND,13KO00178,NA,13KO00188, >45,ND, >45,ND,ND,ND,ND,ND,ND,#N/A,#N/A,#N/A,M,U,,36.7,113,98.5,87.17,80s,,,,,,,,,,,,,,,,,,,,,,,,,,,,,,
582,2013,1/13/2013,week2,Muskeget,PUP,,,NA,NA,N,NA,ND,,N,NA,NA,13KO00127,ND,ND, >45,ND,ND,ND,ND,ND,ND,#N/A,#N/A,#N/A,F,U,,43.9,108,110,101.85,90s,,,,,,,,,,,,,,,,,,,,,,,,,,,,,,
583,2013,1/13/2013,week2,Muskeget,PUP,,,NA,NA,N,NA,ND,,N,13KO00137,13KO00157,13KO00147, >45, >45, >45,ND,ND,ND,ND,ND,ND,#N/A,#N/A,#N/A,F,U,,45.4,104,101,97.12,90s,,,,,,,,,,,,,,,,,,,,,,,,,,,,,,
584,2013,1/13/2013,week2,Muskeget,PUP,,,NA,NA,N,NA,ND,,N,13KO00167,13KO00177,13KO00187, >45, >45, >45,ND,ND,ND,ND,ND,ND,#N/A,#N/A,#N/A,F,V,,46.6,106.5,118,110.80,90s,,,,,,,,,,,,,,,,,,,,,,,,,,,,,,
585,2013,1/13/2013,week2,Muskeget,PUP,,,NA,NA,N,NA,ND,,ND,13KO00106,13KO00197,13KO00116, >45, >45, >45,ND,ND,ND,ND,ND,ND,#N/A,#N/A,#N/A,F,V,,42,105,103,98.10,90s,,,,,,,,,,,,,,,,,,,,,,,,,,,,,,
586,2013,1/13/2013,week2,Muskeget,PUP,,,NA,NA,N,NA,ND,,P,13KO00146,13KO00136,13KO00126, >45, >45, >45,ND,ND,ND,ND,ND,ND,#N/A,#N/A,#N/A,M,II,,34.4,109,99,90.83,90s,,,,,,,,,,,,,,,,,,,,,,,,,,,,,,
587,2013,1/13/2013,week2,Muskeget,PUP,,,NA,NA,N,NA,ND,,ND,13KO00166,13KO00156,13KO00176, >45, >45, >45,ND,ND,ND,ND,ND,ND,#N/A,#N/A,#N/A,M,II,,34.1,113.5,91.5,80.62,80s,,,,,,,,,,,,,,,,,,,,,,,,,,,,,,
588,2013,1/13/2013,week2,Muskeget,PUP,,,NA,NA,N,NA,ND,,ND,13KO00145,13KO00196,13KO00105, >45, >45, >45,ND,ND,ND,ND,ND,ND,#N/A,#N/A,#N/A,M,III,,49.5,112,111.5,99.55,90s,,,,,,,,,,,,,,,,,,,,,,,,,,,,,,
589,2013,1/13/2013,week2,Muskeget,PUP,,,NA,NA,N,NA,ND,,N,13KO00145,13KO00165,13KO00155, >45, >45, >45,ND,ND,ND,ND,ND,ND,#N/A,#N/A,#N/A,F,V,,48.2,116.5,111,95.28,90s,,,,,,,,,,,,,,,,,,,,,,,,,,,,,,
590,2013,1/13/2013,week2,Muskeget,PUP,,,NA,NA,P,RCS,ND,,N,13KO00195,13KO00175,13KO00185, >45, >45,POS,ND,ND,ND,ND,ND,ND,#N/A,#N/A,#N/A,M,V,,37.6,103.5,103,99.52,90s,,,,,,,,,,,,,,,,,,,,,,,,,,,,,,
591,2013,1/13/2013,week2,Muskeget,PUP,,,NA,NA,N,NA,ND,,N,NA,NA,13KO00174,ND,ND, >45,ND,ND,ND,ND,ND,ND,#N/A,#N/A,#N/A,M,III,,58.4,119.5,119,99.58,90s,,,,,,,,,,,,,,,,,,,,,,,,,,,,,,
592,2013,1/14/2013,week2,Muskeget,PUP,,,NA,NA,P,NAS/Con,ND,,N,13KO00001,13KO00002,13KO00003,POS,POS, >45,ND,ND,ND,ND,ND,ND,#N/A,#N/A,#N/A,F,V,,27.5,99,67,67.68,70s,,,,,,,,,,,,,,,,,,,,,,,,,,,,,,
593,2013,1/14/2013,week2,Muskeget,PUP,,,NA,NA,N,NA,ND,,N,13KO00006,13KO00005,13KO00004, >45, >45, >45,ND,ND,ND,ND,ND,ND,#N/A,#N/A,#N/A,F,V,,33,107,89,83.18,80s,,,,,,,,,,,,,,,,,,,,,,,,,,,,,,
594,2013,1/14/2013,week2,Muskeget,PUP,,,NA,NA,N,NA,ND,,ND,13KO00007,13KO00009,13KO00008, >45, >45, >45,ND,ND,ND,ND,ND,ND,#N/A,#N/A,#N/A,F,V,,38.1,112.5,98,87.11,80s,,,,,,,,,,,,,,,,,,,,,,,,,,,,,,
595,2013,1/14/2013,week2,Muskeget,PUP,,,NA,NA,N,NA,ND,,N,13KO00010,13KO00012,13KO00011, >45, >45, >45,ND,ND,ND,ND,ND,ND,#N/A,#N/A,#N/A,M,V,,36.8,109.5,106,96.80,90s,,,,,,,,,,,,,,,,,,,,,,,,,,,,,,
596,2013,1/14/2013,week2,Muskeget,PUP,,,NA,NA,N,NA,ND,,N,13KO00014,13KO00015,13KO00013, >45, >45, >45,ND,ND,ND,ND,ND,ND,#N/A,#N/A,#N/A,F,U,,29.3,105,90,85.71,80s,,,,,,,,,,,,,,,,,,,,,,,,,,,,,,
597,2013,1/14/2013,week2,Muskeget,PUP,,,NA,NA,N,NA,ND,,N,13KO016?,13KO00018,13KO00017, >45, >45, >45,ND,ND,ND,ND,ND,ND,#N/A,#N/A,#N/A,F,V,,44.8,108,106,98.15,90s,,,,,,,,,,,,,,,,,,,,,,,,,,,,,,
598,2013,1/14/2013,week2,Muskeget,PUP,,,NA,NA,N,NA,ND,,N,13KO00020,13KO00019,13KO00021, >45, >45, >45,ND,ND,ND,ND,ND,ND,#N/A,#N/A,#N/A,F,U,,35,104,99.5,95.67,90s,,,,,,,,,,,,,,,,,,,,,,,,,,,,,,
599,2013,1/14/2013,week2,Muskeget,PUP,,,NA,NA,N,NA,ND,,ND,13KO00022,13KO00024,13KO00023, >45, >45, >45,ND,ND,ND,ND,ND,ND,#N/A,#N/A,#N/A,M,U,,53.3,123,108,87.80,80s,,,,,,,,,,,,,,,,,,,,,,,,,,,,,,
600,2013,1/14/2013,week2,Muskeget,PUP,,,NA,NA,N,NA,ND,,ND,13KO00027,13KO00025,13KO00026, >45, >45, >45,ND,ND,ND,ND,ND,ND,#N/A,#N/A,#N/A,F,V,,44.8,114.5,101,88.21,80s,,,,,,,,,,,,,,,,,,,,,,,,,,,,,,
601,2013,1/14/2013,week2,Muskeget,PUP,,,NA,NA,N,NA,ND,,ND,13KO00028,13KO00029,13KO00030, >45, >45, >45,ND,ND,ND,ND,ND,ND,#N/A,#N/A,#N/A,F,IV,,45,107,114,106.54,90s,,,,,,,,,,,,,,,,,,,,,,,,,,,,,,
602,2013,1/14/2013,week2,Muskeget,PUP,,,NA,NA,N,NA,ND,,N,13KO00033,13KO00031,13KO00032, >45, >45, >45,ND,ND,ND,ND,ND,ND,#N/A,#N/A,#N/A,F,V,,45,107,114,106.54,90s,,,,,,,,,,,,,,,,,,,,,,,,,,,,,,
603,2013,1/14/2013,week2,Muskeget,PUP,,,NA,NA,N,NA,ND,,ND,13KO00034,13KO00035,13KO00036, >45, >45, >45,ND,ND,ND,ND,ND,ND,#N/A,#N/A,#N/A,F,V,,38,105.5,114.5,108.53,90s,,,,,,,,,,,,,,,,,,,,,,,,,,,,,,
604,2013,1/14/2013,week2,Muskeget,PUP,,,NA,NA,N,NA,ND,,N,13KO00038,13KO00039,13KO00037, >45, >45, >45,ND,ND,ND,ND,ND,ND,#N/A,#N/A,#N/A,M,V,,46.4,116.5,107,91.85,90s,,,,,,,,,,,,,,,,,,,,,,,,,,,,,,
605,2013,1/14/2013,week2,Muskeget,PUP,,,NA,NA,N,NA,ND,,N,13KO00041,13KO00042,13KO00043, >45, >45, >45,ND,ND,ND,ND,ND,ND,#N/A,#N/A,#N/A,F,V,,32.8,107.5,99.5,92.56,90s,,,,,,,,,,,,,,,,,,,,,,,,,,,,,,
606,2013,1/14/2013,week2,Muskeget,PUP,,,NA,NA,N,NA,ND,,N,13KO00044,13KO00045,NA, >45, >45,ND,ND,ND,ND,ND,ND,ND,#N/A,#N/A,#N/A,M,V,,36,106.5,101,94.84,90s,,,,,,,,,,,,,,,,,,,,,,,,,,,,,,
607,2013,1/14/2013,week2,Muskeget,PUP,,,NA,NA,N,NA,ND,,P,13KO00049,13KO00048,13KO00047, >45, >45, >45,ND,ND,ND,ND,ND,ND,#N/A,#N/A,#N/A,F,III,,38.7,101.5,104,102.46,90s,,,,,,,,,,,,,,,,,,,,,,,,,,,,,,
608,2013,1/14/2013,week2,Muskeget,PUP,,,NA,NA,N,NA,ND,,N,13KO00050,13KO00052,13KO00051, >45, >45, >45,ND,ND,ND,ND,ND,ND,#N/A,#N/A,#N/A,M,IV,,39.3,101,103.5,102.48,90s,,,,,,,,,,,,,,,,,,,,,,,,,,,,,,
609,2013,1/14/2013,week2,Muskeget,PUP,,,NA,NA,N,NA,ND,,ND,13KO00053,13KO00055,13KO00054, >45, >45, >45,ND,ND,ND,ND,ND,ND,#N/A,#N/A,#N/A,F,V,,30.9,96,96.5,100.52,90s,,,,,,,,,,,,,,,,,,,,,,,,,,,,,,
610,2013,1/14/2013,week2,Muskeget,PUP,,,NA,NA,N,NA,ND,,N,13KO00183,13KO00182,13KO00181, >45, >45, >45,ND,ND,ND,ND,ND,ND,#N/A,#N/A,#N/A,F,V,,35.4,100.5,94.5,94.03,90s,,,,,,,,,,,,,,,,,,,,,,,,,,,,,,
612,2013,1/15/2013,week3,Muskeget,PUP,,,NA,NA,N,NA,ND,,P,13KO00205,13KO00206,13KO00204, >45, >45, >45,ND,ND,ND,ND,ND,ND,#N/A,#N/A,#N/A,M,IV,,37.8,107,98.5,92.06,90s,,,,,,,,,,,,,,,,,,,,,,,,,,,,,,
613,2013,1/15/2013,week3,Muskeget,PUP,,,NA,NA,N,NA,ND,,N,13KO00208,13KO00209,13KO00207, >45, >45, >45,ND,ND,ND,ND,ND,ND,#N/A,#N/A,#N/A,F,V,,45.6,112.5,111,98.67,90s,,,,,,,,,,,,,,,,,,,,,,,,,,,,,,
614,2013,1/15/2013,week3,Muskeget,PUP,,,NA,NA,P,Con,ND,,N,13KO00210,13KO00063,13KO00062, >45,POS, >45,ND,ND,ND,ND,ND,ND,#N/A,#N/A,#N/A,F,V,,46.1,113.5,108,95.15,90s,,,,,,,,,,,,,,,,,,,,,,,,,,,,,,
615,2013,1/15/2013,week3,Muskeget,PUP,,,NA,NA,P,Con,ND,,P,13KO00064,13KO00066,13KO00065, >45,POS, >45,ND,ND,ND,ND,ND,ND,#N/A,#N/A,#N/A,F,IV,,43.5,110.5,106.5,96.38,90s,,,,,,,,,,,,,,,,,,,,,,,,,,,,,,
616,2013,1/15/2013,week3,Muskeget,PUP,,,NA,NA,N,NA,ND,,ND,13KO00069,13KO00068,13KO00067, >45, >45, >45,ND,ND,ND,ND,ND,ND,#N/A,#N/A,#N/A,F,V,,37.4,104.5,97.5,93.30,90s,,,,,,,,,,,,,,,,,,,,,,,,,,,,,,
617,2013,1/15/2013,week3,Muskeget,PUP,,,NA,NA,N,NA,ND,,P,13KO00070,13KO00072,13KO00071, >45, >45, >45,ND,ND,ND,ND,ND,ND,#N/A,#N/A,#N/A,M,V,,44.3,113.5,103.5,91.19,90s,,,,,,,,,,,,,,,,,,,,,,,,,,,,,,
618,2013,1/15/2013,week3,Muskeget,PUP,,,NA,NA,N,NA,ND,,ND,13KO00073,13KO00074,13KO00075, >45, >45, >45,ND,ND,ND,ND,ND,ND,#N/A,#N/A,#N/A,M,V,,39.1,110.5,98.5,89.14,80s,,,,,,,,,,,,,,,,,,,,,,,,,,,,,,
619,2013,1/15/2013,week3,Muskeget,PUP,,,NA,NA,N,NA,ND,,N,13KO00076,NA,13KO00077, >45,ND, >45,ND,ND,ND,ND,ND,ND,#N/A,#N/A,#N/A,F,V,,42.6,109.5,100.5,91.78,90s,,,,,,,,,,,,,,,,,,,,,,,,,,,,,,
620,2013,1/15/2013,week3,Muskeget,PUP,,,NA,NA,N,NA,ND,,ND,13KO00081,13KO00079,13KO00080, >45, >45, >45,ND,ND,ND,ND,ND,ND,#N/A,#N/A,#N/A,F,V,,38.1,103.5,100.5,97.10,90s,,,,,,,,,,,,,,,,,,,,,,,,,,,,,,
621,2013,1/15/2013,week3,Muskeget,PUP,,,NA,NA,N,NA,ND,,ND,13KO00083,13KO00084,13KO00082, >45, >45, >45,ND,ND,ND,ND,ND,ND,#N/A,#N/A,#N/A,F,V,,35.5,106.5,96,90.14,90s,,,,,,,,,,,,,,,,,,,,,,,,,,,,,,
623,2013,1/15/2013,week3,Muskeget,PUP,,,NA,NA,N,NA,ND,,ND,13KO00089,13KO00080,13KO00090, >45, >45, >45,ND,ND,ND,ND,ND,ND,#N/A,#N/A,#N/A,M,V,,30.6,106.5,87.5,82.16,80s,,,,,,,,,,,,,,,,,,,,,,,,,,,,,,
625,2013,1/15/2013,week3,Muskeget,PUP,,,NA,NA,N,NA,ND,,ND,13KO00094,13KO00095,13KO00096, >45, >45, >45,ND,ND,ND,ND,ND,ND,#N/A,#N/A,#N/A,F,V,,37.9,107,98,91.59,90s,,,,,,,,,,,,,,,,,,,,,,,,,,,,,,
626,2013,1/15/2013,week3,Muskeget,PUP,,,NA,NA,N,NA,ND,,ND,13KO00097,13KO00098,13KO00099, >45, >45, >45,ND,ND,ND,ND,ND,ND,#N/A,#N/A,#N/A,M,V,,43.5,111.5,113.5,101.79,90s,,,,,,,,,,,,,,,,,,,,,,,,,,,,,,
627,2013,1/15/2013,week3,Muskeget,PUP,,,NA,NA,N,NA,ND,,ND,13KO00100,13KO00193,13KO00056, >45, >45, >45,ND,ND,ND,ND,ND,ND,#N/A,#N/A,#N/A,M,IV,,50.9,117,108.5,92.74,90s,,,,,,,,,,,,,,,,,,,,,,,,,,,,,,
628,2013,1/15/2013,week3,Muskeget,PUP,,,NA,NA,N,NA,ND,,ND,13KO00061,13KO00101,13KO00172, >45, >45, >45,ND,ND,ND,ND,ND,ND,#N/A,#N/A,#N/A,M,U,,38.3,111,97.5,87.84,80s,,,,,,,,,,,,,,,,,,,,,,,,,,,,,,
629,2013,1/15/2013,week3,Muskeget,PUP,,,NA,NA,N,NA,ND,,ND,13KO00142,13KO00152,13KO00162, >45, >45, >45,ND,ND,ND,ND,ND,ND,#N/A,#N/A,#N/A,M,V,,33.2,110.5,93,84.16,80s,,,,,,,,,,,,,,,,,,,,,,,,,,,,,,
630,2013,1/15/2013,week3,Muskeget,PUP,,,NA,NA,N,NA,ND,,ND,13KO00112,13KO00132,13KO00122, >45, >45, >45,ND,ND,ND,ND,ND,ND,#N/A,#N/A,#N/A,M,V,,51.4,116.5,115,98.71,90s,,,,,,,,,,,,,,,,,,,,,,,,,,,,,,
631,2013,1/15/2013,week3,Muskeget,PUP,,,NA,NA,N,NA,ND,,ND,13KO00171,13KO00102,13KO00173, >45, >45, >45,ND,ND,ND,ND,ND,ND,#N/A,#N/A,#N/A,M,V,,33.9,107,94.5,88.32,80s,,,,,,,,,,,,,,,,,,,,,,,,,,,,,,
632,2013,1/15/2013,week3,Muskeget,PUP,,,NA,NA,P,Con,ND,,ND,13KO00151,13KO00161,13KO00191, >45,POS, >45,ND,ND,ND,ND,ND,ND,#N/A,#N/A,#N/A,F,V,,46,113.5,109,96.04,90s,,,,,,,,,,,,,,,,,,,,,,,,,,,,,,
633,2013,1/15/2013,week3,Muskeget,PUP,,,NA,NA,P,Con,ND,,ND,13KO00121,13KO00141,13KO00131, >45,POS, >45,ND,ND,ND,ND,ND,ND,#N/A,#N/A,#N/A,M,IV,,39.4,107.5,99.5,92.56,90s,,,,,,,,,,,,,,,,,,,,,,,,,,,,,,
634,2013,1/15/2013,week3,Muskeget,PUP,,,NA,NA,N,NA,ND,,ND,13KO00163,13KO00192,13KO00111, >45, >45, >45,ND,ND,ND,ND,ND,ND,#N/A,#N/A,#N/A,F,V,,45.2,112,112,100.00,90s,,,,,,,,,,,,,,,,,,,,,,,,,,,,,,
635,2013,1/15/2013,week3,Muskeget,PUP,,,NA,NA,N,NA,ND,,ND,13KO00133,13KO00153,13KO00143, >45, >45, >45,ND,ND,ND,ND,ND,ND,#N/A,#N/A,#N/A,F,V,,41.9,113,104,92.04,90s,,,,,,,,,,,,,,,,,,,,,,,,,,,,,,
636,2013,1/15/2013,week3,Muskeget,PUP,,,NA,NA,N,NA,ND,,ND,13KO00113,13KO00123,13KO00103, >45, >45, >45,ND,ND,ND,ND,ND,ND,#N/A,#N/A,#N/A,F,V,,41.4,115.5,97,83.98,80s,,,,,,,,,,,,,,,,,,,,,,,,,,,,,,
637,2013,1/15/2013,week3,Muskeget,PUP,,,NA,NA,N,NA,ND,,ND,13KO00184,13KO00194,13KO00194, >45, >45, >45,ND,ND,ND,ND,ND,ND,#N/A,#N/A,#N/A,F,V,,37.9,102.5,99,96.59,90s,,,,,,,,,,,,,,,,,,,,,,,,,,,,,,
638,2013,1/15/2013,week3,Muskeget,PUP,,,NA,NA,N,NA,ND,,ND,13KO00154,13KO00134,13KO00144, >45, >45, >45,ND,ND,ND,ND,ND,ND,#N/A,#N/A,#N/A,M,V,,40.2,105,99.5,94.76,90s,,,,,,,,,,,,,,,,,,,,,,,,,,,,,,
639,2013,1/15/2013,week3,Muskeget,PUP,,,NA,NA,N,NA,ND,,ND,13KO00114,13KO00104,13KO00124, >45, >45, >45,ND,ND,ND,ND,ND,ND,#N/A,#N/A,#N/A,M,V,,49.4,116,108,93.10,90s,,,,,,,,,,,,,,,,,,,,,,,,,,,,,,
801,2016,1/28/2016,week4,Muskeget,PUP,,,NA,NA,N,NA,N,,N,16MK00004,16MK00005,16MK00006,>45 ,>45 ,>45 ,>45,>45,>45,ND,ND,ND,#N/A,#N/A,#N/A,M,V,,44.4,131.5,101,76.81,70s,,,,,,,,,,,,,,,,,,,,,,,,,,,,,,
802,2016,1/15/2016,week3,Muskeget,PUP,,,NA,NA,N,NA,N,,N,16MK00007,16MK00008,16MK00009,>45 ,>45 ,>45 ,>45,>45,>45,ND,ND,ND,#N/A,#N/A,#N/A,F,V,,37,109,98.5,90.37,90s,,,,,,,,,,,,,,,,,,,,,,,,,,,,,,
803,2016,1/15/2016,week3,Muskeget,PUP,,,NA,NA,N,NA,N,,N,16MK00010,16MK00011,16MK00012,>45 ,>45 ,>45 ,>45,>45,>45,ND,ND,ND,#N/A,#N/A,#N/A,F,V,,44.2,94.5,104,110.05,90s,,,,,,,,,,,,,,,,,,,,,,,,,,,,spotted alive and happy Chatham 10/22/16,,
805,2016,1/15/2016,week3,Muskeget,PUP,,,NA,NA,N,NA,N,,N,16MK00016,16MK00017,16MK00018,>45 ,>45 ,>45 ,>45,>45,>45,ND,ND,ND,#N/A,#N/A,#N/A,F,IV,,16.8,101,66,65.35,70s,,,,,,,,,,,,,,,,,,,,,,,,,,,,,,
806,2016,1/15/2016,week3,Muskeget,PUP,,,NA,NA,N,NA,N,,N,16MK00019,16MK00020,16MK00021,>45 ,>45 ,>45 ,>45,>45,>45,ND,ND,ND,#N/A,#N/A,#N/A,F,V,,36,109,91.5,83.94,80s,,,,,,,,,,,,,,,,,,,,,,,,,,,,,,
808,2016,1/15/2016,week3,Muskeget,PUP,,,NA,NA,N,NA,N,,N,16MK00025,16MK00026,16MK00027,>45 ,>45 ,>45 ,>45,>45,>45,ND,ND,ND,#N/A,#N/A,#N/A,M,V,,41.6,116,105,90.52,90s,,,,,,,,,,,,,,,,,,,,,,,,,,,,,,
809,2016,1/28/2016,week4,Muskeget,PUP,,,NA,NA,N,NA,N,,N,16MK00028,16MK00029,16MK00030,>45 ,>45 ,>45 ,>45,>45,>45,ND,ND,ND,#N/A,#N/A,#N/A,F,V,,31.8,100,63,63.00,70s,,,,,,,,,,,,,,,,,,,,,,,,,,,,,,
810,2016,1/28/2016,week4,Muskeget,PUP,,,NA,NA,N,NA,N,,N,16MK00031,16MK00032,16MK00033,>45 ,>45 ,>45 ,>45,>45,>45,ND,ND,ND,#N/A,#N/A,#N/A,F,V,,37.5,99,97,97.98,90s,,,,,,,,,,,,,,,,,,,,,,,,,,,,,,
811,2016,1/28/2016,week4,Muskeget,PUP,,,NA,NA,N,NA,N,,P,16MK00034,16MK00035,16MK00036,>45 ,>45 ,>45 ,>45,>45,>45,ND,ND,ND,#N/A,41.5572,#N/A,F,III,,41.4,101,114,112.87,90s,,,,,,,,,,,,,,,,,,,,,,,,,,,,,,
811,2018,1/19/2018,week3,Monomoy,PUP,,live,NA,NA,N,NA,N,IAV seropos,P,18MK00175,18MK00176,18MK00177,>45,>45,>45,>45,>45,>45,ND,ND,ND,#N/A,41.5594444,-69.99083333,F,V,NA,25.2,84.5,105,124.26,bigger,20,25.5,Y,Y,N,N,N,N,,NA,,,811,811,NA,,no,no,,,,,,,2.5,ND,3 pups molt V,,,
812,2016,1/15/2016,week3,Muskeget,PUP,,,NA,NA,N,NA,N,,N,16MK00037,16MK00038,16MK00039,>45 ,>45 ,>45 ,>45,>45,>45,ND,ND,ND,#N/A,#N/A,#N/A,M,U,,52.4,122.5,109,88.98,80s,,,,,,,,,,,,,,,,,,,,,,,,,,,,,,
813,2016,1/28/2016,week4,Muskeget,PUP,,,NA,NA,N,NA,N,,N,16MK00040,16MK00041,16MK00042,>45 ,>45 ,>45 ,>45,>45,>45,ND,ND,ND,#N/A,41.5594444,#N/A,F,V,,37.8,141,86,60.99,70s,,,,,,,,,,,,,,,,,,,,,,,,,,,,,,
813,2018,1/19/2018,week3,Monomoy,PUP,,live,NA,NA,N,NA,WEAK,PDV,N,18MK00172,18MK00173,18MK00174,>45,>45,>45,41.6687355,41.95578003,>45,ND,ND,ND,#N/A,41.557,-69.9913,M,V,NA,38.8,121,92,76.03,70s,20,28.5,Y,Y,N,N,N,N,,NA,,,813,813,NA,,yes,no,,,,,,,3.5,on dune,1 pup molt III,,,
814,2016,1/15/2016,week3,Muskeget,PUP,,,NA,NA,N,NA,N,,N,16MK00043,16MK00044,16MK00045,>45 ,>45 ,>45 ,>45,>45,>45,ND,ND,ND,#N/A,#N/A,#N/A,F,V,,46.4,114,105,92.11,90s,,,,,,,,,,,,,,,,,,,,,,,,,,,,,,
820,2016,1/28/2016,week4,Muskeget,PUP,,,NA,NA,N,NA,N,,0,16MK00061,16MK00062,16MK00063,>45 ,>45 ,>45 ,>45,>45,>45,ND,ND,ND,#N/A,41.557,#N/A,M,U,,U,U,U,NA,90s,,,,,,,,,,,,,,,,,,,,,,,,,,,,,,
820,2018,1/19/2018,week3,Monomoy,PUP,,live,NA,NA,N,NA,N,None detected,ND,18MK00184,18MK00185,18MK00186,>45,>45,>45,>45,>45,>45,ND,ND,ND,#N/A,41.5611111,-69.99138889,F,V,NA,44.2,100,ND,#VALUE!,#VALUE!,ND,28,N,NA,N,N,N,N,,NA,,,820,820,NA,,no,no,,,,,,,3.5,ND,ND,,,
821,2018,1/19/2018,week3,Monomoy,PUP,,live,NA,NA,N,NA,WEAK,PDV,N,18MK00187,18MK00188,18MK00189,>45,>45,>45,42.45497131,>45,>45,ND,ND,ND,#N/A,41.558049,-69.99101,M,III,NA,23,105,82.5,78.57,70s,22.5,27.2,Y,Y,N,N,N,N,,NA,,,821,821,NA,,yes,yes,,,,,,,2.5,"scrub, beach",none,,,
822,2016,1/28/2016,week4,Muskeget,PUP,,,NA,NA,N,NA,N,,N,16MK00067,16MK00068,16MK00069,>45 ,>45 ,>45 ,>45,>45,>45,ND,ND,ND,#N/A,#N/A,#N/A,F,V,,47.8,100,98,98.00,90s,,,,,,,,,,,,,,,,,,,,,,,,,,,,,,
824,2016,1/28/2016,week4,Muskeget,PUP,,,NA,NA,N,NA,N,,N,16MK00073,16MK00074,16MK00075,>45 ,>45 ,>45 ,>45,>45,>45,ND,ND,ND,#N/A,#N/A,#N/A,M,V,,42.2,95,97.5,102.63,90s,,,,,,,,,,,,,,,,,,,,,,,,,,,,,,
845,2016,1/15/2016,week3,Muskeget,PUP,,,NA,NA,N,NA,N,,N,16MK00136,16MK00137,16MK00138,>45 ,>45 ,>45 ,>45,>45,>45,ND,ND,ND,#N/A,#N/A,#N/A,M,V,,50.8,110,111,100.91,90s,,,,,,,,,,,,,,,,,,,,,,,,,,,,,,
846,2016,1/15/2016,week3,Muskeget,PUP,,,NA,NA,N,NA,N,,N,16MK00139,16MK00140,16MK00141,>45 ,>45 ,>45 ,>45,>45,>45,ND,ND,ND,#N/A,#N/A,#N/A,M,V,,43.2,122,99.8,81.80,80s,,,,,,,,,,,,,,,,,,,,,,,,,,,,"Sealphen King, NMLC16-030PHg, IFAW16-201Hg, recovered from lobster trap at Chatham 10/8/2016, rehabilitated at NMLC and resampled, released at Scusset Beach 11/11/16",,
847,2016,1/15/2016,week3,Muskeget,PUP,,,NA,NA,N,NA,N,,N,16MK00142,16MK00143,16MK00144,>45 ,>45 ,>45 ,>45,>45,>45,ND,ND,ND,#N/A,#N/A,#N/A,F,V,,37,107,90.5,84.58,80s,,,,,,,,,,,,,,,,,,,,,,,,,,,,,,
848,2016,1/15/2016,week3,Muskeget,PUP,,,NA,NA,N,NA,N,,N,16MK00145,16MK00146,16MK00147,>45 ,>45 ,>45 ,>45,>45,>45,ND,ND,ND,#N/A,#N/A,#N/A,M,V,,49.2,109.2,101,92.49,90s,,,,,,,,,,,,,,,,,,,,,,,,,,,,,,
849,2016,1/15/2016,week3,Muskeget,PUP,,,NA,NA,N,NA,N,,N,16MK00148,16MK00149,16MK00150,>45 ,>45 ,>45 ,>45,>45,>45,ND,ND,ND,#N/A,#N/A,#N/A,M,V,,37.4,109,92,84.40,80s,,,,,,,,,,,,,,,,,,,,,,,,,,,,,,
851,2016,1/15/2016,week3,Monomoy,PUP,,,NA,NA,N,NA,N,,N,16MK00154,16MK00155,16MK00156,>45 ,>45 ,>45 ,>45,>45,>45,ND,ND,ND,#N/A,#N/A,#N/A,M,V,,42.2,106,107,100.94,90s,,,,,,,,,,,,,,,,,,,,,,,,,,,,"Middle Island Nova Scotia, Aug 2016, dead",,
852,2016,1/15/2016,week3,Monomoy,PUP,,,NA,NA,N,NA,N,,N,16MK00157,16MK00158,16MK00159,>45 ,>45 ,>45 ,>45,>45,>45,ND,ND,ND,#N/A,#N/A,#N/A,M,V,,35,108,90,83.33,80s,,,,,,,,,,,,,,,,,,,,,,,,,,,,,,
853,2016,1/15/2016,week3,Monomoy,PUP,,,NA,NA,P,Con,N,Y,N,16MK00160,16MK00161,16MK00162,>45 ,40.98,>45 ,>45,>45,>45,ND,ND,ND,450.0548847,#N/A,#N/A,F,III,,39,101,101,100.00,90s,,,,,,,,,,,,,,,,,,,,,,,,,,,,,,
854,2016,1/15/2016,week3,Monomoy,PUP,,,NA,NA,P,Con,N,Y,N,16MK00163,16MK00164,16MK00165,>45 ,36.31,>45 ,>45,>45,>45,ND,ND,ND,68.77579092,#N/A,#N/A,M,IV,,29.2,104,86,82.69,80s,,,,,,,,,,,,,,,,,,,,,,,,,,,,,,
855,2016,1/15/2016,week3,Monomoy,PUP,,,NA,NA,N,NA,N,,N,16MK00166,16MK00167,16MK00168,>45 ,>45 ,>45 ,>45,>45,>45,ND,ND,ND,#N/A,#N/A,#N/A,F,V,,36.4,102,92,90.20,90s,,,,,,,,,,,,,,,,,,,,,,,,,,,,,,
857,2016,1/15/2016,week3,Monomoy,PUP,,,NA,NA,N,NA,N,N,N,16MK00172,16MK00173,16MK00174,>45 ,>45 ,>45 ,>45,>45,>45,ND,ND,ND,46.65161776,#N/A,#N/A,M,IV,,32.2,112,89,79.46,70s,,,,,,,,,,,,,,,,,,,,,,,,,,,,,,
858,2016,1/26/2016,week4,Monomoy,PUP,,,NA,NA,N,NA,N,,N,16MK00175,16MK00176,16MK00177,>45 ,>45 ,>45 ,>45,>45,>45,ND,ND,ND,#N/A,#N/A,#N/A,F,V,,39.4,105,90,85.71,80s,,,,,,,,,,,,,,,,,,,,,,,,,,,,,,
859,2016,1/17/2016,week3,Monomoy,PUP,,,NA,NA,N,NA,N,,N,16MK00178,16MK00179,16MK00180,>45 ,>45 ,>45 ,>45,>45,>45,ND,ND,ND,#N/A,#N/A,#N/A,M,IV,,38.2,111,98,88.29,80s,,,,,,,,,,,,,,,,,,,,,,,,,,,,,,
860,2016,1/17/2016,week3,Monomoy,PUP,,,NA,NA,P,Con,N,,N,16MK00181,16MK00182,16MK00183,>45 ,31.13,>45 ,>45,>45,>45,ND,ND,ND,#N/A,#N/A,#N/A,M,IV,,45.4,122,100,81.97,80s,,,,,,,,,,,,,,,,,,,,,,,,,,,,,,
861,2016,1/17/2016,week3,Monomoy,PUP,,,NA,NA,N,NA,N,,P,16MK00184,16MK00185,16MK00186,>45 ,>45 ,>45 ,>45,>45,>45,ND,ND,ND,#N/A,#N/A,#N/A,F,V,,35,111,96,86.49,80s,,,,,,,,,,,,,,,,,,,,,,,,,,,,,,
862,2016,1/17/2016,week3,Monomoy,PUP,,,NA,NA,N,NA,N,,P,16MK00187,16MK00188,16MK00189,>45 ,>45 ,>45 ,>45,>45,>45,ND,ND,ND,#N/A,#N/A,#N/A,F,V,,27,107,79.5,74.30,70s,,,,,,,,,,,,,,,,,,,,,,,,,,,,,,
863,2016,1/17/2016,week3,Monomoy,PUP,,,NA,NA,N,NA,N,,N,16MK00190,16MK00191,16MK00192,>45 ,>45 ,>45 ,>45,>45,>45,ND,ND,ND,#N/A,#N/A,#N/A,F,V,,30.6,127,117,92.13,90s,,,,,,,,,,,,,,,,,,,,,,,,,,,,,,
864,2016,1/17/2016,week3,Monomoy,PUP,,,NA,NA,N,NA,N,,N,16MK00193,16MK00194,16MK00195,>45 ,>45 ,>45 ,>45,>45,>45,ND,ND,ND,#N/A,#N/A,#N/A,M,V,,48.8,121,105,86.78,80s,,,,,,,,,,,,,,,,,,,,,,,,,,,,,,
865,2016,1/17/2016,week3,Monomoy,PUP,,,NA,NA,N,NA,N,,N,16MK00196,16MK00197,16MK00198,>45 ,>45 ,>45 ,>45,>45,>45,ND,ND,ND,#N/A,#N/A,#N/A,F,V,,39,115,99,86.09,80s,,,,,,,,,,,,,,,,,,,,,,,,,,,,,,
866,2016,1/17/2016,week3,Monomoy,PUP,,,NA,NA,N,NA,N,,N,16MK00199,16MK00200,16MK00201,>45 ,>45 ,>45 ,>45,>45,>45,ND,ND,ND,#N/A,#N/A,#N/A,U,IV,,41.4,122,100,81.97,80s,,,,,,,,,,,,,,,,,,,,,,,,,,,,,,
867,2016,1/26/2016,week4,Monomoy,PUP,,,NA,NA,N,NA,N,,N,16MK00202,16MK00203,16MK00204,>45 ,>45 ,>45 ,>45,>45,>45,ND,ND,ND,#N/A,#N/A,#N/A,M,IV,,41.4,112,92,82.14,80s,,,,,,,,,,,,,,,,,,,,,,,,,,,,,,
868,2016,1/26/2016,week4,Monomoy,PUP,,,NA,NA,N,NA,N,,N,16MK00205,16MK00206,16MK00207,>45 ,>45 ,>45 ,>45,>45,>45,ND,ND,ND,#N/A,#N/A,#N/A,M,V,,39,113,92,81.42,80s,,,,,,,,,,,,,,,,,,,,,,,,,,,,,,
869,2016,1/26/2016,week4,Monomoy,PUP,,,NA,NA,N,NA,N,N,N,16MK00208,16MK00209,16MK00210,>45 ,>45 ,>45 ,>45,>45,>45,ND,ND,ND,128.0107799,#N/A,#N/A,F,V,,38.2,120,99,82.50,80s,,,,,,,,,,,,,,,,,,,,,,,,,,,,,,
870,2016,1/26/2016,week4,Monomoy,PUP,,,NA,NA,N,NA,N,,N,16MK00211,16MK00212,16MK00213,>45 ,>45 ,>45 ,>45,>45,>45,ND,ND,ND,#N/A,#N/A,#N/A,U,V,,47.4,114,104,91.23,90s,,,,,,,,,,,,,,,,,,,,,,,,,,,,,,
871,2016,1/17/2016,week3,Monomoy,PUP,,,NA,NA,N,NA,N,,N,16MK00214,16MK00215,16MK00216,>45 ,>45 ,>45 ,>45,>45,>45,ND,ND,ND,#N/A,#N/A,#N/A,M,V,,32,113,86.5,76.55,70s,,,,,,,,,,,,,,,,,,,,,,,,,,,,,,
872,2016,1/17/2016,week3,Monomoy,PUP,,,NA,NA,N,NA,N,,N,16MK00217,16MK00218,16MK00219,>45 ,>45 ,>45 ,>45,>45,>45,ND,ND,ND,#N/A,#N/A,#N/A,M,III,,44.8,106,102.6,96.79,90s,,,,,,,,,,,,,,,,,,,,,,,,,,,,,,
873,2016,1/26/2016,week4,Monomoy,PUP,,,NA,NA,N,NA,N,,N,16MK00220,16MK00221,16MK00222,>45 ,>45 ,>45 ,>45,>45,>45,ND,ND,ND,#N/A,#N/A,#N/A,F,IV,,38,119.4,109,91.29,90s,,,,,,,,,,,,,,,,,,,,,,,,,,,,,,
874,2016,1/26/2016,week4,Monomoy,PUP,,,NA,NA,N,NA,N,,N,16MK00223,16MK00224,16MK00225,>45 ,>45 ,>45 ,>45,>45,>45,ND,ND,ND,#N/A,#N/A,#N/A,M,V,,34.6,110,85,77.27,70s,,,,,,,,,,,,,,,,,,,,,,,,,,,,,,
875,2016,1/26/2016,week4,Monomoy,PUP,,,NA,NA,N,NA,N,,N,16MK00226,16MK00227,16MK00228,>45 ,>45 ,>45 ,>45,>45,>45,ND,ND,ND,#N/A,#N/A,#N/A,U,V,,46,121,106,87.60,80s,,,,,,,,,,,,,,,,,,,,,,,,,,,,,,
876,2016,1/15/2016,week3,Monomoy,PUP,,,NA,NA,N,NA,N,,N,16MK00229,16MK00230,16MK00231,>45 ,>45 ,>45 ,>45,>45,>45,ND,ND,ND,#N/A,#N/A,#N/A,F,V,,26.8,107.5,82,76.28,70s,,,,,,,,,,,,,,,,,,,,,,,,,,,,spotted fat and happy on Great Gull Island 5/5/2106 (~115miles as the crow flies),,
877,2016,1/15/2016,week3,Monomoy,PUP,,,NA,NA,N,NA,N,,N,16MK00232,16MK00233,16MK00234,>45 ,>45 ,>45 ,>45,>45,>45,ND,ND,ND,#N/A,#N/A,#N/A,M,V,,28.6,102.5,86,83.90,80s,,,,,,,,,,,,,,,,,,,,,,,,,,,,,,
878,2016,1/15/2016,week3,Monomoy,PUP,,,NA,NA,N,NA,N,,N,16MK00235,16MK00236,16MK00237,>45 ,>45 ,>45 ,>45,>45,>45,ND,ND,ND,#N/A,#N/A,#N/A,F,V,,31.4,100.5,89.5,89.05,80s,,,,,,,,,,,,,,,,,,,,,,,,,,,,,,
879,2016,1/15/2016,week3,Monomoy,PUP,,,NA,NA,N,NA,WEAK,,N,16MK00238,16MK00239,16MK00240,>45 ,>45 ,>45 ,>45,>45,39.596,ND,ND,ND,#N/A,#N/A,#N/A,F,IV,,39.4,103,92,89.32,80s,,,,,,,,,,,,,,,,,,,,,,,,,,,,,,
880,2016,1/26/2016,week4,Monomoy,PUP,,,NA,NA,N,NA,N,,N,16MK00241,16MK00242,16MK00243,>45 ,>45 ,>45 ,>45,>45,>45,ND,ND,ND,#N/A,#N/A,#N/A,F,V,,38.2,113,99,87.61,80s,,,,,,,,,,,,,,,,,,,,,,,,,,,,,,
881,2016,1/15/2016,week3,Monomoy,PUP,,,NA,NA,N,NA,N,,N,16MK00244,16MK00245,16MK00246,>45 ,>45 ,>45 ,>45,>45,>45,ND,ND,ND,#N/A,#N/A,#N/A,F,V,,43.4,106,107.2,101.13,90s,,,,,,,,,,,,,,,,,,,,,,,,,,,,,,
882,2016,1/26/2016,week4,Monomoy,PUP,,,NA,NA,N,NA,N,,N,16MK00247,16MK00248,16MK00249,>45 ,>45 ,>45 ,>45,>45,>45,ND,ND,ND,#N/A,#N/A,#N/A,F,V,,37.2,108,90,83.33,80s,,,,,,,,,,,,,,,,,,,,,,,,,,,,,,
883,2016,1/27/2016,week4,Monomoy,PUP,,,NA,NA,N,NA,N,,N,16MK00250,16MK00251,16MK00252,>45 ,>45 ,>45 ,>45,>45,>45,ND,ND,ND,#N/A,#N/A,#N/A,M,IV,,35.6,99,88,88.89,80s,,,,,,,,,,,,,,,,,,,,,,,,,,,,,,
884,2016,1/27/2016,week4,Monomoy,PUP,,,NA,NA,N,NA,N,,N,16MK00253,16MK00254,16MK00255,>45 ,>45 ,>45 ,>45,>45,>45,ND,ND,ND,#N/A,#N/A,#N/A,M,IV,,40,109,92,84.40,80s,,,,,,,,,,,,,,,,,,,,,,,,,,,,,,
885,2016,1/17/2016,week3,Monomoy,PUP,,,NA,NA,N,NA,N,,P,16MK00256,16MK00257,16MK00258,>45 ,>45 ,>45 ,>45,>45,>45,ND,ND,ND,#N/A,#N/A,#N/A,F,III,,44.8,108,108.5,100.46,90s,,,,,,,,,,,,,,,,,,,,,,,,,,,,,,
886,2016,1/17/2016,week3,Monomoy,PUP,,,NA,NA,N,NA,N,N,N,16MK00259,16MK00260,16MK00261,>45 ,>45 ,>45 ,>45,>45,>45,ND,ND,ND,148.8386173,#N/A,#N/A,M,V,,34,103,94,91.26,90s,,,,,,,,,,,,,,,,,,,,,,,,,,,,,,
887,2016,1/17/2016,week3,Monomoy,PUP,,,NA,NA,N,NA,N,,N,16MK00262,16MK00263,16MK00264,>45 ,>45 ,>45 ,>45,>45,>45,ND,ND,ND,#N/A,#N/A,#N/A,F,V,,45.2,103.5,108.5,104.83,90s,,,,,,,,,,,,,,,,,,,,,,,,,,,,,,
888,2016,1/17/2016,week3,Monomoy,PUP,,,NA,NA,N,NA,N,,N,16MK00265,16MK00266,16MK00267,>45 ,>45 ,>45 ,>45,>45,>45,ND,ND,ND,#N/A,#N/A,#N/A,U,V,,34.6,99,U,NA,90s,,,,,,,,,,,,,,,,,,,,,,,,,,,,,,
889,2016,1/27/2016,week4,Monomoy,PUP,,,NA,NA,N,NA,N,,N,16MK00268,16MK00269,16MK00270,>45 ,>45 ,>45 ,>45,>45,>45,ND,ND,ND,#N/A,#N/A,#N/A,M,IV,,27.8,100,81,81.00,80s,,,,,,,,,,,,,,,,,,,,,,,,,,,,,,
890,2016,1/16/2016,week3,Monomoy,PUP,,,NA,NA,N,NA,N,,N,16MK00271,16MK00272,16MK00273,>45 ,>45 ,>45 ,>45,>45,>45,ND,ND,ND,#N/A,#N/A,#N/A,M,V,,43.8,112,102,91.07,90s,,,,,,,,,,,,,,,,,,,,,,,,,,,,,,
891,2016,1/16/2016,week3,Monomoy,PUP,,,NA,NA,N,NA,P,,N,16MK00274/5,16MK00283,16MK00276,>45 ,>45 ,>45 ,>45,>45,38.577,ND,ND,ND,#N/A,#N/A,#N/A,M,V,,40.4,112,96,85.71,80s,,,,,,,,,,,,,,,,,,,,,,,,,,,,seen in Chatham Harbor (alive) late Sept 2016,,
892,2016,1/16/2016,week3,Monomoy,PUP,,,NA,NA,N,NA,N,,N,16MK00277,16MK00278,16MK00279,>45 ,>45 ,>45 ,>45,>45,>45,ND,ND,ND,#N/A,#N/A,#N/A,F,III,,28.8,100,92.5,92.50,90s,,,,,,,,,,,,,,,,,,,,,,,,,,,,found eaten by shark on Nauset Beach 6/20/16,,
893,2016,1/16/2016,week3,Monomoy,PUP,,,NA,NA,N,NA,N,,N,16MK00280,16MK00281,16MK00282,>45 ,>45 ,>45 ,>45,>45,>45,ND,ND,ND,#N/A,#N/A,#N/A,M,III,,40.8,119,97,81.51,80s,,,,,,,,,,,,,,,,,,,,,,,,,,,,,,
894,2016,1/28/2016,week4,Monomoy,PUP,,,NA,NA,#N/A,NA,#N/A,,N,Hg894nasal,16MK00284,16MK00285,#N/A,>45,>45,#N/A,>45,>45,ND,ND,ND,#N/A,#N/A,#N/A,M,V,,28.2,102,84,82.35,80s,,,,,,,,,,,,,,,,,,,,,,,,,,,,"reported by fisherman on 3/2/2016 - tag returned, reported bluetooth tag, no further info",,
895,2016,1/16/2016,week3,Monomoy,PUP,,,NA,NA,N,NA,N,,N,16MK00286,16MK00287,16MK00288,>45 ,>45 ,>45 ,>45,>45,>45,ND,ND,ND,#N/A,#N/A,#N/A,F,III,,43.4,109,102,93.58,90s,,,,,,,,,,,,,,,,,,,,,,,,,,,,,,
896,2016,1/16/2016,week3,Monomoy,PUP,,,NA,NA,N,NA,N,N,N,16MK00289,16MK00290,16MK00291,>45 ,>45 ,>45 ,>45,>45,>45,ND,ND,ND,83.88675288,#N/A,#N/A,F,IV,,38.8,110,99,90.00,90s,,,,,,,,,,,,,,,,,,,,,,,,,,,,,,
897,2016,1/16/2016,week3,Monomoy,PUP,,,NA,NA,N,NA,N,,N,16MK00292,16MK00293,16MK00294,>45 ,>45 ,>45 ,>45,>45,>45,ND,ND,ND,#N/A,#N/A,#N/A,F,IV,,44.8,112,97.5,87.05,80s,,,,,,,,,,,,,,,,,,,,,,,,,,,,,,
898,2016,1/16/2016,week3,Monomoy,PUP,,,NA,NA,N,NA,P,,N,16MK00295,16MK00296,16MK00297,>45 ,>45 ,>45 ,>45,>45,38.862,ND,ND,ND,#N/A,#N/A,#N/A,M,III,,44,112,108,96.43,90s,,,,,,,,,,,,,,,,,,,,,,,,,,,,,,
899,2016,1/26/2016,week4,Monomoy,PUP,,,NA,NA,N,NA,N,,N,16MK00298,16MK00299,16MK00300,>45 ,>45 ,>45 ,>45,>45,>45,ND,ND,ND,#N/A,#N/A,#N/A,M,III,,37.2,107,87,81.31,80s,,,,,,,,,,,,,,,,,,,,,,,,,,,,,,
900,2016,1/16/2016,week3,Monomoy,PUP,,,NA,NA,N,NA,N,N,N,16MK00301,16MK00302,16MK00303,>45 ,>45 ,>45 ,>45,>45,>45,ND,ND,ND,110.4755054,#N/A,#N/A,M,V,,35.2,122,91.6,75.08,70s,,,,,,,,,,,,,,,,,,,,,,,,,,,,,,
901,2016,1/16/2016,week3,Monomoy,PUP,,,NA,NA,N,NA,N,,N,16MK00304,16MK00305,16MK00306,>45 ,>45 ,>45 ,>45,>45,>45,ND,ND,ND,#N/A,#N/A,#N/A,F,V,,40,102.5,U,NA,90s,,,,,,,,,,,,,,,,,,,,,,,,,,,,,,
902,2016,1/16/2016,week3,Monomoy,PUP,,,NA,NA,N,NA,N,,N,16MK00307,16MK00308,16MK00309,>45 ,>45 ,>45 ,>45,>45,>45,ND,ND,ND,#N/A,#N/A,#N/A,F,III,,33.8,101,85,84.16,80s,,,,,,,,,,,,,,,,,,,,,,,,,,,,,,
903,2016,1/16/2016,week3,Monomoy,PUP,,,NA,NA,N,NA,N,,N,16MK00310,16MK00311,16MK00312,>45 ,>45 ,>45 ,>45,>45,>45,ND,ND,ND,#N/A,#N/A,#N/A,F,V,,30.2,102,84.8,83.14,80s,,,,,,,,,,,,,,,,,,,,,,,,,,,,,,
904,2016,1/16/2016,week3,Monomoy,PUP,,,NA,NA,N,NA,N,,P,16MK00313,16MK00314,16MK00315,>45 ,>45 ,>45 ,>45,>45,>45,ND,ND,ND,#N/A,#N/A,#N/A,M,V,,46,100,102.5,102.50,90s,,,,,,,,,,,,,,,,,,,,,,,,,,,,,,
905,2016,1/16/2016,week3,Monomoy,PUP,,,NA,NA,N,NA,WEAK,,P,16MK00316,16MK00317,16MK00318,>45 ,>45 ,>45 ,>45,>45,39.176,ND,ND,ND,#N/A,#N/A,#N/A,U,V,,37.6,104.4,102.3,97.99,90s,,,,,,,,,,,,,,,,,,,,,,,,,,,,,,
906,2016,1/16/2016,week3,Monomoy,PUP,,,NA,NA,N,NA,N,,N,16MK00319,16MK00320,16MK00321,>45 ,>45 ,>45 ,>45,>45,>45,ND,ND,ND,#N/A,#N/A,#N/A,F,V,,45.8,106.2,109,102.64,90s,,,,,,,,,,,,,,,,,,,,,,,,,,,,,,
907,2016,1/26/2016,week4,Monomoy,PUP,,,NA,NA,N,NA,N,,N,16MK00322,16MK00323,16MK00324,>45 ,>45 ,>45 ,>45,>45,>45,ND,ND,ND,#N/A,#N/A,#N/A,F,IV,,34.2,111,94,84.68,80s,,,,,,,,,,,,,,,,,,,,,,,,,,,,,,
908,2016,1/16/2016,week3,Monomoy,PUP,,,NA,NA,P,RCS,N,,N,16MK00325,16MK00326,16MK00327,>45 ,>45 ,30.983,>45,>45,>45,ND,ND,ND,#N/A,#N/A,#N/A,F,IV,,38.6,99.5,95,95.48,90s,,,,,,,,,,,,,,,,,,,,,,,,,,,,,,
909,2016,1/26/2016,week4,Monomoy,PUP,,,NA,NA,N,NA,N,,N,16MK00328,16MK00329,16MK00330,>45 ,>45 ,>45 ,>45,>45,>45,ND,ND,ND,#N/A,#N/A,#N/A,F,V,,51.4,111,113,101.80,90s,,,,,,,,,,,,,,,,,,,,,,,,,,,,,,
910,2016,1/27/2016,week4,Monomoy,PUP,,,NA,NA,N,NA,N,,N,16MK00331,16MK00332,16MK00333,>45 ,>45 ,>45 ,>45,>45,>45,ND,ND,ND,#N/A,#N/A,#N/A,F,V,,42.2,106,101,95.28,90s,,,,,,,,,,,,,,,,,,,,,,,,,,,,,,
911,2016,1/27/2016,week4,Monomoy,PUP,,,NA,NA,N,NA,N,,N,16MK00334,16MK00335,16MK00336,>45 ,>45 ,>45 ,>45,>45,>45,ND,ND,ND,#N/A,#N/A,#N/A,M,III,,48.4,114,116,101.75,90s,,,,,,,,,,,,,,,,,,,,,,,,,,,,,,
912,2016,1/27/2016,week4,Monomoy,PUP,,,NA,NA,N,NA,N,,N,16MK00337,16MK00338,16MK00339,>45 ,>45 ,>45 ,>45,>45,>45,ND,ND,ND,#N/A,#N/A,#N/A,F,V,,43.6,108,113,104.63,90s,,,,,,,,,,,,,,,,,,,,,,,,,,,,,,
913,2016,1/27/2016,week4,Monomoy,PUP,,,NA,NA,N,NA,N,,N,16MK00340,16MK00341,16MK00342,>45 ,>45 ,>45 ,>45,>45,>45,ND,ND,ND,#N/A,#N/A,#N/A,F,V,,41.2,117,97.5,83.33,80s,,,,,,,,,,,,,,,,,,,,,,,,,,,,,,
914,2016,1/27/2016,week4,Monomoy,PUP,,,NA,NA,N,NA,N,,N,16MK00343,16MK00344,16MK00402,>45 ,>45 ,>45 ,>45,>45,>45,ND,ND,ND,#N/A,#N/A,#N/A,U,IV,,40.4,112,103,91.96,90s,,,,,,,,,,,,,,,,,,,,,,,,,,,,,,
915,2016,1/27/2016,week4,Monomoy,PUP,,,NA,NA,N,NA,N,,N,16MK00346,16MK00347,16MK00348,>45 ,>45 ,>45 ,>45,>45,>45,ND,ND,ND,#N/A,#N/A,#N/A,F,V,,39,115,95,82.61,80s,,,,,,,,,,,,,,,,,,,,,,,,,,,,,,
916,2016,1/27/2016,week4,Monomoy,PUP,,,NA,NA,N,NA,N,,N,16MK00349,16MK00350,16MK00351,>45 ,>45 ,>45 ,>45,>45,>45,ND,ND,ND,#N/A,#N/A,#N/A,F,V,,41,115,98,85.22,80s,,,,,,,,,,,,,,,,,,,,,,,,,,,,,,
917,2016,1/27/2016,week4,Monomoy,PUP,,,NA,NA,N,NA,N,,N,16MK00352,16MK00353,16MK00354,>45 ,>45 ,>45 ,>45,>45,>45,ND,ND,ND,#N/A,#N/A,#N/A,M,IV,,44.6,131,101,77.10,70s,,,,,,,,,,,,,,,,,,,,,,,,,,,,,,
918,2016,1/27/2016,week4,Monomoy,PUP,,,NA,NA,N,NA,N,,N,16MK00355,16MK00356,16MK00357,>45 ,>45 ,>45 ,>45,>45,>45,ND,ND,ND,#N/A,#N/A,#N/A,F,V,,44.4,106,102,96.23,90s,,,,,,,,,,,,,,,,,,,,,,,,,,,,,,
919,2016,1/27/2016,week4,Monomoy,PUP,,,NA,NA,N,NA,N,,N,16MK00358,16MK00359,16MK00360,>45 ,>45 ,>45 ,>45,>45,>45,ND,ND,ND,#N/A,#N/A,#N/A,F,U,,37.65,112,98,87.50,80s,,,,,,,,,,,,,,,,,,,,,,,,,,,,,,
920,2016,1/27/2016,week4,Monomoy,PUP,,,NA,NA,N,NA,N,,N,16MK00361,16MK00362,16MK00363,>45 ,>45 ,>45 ,>45,>45,>45,ND,ND,ND,#N/A,#N/A,#N/A,F,V,,36.6,101,93,92.08,90s,,,,,,,,,,,,,,,,,,,,,,,,,,,,,,
921,2018,2/2/2018,week5,Monomoy,PUP,,live,NA,NA,N,NA,N,None detected,N,18MK00193,18MK00194,18MK00195,>45,>45,>45,>45,>45,>45,ND,ND,ND,#N/A,41.55533333,-69.98833333,F,V,NA,38.2,102,95,93.14,90s,22,26,Y,Y,Y,N,N,N,,NA,,,921,921,NA,Y,no,no,,,,,,,3/3.5,scrub on dune behind adult group,ND,,,
923,2016,1/26/2016,week4,Monomoy,PUP,,,NA,NA,N,NA,N,,N,16MK00370,16MK00371,16MK00372,>45 ,>45 ,>45 ,>45,>45,>45,ND,ND,ND,#N/A,#N/A,#N/A,M,V,,38,108,92,85.19,80s,,,,,,,,,,,,,,,,,,,,,,,,,,,,,,
924,2016,1/28/2016,week4,Monomoy,PUP,,,NA,NA,N,NA,N,,N,16MK00373,16MK00374,16MK00375,>45 ,>45 ,>45 ,>45,>45,>45,ND,ND,ND,#N/A,#N/A,#N/A,F,V,,39,106,99,93.40,90s,,,,,,,,,,,,,,,,,,,,,,,,,,,,,,
925,2016,1/28/2016,week4,Monomoy,PUP,,,NA,NA,N,NA,N,,N,16MK00376,16MK00377,16MK00378,>45 ,>45 ,>45 ,>45,>45,>45,ND,ND,ND,#N/A,#N/A,#N/A,F,V,,34.8,109,91,83.49,80s,,,,,,,,,,,,,,,,,,,,,,,,,,,,,,
926,2016,1/28/2016,week4,Monomoy,PUP,,,NA,NA,N,NA,N,,N,16MK00379,16MK00380,16MK00381,>45 ,>45 ,>45 ,>45,>45,>45,ND,ND,ND,#N/A,#N/A,#N/A,M,III,,26.2,106,83,78.30,70s,,,,,,,,,,,,,,,,,,,,,,,,,,,,"reported near Mystic on the beach 41.376704, -71.531716, apparently healthy, as of 4/23/16. Left the area on 4/24 (~80 miles as the crow flies)",,
927,2016,1/28/2016,week4,Monomoy,PUP,,,NA,NA,N,NA,N,,N,16MK00382,16MK00383,16MK00384,>45 ,>45 ,>45 ,>45,>45,>45,ND,ND,ND,#N/A,#N/A,#N/A,F,IV,,36,112,91,81.25,80s,,,,,,,,,,,,,,,,,,,,,,,,,,,,,,
928,2016,1/28/2016,week4,Monomoy,PUP,,,NA,NA,N,NA,N,,N,16MK00385,16MK00386,16MK00387,>45 ,>45 ,>45 ,>45,>45,>45,ND,ND,ND,#N/A,#N/A,#N/A,U,III,,37.8,114,96,84.21,80s,,,,,,,,,,,,,,,,,,,,,,,,,,,,,,
929,2016,1/28/2016,week4,Monomoy,PUP,,,NA,NA,N,NA,N,,N,16MK00388,16MK00389,16MK00390,>45 ,>45 ,>45 ,>45,>45,>45,ND,ND,ND,#N/A,#N/A,#N/A,M,V,,48.8,U,102,NA,90s,,,,,,,,,,,,,,,,,,,,,,,,,,,,,,
931,2016,1/27/2016,week4,Monomoy,PUP,,,NA,NA,N,NA,N,,N,16MK00394,16MK00395,16MK00396,>45 ,>45 ,>45 ,>45,>45,>45,ND,ND,ND,#N/A,#N/A,#N/A,F,IV,,24.6,93,84,90.32,90s,,,,,,,,,,,,,,,,,,,,,,,,,,,,,,
934,2016,1/27/2016,week4,Monomoy,PUP,,,NA,NA,N,NA,N,,P,16MK00403,16MK00404,16MK00405,>45 ,>45 ,>45 ,>45,>45,>45,ND,ND,ND,#N/A,#N/A,#N/A,F,V,,37.6,99,93,93.94,90s,,,,,,,,,,,,,,,,,,,,,,,,,,,,,,
935,2016,1/27/2016,week4,Monomoy,PUP,,,NA,NA,N,NA,N,,N,16MK00406,16MK00407,16MK00408,>45 ,>45 ,>45 ,>45,>45,>45,ND,ND,ND,#N/A,#N/A,#N/A,F,V,,41,109,99,90.83,90s,,,,,,,,,,,,,,,,,,,,,,,,,,,,,,
936,2016,1/27/2016,week4,Monomoy,PUP,,,NA,NA,N,NA,N,,N,16MK00409,16MK00410,16MK00411,>45 ,>45 ,>45 ,>45,>45,>45,ND,ND,ND,#N/A,#N/A,#N/A,M,IV,,41.8,109,U,NA,90s,,,,,,,,,,,,,,,,,,,,,,,,,,,,,,
937,2016,1/27/2016,week4,Monomoy,PUP,,,NA,NA,N,NA,N,,N,16MK00412,16MK00413,16MK00414,>45 ,>45 ,>45 ,>45,>45,>45,ND,ND,ND,#N/A,#N/A,#N/A,M,V,,42,112,101,90.18,90s,,,,,,,,,,,,,,,,,,,,,,,,,,,,,,
938,2016,1/27/2016,week4,Monomoy,PUP,,,NA,NA,N,NA,N,,N,16MK00415,16MK00416,16MK00417,>45,>45,>45,>45,>45,>45,ND,ND,ND,#N/A,#N/A,#N/A,M,V,,41.2,107,U,NA,90s,,,,,,,,,,,,,,,,,,,,,,,,,,,,,,
939,2016,1/27/2016,week4,Monomoy,PUP,,,NA,NA,N,NA,N,,N,16MK00418,16MK00419,16MK00420,>45,>45,>45,>45,>45,>45,ND,ND,ND,#N/A,#N/A,#N/A,F,V,,36.6,106,87,82.08,80s,,,,,,,,,,,,,,,,,,,,,,,,,,,,,,
940,2016,1/27/2016,week4,Monomoy,PUP,,,NA,NA,N,NA,N,,N,16MK00421,16MK00422,16MK00423,>45,>45,>45,>45,>45,>45,ND,ND,ND,#N/A,#N/A,#N/A,F,IV,,32.8,106,89,83.96,80s,,,,,,,,,,,,,,,,,,,,,,,,,,,,,,
941,2016,1/28/2016,week4,Monomoy,PUP,,,NA,NA,N,NA,N,,N,16MK00424,16MK00425,16MK00426,>45,>45,>45,>45,>45,>45,ND,ND,ND,#N/A,#N/A,#N/A,M,V,,47.6,109,107,98.17,90s,,,,,,,,,,,,,,,,,,,,,,,,,,,,,,
945,2016,1/28/2016,week4,Monomoy,PUP,,,NA,NA,N,NA,N,,N,16MK00436,16MK00437,16MK00438,>45,>45,>45,>45,>45,>45,ND,ND,ND,#N/A,#N/A,#N/A,M,V,,47.2,127,105,82.68,80s,,,,,,,,,,,,,,,,,,,,,,,,,,,,,,
946,2016,1/28/2016,week4,Monomoy,PUP,,,NA,NA,N,NA,P,,N,16MK00439,16MK00440,16MK00441,>45,>45,>45,>45,POS,>45,ND,ND,ND,#N/A,#N/A,#N/A,F,V,,29.4,97,82,84.54,80s,,,,,,,,,,,,,,,,,,,,,,,,,,,,,,
947,2016,1/28/2016,week4,Monomoy,PUP,,,NA,NA,N,NA,N,,N,16MK00442,16MK00443,16MK00444,>45,>45,>45,>45,>45,>45,ND,ND,ND,#N/A,#N/A,#N/A,U,V,,41.6,109,95,87.16,80s,,,,,,,,,,,,,,,,,,,,,,,,,,,,,,
948,2016,1/28/2016,week4,Monomoy,PUP,,,NA,NA,N,NA,N,,N,16MK00445,16MK00446,16MK00447,>45,>45,>45,>45,>45,>45,ND,ND,ND,#N/A,#N/A,#N/A,F,IV,,40.1,111,92,82.88,80s,,,,,,,,,,,,,,,,,,,,,,,,,,,,,,
949,2016,1/28/2016,week4,Monomoy,PUP,,,NA,NA,N,NA,N,,N,16MK00448,16MK00449,16MK00450,>45,>45,>45,>45,>45,>45,ND,ND,ND,#N/A,#N/A,#N/A,M,IV,,32.8,110,88,80.00,80s,,,,,,,,,,,,,,,,,,,,,,,,,,,,,,
1201,2017,1/11/2017,week2,Monomoy,PUP,,,NA,NA,P,RCS,N,,P,17MK00001,17MK00002,17MK00003,>45,>45,35.2076683,>45,>45,>45,ND,ND,ND,#N/A,#N/A,#N/A,F,V,,42.2,120.0,102.0,85.00,80s,,,,,,,,,,,,,,,,,,,,,,,,,,,,,,
1202,2017,1/10/2017,week2,Monomoy,PUP,,,NA,NA,N,NA,N,,N,17MK00004,17MK00005,17MK00006,>45,>45,>45,>45,>45,>45,ND,ND,ND,#N/A,#N/A,#N/A,F,V,,39.4,111.0,102.0,91.89,90s,,,,,,,,,,,,,,,,,,,,,,,,,,,,,,
1203,2017,1/10/2017,week2,Monomoy,PUP,,,NA,NA,N,NA,N,N,N,17MK00007,17MK00008,17MK00009,>45,>45,>45,>45,>45,>45,ND,ND,ND,88.37209302,#N/A,#N/A,F,III,,28.0,100.0,84.8,84.80,80s,,,,,,,,,,,,,,,,,,,,,,,,,,,,,,
1204,2017,1/10/2017,week2,Monomoy,PUP,,,NA,NA,N,NA,N,N,N,17MK00010,17MK00011,17MK00012,>45,>45,>45,>45,>45,>45,ND,ND,ND,0,#N/A,#N/A,F,V,,43.0,120.0,93.5,77.92,70s,,,,,,,,,,,,,,,,,,,,,,,,,,,,,,
1205,2017,1/11/2017,week2,Monomoy,PUP,,,NA,NA,N,NA,N,,N,17MK00013,17MK00014,17MK00015,>45,>45,>45,>45,>45,>45,ND,ND,ND,#N/A,#N/A,#N/A,F,III,,51.0,125.0,105.5,84.40,80s,,,,,,,,,,,,,,,,,,,,,,,,,,,,,,
1206,2017,1/11/2017,week2,Monomoy,PUP,,,NA,NA,P,RCS,N,Y,N,17MK00016,17MK00017,17MK00018,>45,>45,36.61028671,>45,>45,>45,ND,ND,ND,0,#N/A,#N/A,M,III,,45.6,107.5,101.0,93.95,90s,,,,,,,,,,,,,,,,,,,,,,,,,,,,,,
1207,2017,1/11/2017,week2,Monomoy,PUP,,,NA,NA,N,NA,N,,N,17MK00019,17MK00020,17MK00021,>45,>45,>45,>45,>45,>45,ND,ND,ND,#N/A,#N/A,#N/A,M,III,,35.0,99.0,94.0,94.95,90s,,,,,,,,,,,,,,,,,,,,,,,,,,,,,,
1208,2017,1/11/2017,week2,Monomoy,PUP,,,NA,NA,N,NA,N,N,N,17MK00022,17MK00023,17MK00024,>45,>45,>45,>45,>45,>45,ND,ND,ND,72.09302326,#N/A,#N/A,M,III,,35.6,108.0,94.0,87.04,80s,,,,,,,,,,,,,,,,,,,,,,,,,,,,,,
1209,2017,1/10/2017,week2,Monomoy,PUP,,,NA,NA,P,Con,N,Y,N,17MK00025,17MK00026,17MK00027,>45,31.87500954,>45,>45,>45,>45,ND,ND,ND,44.18604651,#N/A,#N/A,M,IV,,64.4,108.0,108.0,100.00,90s,,,,,,,,,,,,,,,,,,,,,,,,,,,,,,
1210,2017,1/10/2017,week2,Monomoy,PUP,,,NA,NA,N,NA,N,,N,17MK00028,17MK00029,17MK00030,>45,>45,>45,>45,>45,>45,ND,ND,ND,#N/A,#N/A,#N/A,M,IV,,26.2,105.0,88.9,84.67,80s,,,,,,,,,,,,,,,,,,,,,,,,,,,,,,
1211,2017,1/11/2017,week2,Monomoy,PUP,,,NA,NA,P,RCS,N,Y,N,17MK00031,17MK00032,17MK00033,>45,>45,37.756,>45,>45,>45,ND,ND,ND,27.90697674,#N/A,#N/A,M,IV,,45.6,109.0,107.0,98.17,90s,,,,,,,,,,,,,,,,,,,,,,,,,,,,,,
1212,2017,1/10/2017,week2,Monomoy,PUP,,,NA,NA,N,NA,N,N,N,17MK00034,17MK00035,17MK00036,>45,>45,>45,>45,>45,>45,ND,ND,ND,0,#N/A,#N/A,F,III,,39.4,U,U,NA,90s,,,,,,,,,,,,,,,,,,,,,,,,,,,,,,
1213,2017,1/11/2017,week2,Monomoy,PUP,,,NA,NA,N,NA,N,,N,17MK00037,17MK00038,17MK00039,>45,>45,>45,>45,>45,>45,ND,ND,ND,#N/A,#N/A,#N/A,F,V,,32.0,97.0,107.0,110.31,90s,,,,,,,,,,,,,,,,,,,,,,,,,,,,,,
1214,2017,1/10/2017,week2,Monomoy,PUP,,,NA,NA,N,NA,N,,N,17MK00040,17MK00041,17MK00042,>45,>45,>45,>45,>45,>45,ND,ND,ND,#N/A,#N/A,#N/A,M,III,,26.6,91.5,U,NA,90s,,,,,,,,,,,,,,,,,,,,,,,,,,,,,,
1215,2017,1/11/2017,week2,Monomoy,PUP,,,NA,NA,N,NA,N,N,N,17MK00043,17MK00044,17MK00045,>45,>45,>45,>45,>45,>45,ND,ND,ND,158.1395349,#N/A,#N/A,F,V,,47.6,102.5,108.0,105.37,90s,,,,,,,,,,,,,,,,,,,,,,,,,,,,,,
1216,2017,1/11/2017,week2,Monomoy,PUP,,,NA,NA,N,NA,N,N,N,17MK00046,17MK00047,17MK00048,>45,>45,>45,>45,>45,>45,ND,ND,ND,79.81220657,#N/A,#N/A,F,V,,49.2,116.0,110.0,94.83,90s,,,,,,,,,,,,,,,,,,,,,,,,,,,,,,
1217,2017,1/10/2017,week2,Monomoy,PUP,,,NA,NA,N,NA,N,N,N,17MK00049,17MK00050,17MK00051,>45,>45,>45,>45,>45,>45,ND,ND,ND,305.7142857,#N/A,#N/A,M,III,,41.2,113.0,U,NA,90s,,,,,,,,,,,,,,,,,,,,,,,,,,,,,,
1218,2017,1/10/2017,week2,Monomoy,PUP,,,NA,NA,N,NA,N,N,N,17MK00052,17MK00053,17MK00054,>45,>45,>45,>45,>45,>45,ND,ND,ND,72.72727273,#N/A,#N/A,M,III,,32.2,101.0,100.0,99.01,90s,,,,,,,,,,,,,,,,,,,,,,,,,,,,,,
1219,2017,1/11/2017,week2,Monomoy,PUP,,,NA,NA,N,NA,N,N,N,17MK00055,17MK00056,17MK00057,>45,>45,>45,>45,>45,>45,ND,ND,ND,101.2658228,#N/A,#N/A,M,IV,,43.2,114.0,103.0,90.35,90s,,,,,,,,,,,,,,,,,,,,,,,,,,,,,,
1220,2017,1/11/2017,week2,Monomoy,PUP,,,NA,NA,P,RCS,N,,N,17MK00058,17MK00059,17MK00060,>45,>45,35.87914276,>45,>45,>45,ND,ND,ND,#N/A,#N/A,#N/A,F,V,,43.8,110.5,102.0,92.31,90s,,,,,,,,,,,,,,,,,,,,,,,,,,,,,,
1221,2017,1/11/2017,week2,Monomoy,PUP,,,NA,NA,P,Con,N,Y,P,17MK00061,17MK00062,17MK00063,>45,34.35,>45,>45,>45,>45,ND,ND,ND,0,#N/A,#N/A,F,IV,,40.4,108.0,104.0,96.30,90s,,,,,,,,,,,,,,,,,,,,,,,,,,,,,,
1222,2018,1/17/2018,week3,Monomoy,PUP,,live,NA,NA,N,NA,N,IAV seropos,P,18MK00001,18MK00002,18MK00003,>45,>45,>45,>45,>45,>45,ND,ND,ND,#N/A,41.5536,-69.99174,M,III,NA,22,101,76.5,75.74,70s,19,23,N,NA,N,N,N,N,,GRSL232,,,1222,NA,1222,,yes,no,,,,,,,2.5,"sand, grass, inland",6 pups,,,
1223,2017,1/13/2017,week2,Monomoy,PUP,,,NA,NA,N,NA,N,,N,17MK00067,17MK00068,17MK00069,>45,>45,>45,>45,>45,>45,ND,ND,ND,#N/A,#N/A,#N/A,F,III,,52.6,104.0,108.0,103.85,90s,,,,,,,,,,,,,,,,,,,,,,,,,,,,,,
1224,2017,1/11/2017,week2,Monomoy,PUP,,,NA,NA,#N/A,NA,N,N,N,17MK00070,17MK00071,17MK00072,>45,#N/A,#N/A,>45,ND,ND,ND,ND,ND,130.7901907,#N/A,#N/A,M,V,,44.0,105.0,101.0,96.19,90s,,,,,,,,,,,,,,,,,,,,,,,,,,,,,,
1225,2017,1/11/2017,week2,Monomoy,PUP,,,NA,NA,N,NA,N,,N,17MK00073,17MK00074,17MK00075,>45,>45,>45,>45,>45,>45,ND,ND,ND,#N/A,#N/A,#N/A,M,III,,30.8,108.0,90.0,83.33,80s,,,,,,,,,,,,,,,,,,,,,,,,,,,,,,
1226,2017,1/11/2017,week2,Monomoy,PUP,,,NA,NA,P,RCS,N,,N,17MK00076,17MK00077,17MK00078,>45,>45,37.659,>45,>45,>45,ND,ND,ND,#N/A,#N/A,#N/A,F,V,,43.4,110.0,99.0,90.00,90s,,,,,,,,,,,,,,,,,,,,,,,,,,,,,,
1227,2017,1/11/2017,week2,Monomoy,PUP,,,NA,NA,N,NA,N,N,N,17MK00079,17MK00080,17MK00081,>45,>45,>45,>45,>45,>45,ND,ND,ND,0,#N/A,#N/A,M,III,,44.8,115.5,110.0,95.24,90s,,,,,,,,,,,,,,,,,,,,,,,,,,,,,,
1228,2017,1/11/2017,week2,Monomoy,PUP,,,NA,NA,N,NA,N,N,N,17MK00082,17MK00083,17MK00084,>45,>45,>45,>45,>45,>45,ND,ND,ND,0,#N/A,#N/A,M,III,,42.6,114.0,104.0,91.23,90s,,,,,,,,,,,,,,,,,,,,,,,,,,,,,,
1229,2017,1/11/2017,week2,Monomoy,PUP,,,NA,NA,N,NA,N,N,N,17MK00085,17MK00086,17MK00087,>45,>45,>45,>45,>45,>45,ND,ND,ND,138.8888889,#N/A,#N/A,F,II,,33.0,91.5,99.0,108.20,90s,,,,,,,,,,,,,,,,,,,,,,,,,,,,,,
1230,2017,1/11/2017,week2,Monomoy,PUP,,,NA,NA,N,NA,N,,P,17MK00088,17MK00089,17MK00090,>45,>45,>45,>45,>45,>45,ND,ND,ND,#N/A,#N/A,#N/A,M,IV,,48.8,113.0,103.0,91.15,90s,,,,,,,,,,,,,,,,,,,,,,,,,,,,,,
1231,2017,1/12/2017,week2,Monomoy,PUP,,,NA,NA,N,NA,N,,N,17MK00091,17MK00092,17MK00093,>45,>45,>45,>45,>45,>45,ND,ND,ND,#N/A,#N/A,#N/A,M,IV,,46.8,121.0,107.5,88.84,80s,,,,,,,,,,,,,,,,,,,,,,,,,,,,,,
1232,2017,1/12/2017,week2,Monomoy,PUP,,,NA,NA,N,NA,N,N,N,17MK00094,17MK00095,17MK00096,>45,>45,>45,>45,>45,>45,ND,ND,ND,0,#N/A,#N/A,M,V,,40.2,115.0,99.0,86.09,80s,,,,,,,,,,,,,,,,,,,,,,,,,,,,,,
1233,2017,1/12/2017,week2,Monomoy,PUP,,,NA,NA,N,NA,N,,N,17MK00097,17MK00098,17MK00099,>45,>45,>45,>45,>45,>45,ND,ND,ND,#N/A,#N/A,#N/A,F,V,,34.6,108.0,91.0,84.26,80s,,,,,,,,,,,,,,,,,,,,,,,,,,,,,,
1234,2017,1/12/2017,week2,Monomoy,PUP,,,NA,NA,N,NA,N,,N,17MK00100,17MK00101,17MK00102,>45,>45,>45,>45,>45,>45,ND,ND,ND,#N/A,#N/A,#N/A,F,II,,27.0,90.0,84.0,93.33,90s,,,,,,,,,,,,,,,,,,,,,,,,,,,,,,
1235,2017,1/12/2017,week2,Monomoy,PUP,,,NA,NA,P,RCS,N,Y,N,17MK00103,17MK00104,17MK00105,>45,>45,43.538,>45,>45,>45,ND,ND,ND,183.7837838,#N/A,#N/A,M,III,,28.8,111.0,82.5,74.32,70s,,,,,,,,,,,,,,,,,,,,,,,,,,,,,,
1236,2017,1/12/2017,week2,Monomoy,PUP,,,NA,NA,N,NA,N,,N,17MK00106,17MK00107,17MK00108,>45,>45,>45,>45,>45,>45,ND,ND,ND,#N/A,#N/A,#N/A,F,V,,39.2,108.0,100.0,92.59,90s,,,,,,,,,,,,,,,,,,,,,,,,,,,,,,
1237,2017,1/12/2017,week2,Monomoy,PUP,,,NA,NA,N,NA,N,N,N,17MK00109,17MK00110,17MK00111,>45,>45,>45,>45,>45,>45,ND,ND,ND,70.54673721,#N/A,#N/A,F,V,,37.4,104.0,96.5,92.81,90s,,,,,,,,,,,,,,,,,,,,,,,,,,,,,,
1238,2017,1/12/2017,week2,Monomoy,PUP,,,NA,NA,N,NA,N,,N,17MK00112,17MK00113,17MK00114,>45,>45,>45,>45,>45,>45,ND,ND,ND,#N/A,#N/A,#N/A,F,V,,50.2,117.0,112.0,95.73,90s,,,,,,,,,,,,,,,,,,,,,,,,,,,,,,
1239,2017,1/12/2017,week2,Monomoy,PUP,,,NA,NA,P,Con,N,Y,N,17MK00115,17MK00116,17MK00117,>45,39.518,>45,>45,>45,>45,ND,ND,ND,58.82352941,#N/A,#N/A,U,V,,33.4,108.0,96.5,89.35,80s,,,,,,,,,,,,,,,,,,,,,,,,,,,,,,
1240,2017,1/12/2017,week2,Monomoy,PUP,,,NA,NA,N,NA,N,N,N,17MK00118,17MK00119,17MK00120,>45,>45,>45,>45,>45,>45,ND,ND,ND,37.5,#N/A,#N/A,F,V,,47.2,116.0,104.0,89.66,80s,,,,,,,,,,,,,,,,,,,,,,,,,,,,,,
1241,2017,1/12/2017,week2,Monomoy,PUP,,,NA,NA,P,RCS,N,,N,17MK00121,17MK00122,17MK00123,>45,>45,39.525,>45,>45,>45,ND,ND,ND,#N/A,#N/A,#N/A,M,IV,,43.8,106.0,104.0,98.11,90s,,,,,,,,,,,,,,,,,,,,,,,,,,,,,,
1242,2017,1/12/2017,week2,Monomoy,PUP,,,NA,NA,N,NA,N,,N,17MK00124,17MK00125,17MK00126,>45,>45,>45,>45,>45,>45,ND,ND,ND,#N/A,#N/A,#N/A,M,V,,40.4,108.0,94.0,87.04,80s,,,,,,,,,,,,,,,,,,,,,,,,,,,,,,
1243,2017,1/12/2017,week2,Monomoy,PUP,,,NA,NA,N,NA,N,,N,17MK00127,17MK00128,17MK00129,>45,>45,>45,>45,>45,>45,ND,ND,ND,#N/A,#N/A,#N/A,F,IV,,39.0,96.0,97.0,101.04,90s,,,,,,,,,,,,,,,,,,,,,,,,,,,,,,
1244,2017,1/12/2017,week2,Monomoy,PUP,,,NA,NA,P,Con,N,Y,N,17MK00130,17MK00131,17MK00132,>45,39.835,>45,>45,>45,>45,ND,ND,ND,50,#N/A,#N/A,F,IV,,33.4,106.0,90.0,84.91,80s,,,,,,,,,,,,,,,,,,,,,,,,,,,,,,
1245,2017,1/12/2017,week2,Monomoy,PUP,,,NA,NA,N,NA,N,,N,17MK00133,17MK00134,17MK00135,>45,>45,>45,>45,>45,>45,ND,ND,ND,#N/A,#N/A,#N/A,M,IV,,46.2,124.5,121.0,97.19,90s,,,,,,,,,,,,,,,,,,,,,,,,,,,,,,
1246,2017,1/12/2017,week2,Monomoy,PUP,,,NA,NA,N,NA,N,,N,17MK00136,NA,17MK00138,>45,NA,>45,>45,NA,>45,ND,ND,ND,#N/A,#N/A,#N/A,M,V,,45.2,109.0,102.0,93.58,90s,,,,,,,,,,,,,,,,,,,,,,,,,,,,,,
1247,2017,1/12/2017,week2,Monomoy,PUP,,,NA,NA,N,NA,N,N,N,17MK00139,17MK00140,17MK00141,>45,>45,>45,>45,>45,>45,ND,ND,ND,0,#N/A,#N/A,U,V,,32.0,99.0,86.0,86.87,80s,,,,,,,,,,,,,,,,,,,,,,,,,,,,,,
1248,2017,1/12/2017,week2,Monomoy,PUP,,,NA,NA,N,NA,N,N,N,17MK00142,17MK00143,17MK00144,>45,>45,>45,>45,>45,>45,ND,ND,ND,0,#N/A,#N/A,M,IV,,43.2,112.0,100.0,89.29,80s,,,,,,,,,,,,,,,,,,,,,,,,,,,,,,
1249,2017,1/12/2017,week2,Monomoy,PUP,,,NA,NA,N,NA,N,,N,17MK00145,17MK00146,17MK00147,>45,>45,>45,>45,>45,>45,ND,ND,ND,#N/A,#N/A,#N/A,F,V,,40.2,98.0,104.0,106.12,90s,,,,,,,,,,,,,,,,,,,,,,,,,,,,,,
1250,2017,1/12/2017,week2,Monomoy,PUP,,,NA,NA,N,NA,N,,N,17MK00148,17MK00149,17MK00150,>45,>45,>45,>45,>45,>45,ND,ND,ND,#N/A,#N/A,#N/A,F,III,,39.4,117.0,102.0,87.18,80s,,,,,,,,,,,,,,,,,,,,,,,,,,,,,,
1251,2017,1/13/2017,week2,Monomoy,PUP,,,NA,NA,N,NA,N,,N,17MK00151,17MK00152,17MK00153,>45,>45,>45,>45,>45,>45,ND,ND,ND,#N/A,#N/A,#N/A,M,IV,,57.4,109.0,114.0,104.59,90s,,,,,,,,,,,,,,,,,,,,,,,,,,,,,,
1252,2017,1/31/2017,week5,Monomoy,PUP,,,NA,NA,N,NA,N,,N,17MK00154,17MK00155,17MK00156,#N/A,>45,>45,#N/A,>45,>45,ND,ND,ND,#N/A,#N/A,#N/A,F,V,,27.8,104.0,82.6,79.42,70s,,,,,,,,,,,,,,,,,,,,,,,,,,,,,,
1253,2017,1/30/2017,week5,Monomoy,PUP,,,NA,NA,N,NA,N,,N,17MK00157,17MK00158,17MK00159,>45,>45,>45,>45,>45,>45,ND,ND,ND,#N/A,#N/A,#N/A,M,U,,46.4,109.0,101.0,92.66,90s,,,,,,,,,,,,,,,,,,,,,,,,,,,,,,
1254,2017,1/13/2017,week2,Monomoy,PUP,,,NA,NA,N,NA,N,,N,17MK00160,17MK00161,17MK00162,>45,>45,>45,>45,>45,>45,ND,ND,ND,#N/A,#N/A,#N/A,F,III,,46.6,115.0,107.0,93.04,90s,,,,,,,,,,,,,,,,,,,,,,,,,,,,,,
1255,2017,1/30/2017,week5,Monomoy,PUP,,,NA,NA,N,NA,N,,N,17MK00163,17MK00164,17MK00165,>45,>45,>45,>45,>45,>45,ND,ND,ND,#N/A,#N/A,#N/A,F,IV,,31.0,103.0,90.0,87.38,80s,,,,,,,,,,,,,,,,,,,,,,,,,,,,,,
1256,2017,1/30/2017,week5,Monomoy,PUP,,,NA,NA,P,RCS,N,Y,P,17MK00166,17MK00167,17MK00168,>45,>45,37.831,>45,>45,>45,ND,ND,ND,87.20930233,#N/A,#N/A,F,U,,43.5,108.0,101.5,93.98,90s,,,,,,,,,,,,,,,,,,,,,,,,,,,,,,
1257,2017,1/30/2017,week5,Monomoy,PUP,,,NA,NA,P,Con,N,,N,17MK00169,17MK00170,17MK00171,>45,33.54,>45,>45,>45,>45,ND,ND,ND,#N/A,#N/A,#N/A,M,IV,,28.2,94.0,80.0,85.11,80s,,,,,,,,,,,,,,,,,,,,,,,,,,,,,,
1258,2017,1/31/2017,week5,Monomoy,PUP,,,NA,NA,P,RCS,N,,N,17MK00172,17MK00173,17MK00174,>45,>45,36.23656464,>45,>45,>45,ND,ND,ND,#N/A,#N/A,#N/A,F,U,,36.0,101.0,101.8,100.79,90s,,,,,,,,,,,,,,,,,,,,,,,,,,,,,,
1259,2017,1/30/2017,week5,Monomoy,PUP,,,NA,NA,N,NA,N,,N,17MK00175,17MK00176,17MK00177,>45,>45,>45,>45,>45,>45,ND,ND,ND,#N/A,#N/A,#N/A,M,V,,35.8,100.3,99.0,98.70,90s,,,,,,,,,,,,,,,,,,,,,,,,,,,,,,
1260,2017,1/30/2017,week5,Monomoy,PUP,,,NA,NA,N,NA,N,,N,17MK00178,17MK00179,17MK00180,>45,>45,>45,>45,>45,>45,ND,ND,ND,#N/A,#N/A,#N/A,M,V,,38.2,99.0,91.5,92.42,90s,,,,,,,,,,,,,,,,,,,,,,,,,,,,,,
1261,2018,1/17/2018,week3,Monomoy,PUP,,live,NA,NA,N,NA,WEAK,PDV,P,18MK00004,18MK00005,18MK00006,>45,>45,>45,42.5821991,>45,>45,ND,ND,ND,#N/A,41.5573,-69.99091667,F,V,NA,42.8,125,121,96.80,90s,22,28,Y,Y,N,N,N,N,,GRSL233,,,1261,NA,1261,,no,no,,,,,,,3,"sand, grass, inland",1 pup molt IV,,,
1262,2018,1/17/2018,week3,Monomoy,PUP,,live,NA,NA,N,NA,N,None detected,N,18MK00007,18MK00008,18MK00009,>45,>45,>45,>45,>45,>45,ND,ND,ND,#N/A,41.3332,-69.593,F,V,NA,42.8,105.5,99.5,94.31,90s,19,25.5,Y,Y,N,N,N,N,,GRSL234,,,1262,NA,1262,,no,no,,,,,,,3,dunes ,ND,,,
1263,2018,1/16/2018,week3,Monomoy,PUP,,live,NA,NA,N,NA,N,IAV seropos,P,18MK00010,18MK00011,18MK00012,>45,>45,>45,>45,>45,>45,ND,ND,ND,#N/A,41.5575,-69.99138889,M,IV,85,38.4,112,92,82.14,80s,16,27.5,Y,Y,N,N,N,N,,GRSL235,,,1263,NA,1263,,yes,yes,,,,,,,3.5,ND,"3 adults, 1 pup V, 1 pup IV",,,
1264,2017,1/31/2017,week5,Monomoy,PUP,,,NA,NA,N,NA,N,,P,17MK00190,17MK00191,17MK00192,>45,>45,>45,>45,>45,>45,ND,ND,ND,#N/A,#N/A,#N/A,F,V,,31.2,94.0,83.0,88.30,80s,,,,,,,,,,,,,,,,,,,,,,,,,,,,,,
1265,2017,1/30/2017,week5,Monomoy,PUP,,,NA,NA,P,RCS,N,Y,P,17MK00193,17MK00194,17MK00195,>45,>45,35.77391052,>45,>45,>45,ND,ND,ND,72.10626186,#N/A,#N/A,F,V,,41.0,114.5,98.0,85.59,80s,,,,,,,,,,,,,,,,,,,,,,,,,,,,,,
1266,2017,1/30/2017,week5,Monomoy,PUP,,,NA,NA,N,NA,N,,N,17MK00196,17MK00197,17MK00198,>45,>45,>45,>45,>45,>45,ND,ND,ND,#N/A,#N/A,#N/A,F,V,,41.6,102.0,99.0,97.06,90s,,,,,,,,,,,,,,,,,,,,,,,,,,,,,,
1267,2017,1/31/2017,week5,Monomoy,PUP,,,NA,NA,N,NA,N,Y,N,17MK00199,17MK00200,17MK00201,>45,>45,>45,>45,>45,>45,ND,ND,ND,131.6872428,#N/A,#N/A,M,IV,,47.2,109.0,106.5,97.71,90s,,,,,,,,,,,,,,,,,,,,,,,,,,,,,,
1268,2018,1/16/2018,week3,Monomoy,PUP,,live,NA,NA,N,NA,N,IAV seropos,P,18MK00013,18MK00014,18MK00015,>45,>45,>45,>45,>45,>45,ND,ND,ND,#N/A,41.5571,-69.99118333,M,V,NA,43.4,104.5,100.5,96.17,90s,20.5,29,Y,Y,N,N,N,N,,GRSL236,,,1268,NA,1268,,no,no,,,,,,,3,"sand, grass",5 pups,,,
1269,2018,1/17/2018,week3,Monomoy,PUP,,live,NA,NA,N,NA,N,IAV seropos,P,18MK00016,18MK00017,18MK00018,>45,>45,>45,>45,>45,>45,ND,ND,ND,#N/A,41.5575,-69.99138889,F,IV,70,37.4,105.5,ND,#VALUE!,#VALUE!,14.5,26.5,Y,Y,N,N,N,N,,GRSL237,,,1269,NA,1269,,yes,yes,,,,,,,2.5,"dunes, brush",ND,,,
1270,2017,1/31/2017,week5,Monomoy,PUP,,,NA,NA,N,NA,N,Y,N,17MK00208,17MK00209,17MK00210,>45,>45,>45,>45,>45,>45,ND,ND,ND,192.0152091,#N/A,#N/A,U,IV,,37.4,99.0,98.5,99.49,90s,,,,,,,,,,,,,,,,,,,,,,,,,,,,,,
1271,2017,1/31/2017,week5,Monomoy,PUP,,,NA,NA,N,NA,N,,N,17MK00211,17MK00212,17MK00213,>45,>45,>45,>45,>45,>45,ND,ND,ND,#N/A,#N/A,#N/A,F,V,,32.6,104.0,91.0,87.50,80s,,,,,,,,,,,,,,,,,,,,,,,,,,,,,,
1272,2018,1/17/2018,week3,Monomoy,PUP,,live,NA,NA,N,NA,N,IAV seropos,P,18MK00019,18MK00020,18MK00021,>45,>45,>45,>45,>45,>45,ND,ND,ND,#N/A,41.54827,-69.99435,F,V,NA,26.4,100,81.1,81.10,80s,17.4,24,Y,Y,N,N,N,N,,GRSL238,,,1272,NA,1272,,no,no,,,,,,,2.5,grass,4 weanlings stages II-V,,,
1273,2018,1/18/2018,week3,Monomoy,PUP,,live,NA,NA,N,NA,N,None detected,N,18MK00022,18MK00023,18MK00024,>45,>45,>45,>45,>45,>45,ND,ND,ND,#N/A,41.3332,-69.5931,F,V,NA,43,108,95.5,88.43,80s,15,26.5,Y,Y,N,N,N,N,,GRSL239,,,1273,NA,1273,,no,no,,,,,,,3,"back side of dune, sand/grass",1 pup molt V,,,
1274,2018,1/16/2018,week3,Monomoy,PUP,,live,NA,NA,P,Con,WEAK,IAV/PDV,N,18MK00025,18MK00026,18MK00027,>45,39.70502472,>45,>45,42.75934219,>45,ND,ND,ND,#N/A,41.5578,-69.99088333,M,V,NA,27,111,88,79.28,70s,19,26,Y,Y,N,N,N,N,,GRSL240,,,1274,NA,1274,,no,no,,,,,,,2.5,scrub,ND,,,
1275,2017,1/31/2017,week5,Monomoy,PUP,,,NA,NA,N,NA,N,N,N,17MK00223,17MK00224,17MK00225,>45,>45,>45,>45,>45,>45,ND,ND,ND,80.12820513,#N/A,#N/A,M,V,,50.8,124.5,102.5,82.33,80s,,,,,,,,,,,,,,,,,,,,,,,,,,,,,,
1276,2018,1/17/2018,week3,Monomoy,PUP,,live,NA,NA,N,NA,WEAK,PDV,N,18MK00028,18MK00029,18MK00030,>45,>45,>45,43.50444031,>45,>45,ND,ND,ND,#N/A,41.5575,-69.99111111,F,IV,30,35.4,109.5,96,87.67,80s,20.5,27,Y,Y,N,N,N,N,,GRSL241,,,1276,NA,1276,,yes,yes,,,,,,,3,sand,35,,,
1277,2018,1/17/2018,week3,Monomoy,PUP,,live,NA,NA,N,NA,N,None detected,N,18MK00031,18MK00032,18MK00033,>45,>45,>45,>45,>45,>45,ND,ND,ND,#N/A,41.55533333,-69.98833333,M,III,NA,28.4,102,89.5,87.75,80s,17,26,N,NA,N,N,N,N,,GRSL242,,,1277,NA,1277,,yes,no,,,,,,,2.5,"sand, grass, dune",1 pup molt III,,,
1278,2017,1/31/2017,week5,Monomoy,PUP,,,NA,NA,P,Con/RCS,N,,N,17MK00232,17MK00233,17MK00234,>45,33.96,42.12,>45,>45,>45,ND,ND,ND,#N/A,#N/A,#N/A,F,V,,30.6,104.0,84.5,81.25,80s,,,,,,,,,,,,,,,,,,,,,,,,,,,,,,
1279,2018,1/17/2018,week3,Monomoy,PUP,,live,NA,NA,N,NA,N,IAV seropos,P,18MK00034,18MK00035,18MK00036,>45,>45,>45,>45,>45,>45,ND,ND,ND,#N/A,41.54618,-69.99622,F,IV,90,37.4,109.5,101,92.24,90s,19.5,25.5,Y,Y,N,N,N,N,,GRSL243,,,1279,NA,1279,,yes,no,,,,,,,3,grass,ND,,,
1280,2017,1/31/2017,week5,Monomoy,PUP,,,NA,NA,N,NA,N,,N,17MK00238,17MK00239,17MK00240,>45,>45,>45,>45,>45,>45,ND,ND,ND,#N/A,#N/A,#N/A,U,V,,49.0,111.0,102.0,91.89,90s,,,,,,,,,,,,,,,,,,,,,,,,,,,,,,
1281,2017,1/31/2017,week5,Monomoy,PUP,,,NA,NA,N,NA,N,,N,17MK00241,17MK00242,17MK00243,>45,>45,>45,>45,>45,>45,ND,ND,ND,#N/A,#N/A,#N/A,M,U,,34.2,105.0,95.0,90.48,90s,,,,,,,,,,,,,,,,,,,,,,,,,,,,,,
1282,2018,1/18/2018,week3,Monomoy,PUP,,live,NA,NA,N,NA,N,None detected,N,18MK00037,18MK00038,18MK00039,>45,>45,>45,>45,>45,>45,ND,ND,ND,#N/A,41.54626,-69.99543,F,V,NA,46.2,101,103,101.98,90s,17.5,28.5,Y,Y,N,N,N,N,,GRSL244,,,1282,NA,1282,,no,no,,,,,,,3.5,"brush inland and grass, sandy",10 pups,,,
1283,2018,1/18/2018,week3,Monomoy,PUP,,live,NA,NA,N,NA,N,None detected,N,18MK00040,18MK00041,18MK00042,>45,>45,>45,>45,>45,>45,ND,ND,ND,#N/A,41.5566,-69.9963,F,V,NA,37.6,101,ND,#VALUE!,#VALUE!,20,23.5,Y,Y,N,N,N,N,,GRSL245,,,1283,NA,1283,,no,no,,,,,,,3,in scrub,ND,,,
1284,2018,1/18/2018,week3,Monomoy,PUP,,live,NA,NA,N,NA,STRONG,PDV,N,18MK00043,18MK00044,18MK00045,>45,>45,>45,36.68078613,>45,32.01288223,ND,ND,ND,#N/A,41.54611,-69.99591,M,V,NA,39.4,117,98,83.76,80s,23,25,Y,Y,N,N,N,N,,GRSL246,,,1284,NA,1284,,no,no,,,,,,,2.5,"grass, sand inland",2 pups  ,,,
1285,2018,1/18/2018,week3,Monomoy,PUP,,live,NA,NA,N,NA,N,IAV seropos,P,18MK00046,18MK00047,18MK00048,>45,>45,>45,>45,>45,>45,ND,ND,ND,#N/A,41.5589,-69.99117,M,III,NA,30.8,107,91,85.05,80s,22,26,Y,Y,N,N,N,N,,GRSL247,,,1285,NA,1285,,yes,yes,,,,,,,2.5,inland sand and grass,9 pups  ,,,
1286,2018,1/19/2018,week3,Monomoy,PUP,,live,NA,NA,N,NA,N,None detected,N,18MK00049,18MK00050,18MK00051,>45,>45,>45,>45,>45,>45,ND,ND,ND,#N/A,41.54601,-69.99546,F,V,NA,30.4,100,98,98.00,90s,17,24.5,N,NA,N,N,N,N,,GRSL248,,,1286,NA,1286,,no,no,,,,,,,2.5,ND,ND,,,
1287,2018,1/18/2018,week3,Monomoy,PUP,,live,NA,NA,N,NA,WEAK,PDV,N,18MK00052,18MK00053,18MK00054,>45,>45,>45,>45,44.72974396,>45,ND,ND,ND,#N/A,41.5465,-69.99636,F,V,NA,29.2,95.5,87,91.10,90s,20,25.5,Y,Y,N,N,N,N,,GRSL249,,,1287,NA,1287,,no,no,,,,,,,2.5,"scrub, near shore",10 pups,,,
1288,2018,1/18/2018,week3,Monomoy,PUP,,live,NA,NA,P,NAS,N,IAV,P,18MK00055,18MK00056,18MK00057,34.97063446,>45,>45,>45,>45,>45,ND,ND,ND,#N/A,41.54632,-69.99585,F,V,NA,43.2,110,107,97.27,90s,20,27,Y,Y,N,N,N,N,,GRSL250,,,1288,NA,1288,,no,no,,,,,,,3.5,"sand, grass, inland",1 pup,,,
1289,2018,1/18/2018,week3,Monomoy,PUP,,live,NA,NA,N,NA,WEAK,PDV,N,18MK00058,18MK00059,18MK00060,>45,>45,>45,>45,>45,37.77920532,ND,ND,ND,#N/A,41.54666,-69.99522,M,IV,ND,28.6,104,84,80.77,80s,18,22.7,Y,Y,N,N,N,N,,GRSL251,,,1289,NA,1289,,yes,yes,,,,,,,2.5,"scrubs, inland",4 pups,,,
1290,2018,1/18/2018,week3,Monomoy,PUP,,live,NA,NA,N,NA,N,None detected,N,18MK00061,18MK00062,18MK00063,>45,>45,>45,>45,>45,>45,ND,ND,ND,#N/A,41.54685,-69.99616,M,IV,25,50.2,113,111,98.23,90s,17,27,N,NA,N,N,N,N,,GRSL252,,,1290,NA,1290,,yes,yes,,,,,,,3.5,scrub,"10 pups molt IV, V",,,
1291,2018,1/18/2018,week3,Monomoy,PUP,,live,NA,NA,N,NA,N,None detected,N,18MK00064,18MK00065,18MK00066,>45,>45,>45,>45,>45,>45,ND,ND,ND,#N/A,41.54784,-69.99319,F,V,NA,32,105,89,84.76,80s,20,23,Y,Y,N,N,N,N,,GRSL253,,,1291,NA,1291,,no,no,,,,,,,2.5,inland sand and grass,none,,,
1292,2018,1/18/2018,week3,Monomoy,PUP,,live,NA,NA,N,NA,N,IAV seropos,P,18MK00067,18MK00068,18MK00069,>45,>45,>45,>45,>45,>45,ND,ND,ND,#N/A,41.5602778,-69.99138889,F,IV,60,35.6,100,88.5,88.50,80s,22,26.5,Y,Y,N,N,N,N,,GRSL254,,,1292,NA,1292,,yes,yes,,,,,,,3,top of dune in grass,"4 pups molt II, III, IV",,,
1293,2018,1/19/2018,week3,Monomoy,PUP,,live,NA,NA,N,NA,WEAK,PDV,N,18MK00070,18MK00071,18MK00072,>45,>45,>45,42.23546982,>45,>45,ND,ND,ND,#N/A,41.54792,-69.99311,M,III,NA,41.2,110,105,95.45,90s,18,27,Y,Y,N,N,N,N,,GRSL255,,,1293,NA,1293,,yes,yes,,,,,,,3.5,"scrub, beach",ND,,,
1294,2018,1/18/2018,week3,Monomoy,PUP,,live,NA,NA,N,NA,N,None detected,N,18MK00073,18MK00074,18MK00075,>45,>45,>45,>45,>45,>45,ND,ND,ND,#N/A,41.54821,-69.99332,F,V,NA,29,95,89,93.68,90s,17,27,N,NA,N,N,N,N,,GRSL256,,,1294,NA,1294,,no,no,,,,,,,3,top of dune in grass,9 pups molt III-V,,,
1295,2018,1/18/2018,week3,Monomoy,PUP,,live,NA,NA,N,NA,N,IAV seropos,P,18MK00076,18MK00077,18MK00078,>45,>45,>45,>45,>45,>45,ND,ND,ND,#N/A,41.54784,-69.99319,M,III,NA,23.4,100,79,79.00,70s,21,25,Y,Y,N,N,N,N,,GRSL257,,,1295,NA,1295,,yes,no,,,,,,,2.5,"top of dunes, back side of grass",none,,,
1296,2018,1/18/2018,week3,Monomoy,PUP,,live,NA,NA,N,NA,N,None detected,N,18MK00079,18MK00080,18MK00081,>45,>45,>45,>45,>45,>45,ND,ND,ND,#N/A,41.54799,-69.99329,M,V,NA,26.6,108,84,77.78,70s,20,25,Y,Y,N,N,N,N,,GRSL258,,,1296,NA,1296,,no,no,,,,,,,3,top of dune in grass,"4 pups molt II, III, IV",,,
1297,2018,1/18/2018,week3,Monomoy,PUP,,live,NA,NA,N,NA,N,None detected,N,18MK00082,18MK00083,18MK00084,>45,>45,>45,>45,>45,>45,ND,ND,ND,#N/A,41.54799,-69.99374,F,IV,15,28.2,97,84,86.60,80s,17.5,27,Y,Y,N,N,N,N,,GRSL259,,,1297,NA,1297,,yes,yes,,,,,,,2.5,ND,5 pups molt III,,,
1298,2018,1/18/2018,week3,Monomoy,PUP,,live,NA,NA,N,NA,N,None detected,N,18MK00085,18MK00086,18MK00087,>45,>45,>45,>45,>45,>45,ND,ND,ND,#N/A,41.5479,-69.99337,M,V,NA,39.8,109,98.5,90.37,90s,20,26,Y,Y,N,N,N,N,,GRSL260,,,1298,NA,1298,,no,no,,,,,,,3,"sand, back of dune",4 pups molt II-III,,,
1299,2018,1/18/2018,week3,Monomoy,PUP,,live,NA,NA,N,NA,N,None detected,N,18MK00088,18MK00089,18MK00090,>45,>45,>45,>45,>45,>45,ND,ND,ND,#N/A,41.5477,-69.99322,M,III,NA,36,113,89,78.76,70s,18,28,Y,Y,N,N,N,N,,GRSL261,,,1299,NA,1299,,yes,no,,,,,,,3,top of dune in grass,ND,,,
1300,2018,1/18/2018,week3,Monomoy,PUP,,live,NA,NA,N,NA,WEAK,PDV,N,18MK00091,18MK00092,18MK00093,>45,>45,>45,>45,43.6569252,>45,ND,ND,ND,#N/A,41.55777778,-69.99111111,M,V,NA,39.8,119,99.5,83.61,80s,17,26.5,Y,Y,N,N,N,N,,GRSL262,,,1300,NA,1300,,no,no,,,,,,,3,top of dune in grass,"6 pups molt II, III, V",,,
1301,2017,1/16/2017,week3,Muskeget,PUP,,,NA,NA,P,RCS,N,,N,17MK00451,17MK00452,17MK00453,>45,>45,43.912,>45,>45,>45,ND,ND,ND,#N/A,#N/A,#N/A,M,U,,39.0,100.0,96.0,96.00,90s,,,,,,,,,,,,,,,,,,,,,,,,,,,,,,
1302,2017,1/16/2017,week3,Muskeget,PUP,,,NA,NA,P,RCS,N,,N,17MK00454,17MK00455,17MK00456,>45,>45,35.22598648,>45,>45,>45,ND,ND,ND,#N/A,#N/A,#N/A,F,U,,39.0,113.5,93.0,81.94,80s,,,,,,,,,,,,,,,,,,,,,,,,,,,,,,
1303,2017,1/16/2017,week3,Muskeget,PUP,,,NA,NA,N,NA,N,,P,17MK00457,17MK00458,17MK00459,>45,>45,>45,>45,>45,>45,ND,ND,ND,#N/A,#N/A,#N/A,M,U,,47.4,97.0,98.0,101.03,90s,,,,,,,,,,,,,,,,,,,,,,,,,,,,"reported dead on 6/2/17 on Lucy Vincent Beach, location 41.339 N / 70.7271 W.",,
1304,2017,1/16/2017,week3,Muskeget,PUP,,,NA,NA,P,Con/RCS,N,,N,17MK00460,17MK00461,17MK00462,>45,37.801,39.049,>45,>45,>45,ND,ND,ND,#N/A,#N/A,#N/A,M,U,,37.5,99.0,91.0,91.92,90s,,,,,,,,,,,,,,,,,,,,,,,,,,,,,,
1305,2017,1/17/2017,week3,Muskeget,PUP,,,NA,NA,N,NA,N,,N,17MK00463,NA,17MK00465,>45,NA,>45,>45,NA,>45,ND,ND,ND,#N/A,#N/A,#N/A,M,U,,55.6,118.0,116.0,98.31,90s,,,,,,,,,,,,,,,,,,,,,,,,,,,,,,
1306,2017,1/17/2017,week3,Muskeget,PUP,,,NA,NA,N,NA,N,,N,17MK00466,17MK00467,17MK00468,>45,>45,>45,>45,>45,>45,ND,ND,ND,#N/A,#N/A,#N/A,F,U,,47.2,107.0,104.0,97.20,90s,,,,,,,,,,,,,,,,,,,,,,,,,,,,,,
1307,2017,1/17/2017,week3,Muskeget,PUP,,,NA,NA,P,Con,N,,N,17MK00469,17MK00470,17MK00471,>45,37.532,>45,>45,>45,>45,ND,ND,ND,#N/A,#N/A,#N/A,M,U,,42.8,115.0,98.0,85.22,80s,,,,,,,,,,,,,,,,,,,,,,,,,,,,,,
1308,2017,1/16/2017,week3,Muskeget,PUP,,,NA,NA,P,RCS,N,,N,17MK00472,17MK00473,17MK00474,>45,>45,35.39802551,>45,>45,>45,ND,ND,ND,#N/A,#N/A,#N/A,M,U,,31.8,90.0,90.0,100.00,90s,,,,,,,,,,,,,,,,,,,,,,,,,,,,,,
1309,2017,1/19/2017,week3,Muskeget,PUP,,,NA,NA,N,NA,N,,N,17MK00475,17MK00476,17MK00477,>45,>45,>45,>45,>45,>45,ND,ND,ND,#N/A,#N/A,#N/A,F,V,,32.2,101.0,87.0,86.14,80s,,,,,,,,,,,,,,,,,,,,,,,,,,,,,,
1310,2017,1/19/2017,week3,Muskeget,PUP,,,NA,NA,P,RCS,N,,N,17MK00478,17MK00479,17MK00480,>45,>45,35.92085648,>45,>45,>45,ND,ND,ND,#N/A,#N/A,#N/A,F,U,,49.6,98.0,107.0,109.18,90s,,,,,,,,,,,,,,,,,,,,,,,,,,,,,,
1311,2017,1/19/2017,week3,Muskeget,PUP,,,NA,NA,P,RCS,N,,N,17MK00481,17MK00482,17MK00483,>45,>45,36.26039124,>45,>45,>45,ND,ND,ND,#N/A,#N/A,#N/A,F,V,,41.2,100.0,98.5,98.50,90s,,,,,,,,,,,,,,,,,,,,,,,,,,,,,,
1312,2017,1/19/2017,week3,Muskeget,PUP,,,NA,NA,N,NA,N,,N,17MK00484,17MK00485,17MK00486,>45,>45,>45,>45,>45,>45,ND,ND,ND,#N/A,#N/A,#N/A,M,IV,,39.2,112.0,98.0,87.50,80s,,,,,,,,,,,,,,,,,,,,,,,,,,,,,,
1313,2017,1/19/2017,week3,Muskeget,PUP,,,NA,NA,N,NA,N,,P,17MK00487,17MK00488,17MK00489,>45,>45,>45,>45,>45,>45,ND,ND,ND,#N/A,#N/A,#N/A,M,IV,,55.4,107.0,110.5,103.27,90s,,,,,,,,,,,,,,,,,,,,,,,,,,,,,,
1314,2017,1/19/2017,week3,Muskeget,PUP,,,NA,NA,N,NA,N,,N,17MK00490,17MK00491,17MK00492,>45,>45,>45,>45,>45,>45,ND,ND,ND,#N/A,#N/A,#N/A,F,U,,37.8,96.0,99.0,103.13,90s,,,,,,,,,,,,,,,,,,,,,,,,,,,,,,
1315,2017,1/19/2017,week3,Muskeget,PUP,,,NA,NA,N,NA,N,,N,17MK00493,17MK00494,17MK00495,>45,>45,>45,>45,>45,>45,ND,ND,ND,#N/A,#N/A,#N/A,M,V,,45.2,104.0,91.5,87.98,80s,,,,,,,,,,,,,,,,,,,,,,,,,,,,,,
1316,2017,1/19/2017,week3,Muskeget,PUP,,,NA,NA,N,NA,N,,N,17MK00496,17MK00497,17MK00498,>45,>45,>45,>45,>45,>45,ND,ND,ND,#N/A,#N/A,#N/A,M,V,,45.2,110.5,102.0,92.31,90s,,,,,,,,,,,,,,,,,,,,,,,,,,,,,,
1317,2017,1/19/2017,week3,Muskeget,PUP,,,NA,NA,N,NA,N,,N,17MK00499,17MK00500,17MK00501,>45,>45,>45,>45,>45,>45,ND,ND,ND,#N/A,#N/A,#N/A,M,V,,42.0,110.0,102.0,92.73,90s,,,,,,,,,,,,,,,,,,,,,,,,,,,,,,
1318,2017,1/19/2017,week3,Muskeget,PUP,,,NA,NA,N,NA,N,,N,17MK00502,17MK00503,17MK00504,>45,>45,>45,>45,>45,>45,ND,ND,ND,#N/A,#N/A,#N/A,M,IV,,41.0,99.0,96.5,97.47,90s,,,,,,,,,,,,,,,,,,,,,,,,,,,,,,
1319,2017,1/19/2017,week3,Muskeget,PUP,,,NA,NA,N,NA,N,,P,17MK00505,17MK00506,17MK00507,>45,>45,>45,>45,>45,>45,ND,ND,ND,#N/A,#N/A,#N/A,M,V,,51.6,107.0,103.0,96.26,90s,,,,,,,,,,,,,,,,,,,,,,,,,,,,,,
1320,2017,1/19/2017,week3,Muskeget,PUP,,,NA,NA,P,RCS,N,,N,17MK00508,17MK00509,17MK00510,>45,>45,33.94523239,>45,>45,>45,ND,ND,ND,#N/A,#N/A,#N/A,M,V,,52.2,113.0,111.0,98.23,90s,,,,,,,,,,,,,,,,,,,,,,,,,,,,,,
1321,2017,1/19/2017,week3,Muskeget,PUP,,,NA,NA,N,NA,N,,N,17MK00511,17MK00512,17MK00513,>45,>45,>45,>45,>45,>45,ND,ND,ND,#N/A,#N/A,#N/A,M,IV,,49.8,109.0,107.0,98.17,90s,,,,,,,,,,,,,,,,,,,,,,,,,,,,,,
1322,2017,1/19/2017,week3,Muskeget,PUP,,,NA,NA,N,NA,N,,N,17MK00514,17MK00515,17MK00516,>45,>45,>45,>45,>45,>45,ND,ND,ND,#N/A,#N/A,#N/A,M,V,,40.8,106.0,99.0,93.40,90s,,,,,,,,,,,,,,,,,,,,,,,,,,,,,,
1323,2017,1/19/2017,week3,Muskeget,PUP,,,NA,NA,N,NA,N,,N,17MK00517,17MK00518,17MK00519,>45,>45,>45,>45,>45,>45,ND,ND,ND,#N/A,#N/A,#N/A,F,V,,39.0,106.0,90.0,84.91,80s,,,,,,,,,,,,,,,,,,,,,,,,,,,,,,
1324,2017,1/16/2017,week3,Muskeget,PUP,,,NA,NA,N,NA,N,,P,17MK00520,17MK00521,17MK00522,>45,>45,>45,>45,>45,>45,ND,ND,ND,#N/A,#N/A,#N/A,F,IV,,58.0,109.0,109.5,100.46,90s,,,,,,,,,,,,,,,,,,,,,,,,,,,,,,
1325,2017,1/17/2017,week3,Muskeget,PUP,,,NA,NA,P,Con,N,,N,17MK00523,17MK00524,17MK00525,>45,37.271,>45,>45,>45,>45,ND,ND,ND,#N/A,#N/A,#N/A,F,U,,45.6,103.0,102.5,99.51,90s,,,,,,,,,,,,,,,,,,,,,,,,,,,,,,
1326,2017,1/19/2017,week3,Muskeget,PUP,,,NA,NA,N,NA,N,,N,17MK00526,17MK00527,17MK00528,>45,>45,>45,>45,>45,>45,ND,ND,ND,#N/A,#N/A,#N/A,M,V,,66.2,110.0,121.0,110.00,90s,,,,,,,,,,,,,,,,,,,,,,,,,,,,,,
1327,2017,1/16/2017,week3,Muskeget,PUP,,,NA,NA,N,NA,N,,N,17MK00529,17MK00530,17MK00531,>45,>45,>45,>45,>45,>45,ND,ND,ND,#N/A,#N/A,#N/A,F,U,,40.0,109.0,97.0,88.99,80s,,,,,,,,,,,,,,,,,,,,,,,,,,,,,,
1328,2017,1/17/2017,week3,Muskeget,PUP,,,NA,NA,N,NA,N,,N,17MK00532,17MK00533,17MK00534,>45,>45,>45,>45,>45,>45,ND,ND,ND,#N/A,#N/A,#N/A,F,U,,39.6,98.0,95.0,96.94,90s,,,,,,,,,,,,,,,,,,,,,,,,,,,,,,
1329,2017,1/17/2017,week3,Muskeget,PUP,,,NA,NA,N,NA,N,,N,17MK00535,17MK00536,17MK00537,>45,>45,>45,>45,>45,>45,ND,ND,ND,#N/A,#N/A,#N/A,F,U,,50.0,110.0,U,NA,90s,,,,,,,,,,,,,,,,,,,,,,,,,,,,,,
1330,2017,1/16/2017,week3,Muskeget,PUP,,,NA,NA,N,NA,N,,N,17MK00538,17MK00539,17MK00540,>45,>45,>45,>45,>45,>45,ND,ND,ND,#N/A,#N/A,#N/A,M,IV,,36.0,103.0,90.0,87.38,80s,,,,,,,,,,,,,,,,,,,,,,,,,,,,,,
1331,2017,1/17/2017,week3,Muskeget,PUP,,,NA,NA,N,NA,N,,N,17MK00541,17MK00542,17MK00543,>45,>45,>45,>45,>45,>45,ND,ND,ND,#N/A,#N/A,#N/A,F,U,,40.2,101.0,103.0,101.98,90s,,,,,,,,,,,,,,,,,,,,,,,,,,,,,,
1332,2017,1/17/2017,week3,Muskeget,PUP,,,NA,NA,N,NA,N,,N,17MK00544,17MK00545,17MK00546,>45,>45,>45,>45,>45,>45,ND,ND,ND,#N/A,#N/A,#N/A,M,IV,,44.0,112.0,91.0,81.25,80s,,,,,,,,,,,,,,,,,,,,,,,,,,,,,,
1333,2017,1/17/2017,week3,Muskeget,PUP,,,NA,NA,N,NA,N,,N,17MK00547,17MK00548,17MK00549,>45,>45,>45,>45,>45,>45,ND,ND,ND,#N/A,#N/A,#N/A,F,U,,32.0,94.0,90.0,95.74,90s,,,,,,,,,,,,,,,,,,,,,,,,,,,,,,
1334,2017,1/17/2017,week3,Muskeget,PUP,,,NA,NA,P,Con,P,,N,17MK00550,17MK00551,17MK00552,>45,38.25,>45,>45,0,>45,ND,ND,ND,#N/A,#N/A,#N/A,F,IV,,47.2,107.0,107.0,100.00,90s,,,,,,,,,,,,,,,,,,,,,,,,,,,,,,
1335,2017,1/17/2017,week3,Muskeget,PUP,,,NA,NA,N,NA,N,,N,17MK00553,17MK00554,17MK00555,>45,>45,>45,>45,>45,>45,ND,ND,ND,#N/A,#N/A,#N/A,F,IV,,45.8,103.0,102.5,99.51,90s,,,,,,,,,,,,,,,,,,,,,,,,,,,,,,
1336,2017,1/17/2017,week3,Muskeget,PUP,,,NA,NA,N,NA,N,,N,17MK00556,17MK00557,17MK00558,>45,>45,>45,>45,>45,>45,ND,ND,ND,#N/A,#N/A,#N/A,M,IV,,62.8,121.0,114.0,94.21,90s,,,,,,,,,,,,,,,,,,,,,,,,,,,,,,
1337,2017,1/16/2017,week3,Muskeget,PUP,,,NA,NA,N,NA,N,,N,17MK00559,17MK00560,17MK00561,>45,>45,>45,>45,>45,>45,ND,ND,ND,#N/A,#N/A,#N/A,M,IV,,45.6,109.0,102.0,93.58,90s,,,,,,,,,,,,,,,,,,,,,,,,,,,,,,
1338,2017,1/17/2017,week3,Muskeget,PUP,,,NA,NA,N,NA,N,,N,17MK00562,17MK00563,17MK00564,>45,>45,>45,>45,>45,>45,ND,ND,ND,#N/A,#N/A,#N/A,M,IV,,46.4,109.0,99.0,90.83,90s,,,,,,,,,,,,,,,,,,,,,,,,,,,,,,
1339,2017,1/17/2017,week3,Muskeget,PUP,,,NA,NA,N,NA,N,,N,17MK00565,17MK00566,17MK00567,>45,>45,>45,>45,>45,>45,ND,ND,ND,#N/A,#N/A,#N/A,F,U,,36.2,103.0,98.0,95.15,90s,,,,,,,,,,,,,,,,,,,,,,,,,,,,,,
1340,2017,1/17/2017,week3,Muskeget,PUP,,,NA,NA,P,Con,N,,N,17MK00568,17MK00569,17MK00570,>45,36.94,>45,>45,>45,>45,ND,ND,ND,#N/A,#N/A,#N/A,M,U,,34.2,106.0,90.0,84.91,80s,,,,,,,,,,,,,,,,,,,,,,,,,,,,,,
1341,2017,1/17/2017,week3,Muskeget,PUP,,,NA,NA,N,NA,N,,P,17MK00571,17MK00572,17MK00573,>45,>45,>45,>45,>45,>45,ND,ND,ND,#N/A,#N/A,#N/A,F,IV,,52.0,103.0,109.5,106.31,90s,,,,,,,,,,,,,,,,,,,,,,,,,,,,,,
1342,2017,1/17/2017,week3,Muskeget,PUP,,,NA,NA,N,NA,N,,N,17MK00574,17MK00575,17MK00576,>45,>45,>45,>45,>45,>45,ND,ND,ND,#N/A,#N/A,#N/A,F,IV,,41.4,106.0,102.0,96.23,90s,,,,,,,,,,,,,,,,,,,,,,,,,,,,,,
1343,2017,1/17/2017,week3,Muskeget,PUP,,,NA,NA,N,NA,N,,N,17MK00577,17MK00578,17MK00579,>45,>45,>45,>45,>45,>45,ND,ND,ND,#N/A,#N/A,#N/A,F,U,,47.4,101.0,U,NA,90s,,,,,,,,,,,,,,,,,,,,,,,,,,,,,,
1344,2017,1/17/2017,week3,Muskeget,PUP,,,NA,NA,N,NA,N,,N,17MK00580,17MK00581,17MK00582,>45,>45,>45,>45,>45,>45,ND,ND,ND,#N/A,#N/A,#N/A,F,IV,,39.2,107.0,93.0,86.92,80s,,,,,,,,,,,,,,,,,,,,,,,,,,,,,,
1345,2017,1/19/2017,week3,Muskeget,PUP,,,NA,NA,P,Con,N,,N,17MK00583,17MK00584,17MK00585,>45,37.68,>45,>45,>45,>45,ND,ND,ND,#N/A,#N/A,#N/A,M,IV,,56.0,119.0,119.0,100.00,90s,,,,,,,,,,,,,,,,,,,,,,,,,,,,,,
1346,2017,1/19/2017,week3,Muskeget,PUP,,,NA,NA,N,NA,N,,N,17MK00586,17MK00587,17MK00588,>45,>45,>45,>45,>45,>45,ND,ND,ND,#N/A,#N/A,#N/A,M,IV,,39.0,108.0,104.0,96.30,90s,,,,,,,,,,,,,,,,,,,,,,,,,,,,,,
1347,2017,1/19/2017,week3,Muskeget,PUP,,,NA,NA,N,NA,N,,P,17MK00589,17MK00590,17MK00591,>45,>45,>45,>45,>45,>45,ND,ND,ND,#N/A,#N/A,#N/A,F,V,,50.8,104.0,101.0,97.12,90s,,,,,,,,,,,,,,,,,,,,,,,,,,,,,,
1348,2017,1/16/2017,week3,Muskeget,PUP,,,NA,NA,N,NA,N,,N,17MK00592,17MK00593,17MK00594,>45,>45,>45,>45,>45,>45,ND,ND,ND,#N/A,#N/A,#N/A,M,IV,,42.6,107.0,98.0,91.59,90s,,,,,,,,,,,,,,,,,,,,,,,,,,,,,,
1349,2017,1/16/2017,week3,Muskeget,PUP,,,NA,NA,N,NA,N,,N,17MK00595,17MK00596,17MK00597,>45,>45,>45,>45,>45,>45,ND,ND,ND,#N/A,#N/A,#N/A,M,U,,42.8,104.0,94.0,90.38,90s,,,,,,,,,,,,,,,,,,,,,,,,,,,,,,
1350,2017,1/19/2017,week3,Muskeget,PUP,,,NA,NA,P,NAS,N,,N,17MK00598,17MK00599,17MK00600,26.99847031,>45,>45,>45,>45,>45,ND,ND,ND,#N/A,#N/A,#N/A,M,IV,,38.2,98.0,91.0,92.86,90s,,,,,,,,,,,,,,,,,,,,,,,,,,,,,,
1351,2018,1/31/2018,week5,Monomoy,PUP,,live,15641,NA,N,NA,N,None detected,N,18MK00301,18MK00302,18MK00303,>45,>45,>45,>45,>45,>45,ND,ND,ND,#N/A,41.33255,-70.30842,F,V,NA,35.8,98,96,97.96,90s,31,27,Y,Y,Y,N,N,N,,GRSL130,,,,,,Y,no,no,,,,,,,U,ND,1 pup molt V (#1353),,,
1352,2018,1/16/2018,week3,Muskeget,PUP,,live,15635,NA,N,NA,N,None detected,N,18MK00304,18MK00305,18MK00306,>45,>45,>45,>45,>45,>45,ND,ND,ND,#N/A,41.55777778,-69.99111111,F,U,U,32.4,97.5,87,89.23,80s,18,23,Y,Y,N,N,N,N,,GRSL128,,,,,,,no,no,,,,,,,2.5,sand,4 pups,,,
1353,2018,1/31/2018,week5,Monomoy,PUP,,live,15634,NA,N,NA,N,IAV seropos,P,18MK00307,18MK00308,18MK00309,>45,>45,>45,>45,>45,>45,ND,ND,ND,#N/A,41.550013,-69.991337,F,V,U,35.6,117,ND,#VALUE!,#VALUE!,ND,ND,Y,Y,N,N,N,N,,GRSL127,,,,,,,no,no,,,,,,,3,in scrub on dune,1 pup molt V (#1351),,,
1354,2018,2/1/2018,week5,Monomoy,PUP,,live,15643,NA,P,NAS,N,IAV,N,18MK00310,18MK00311,18MK00312,38.60801315,>45,>45,>45,>45,>45,ND,ND,ND,#N/A,41.55555556,-69.99083333,F,V,NA,29,107,81,75.70,70s,20,28,Y,Y,Y,N,N,N,,GRSL125,,,,,,Y,no,no,,,,,,,3,"on dunes, near beach",1 molt V,,,
1355,2018,2/1/2018,week5,Monomoy,PUP,,live,15644,NA,N,NA,N,None detected,N,18MK00313,18MK00314,18MK00315,>45,>45,>45,>45,>45,>45,ND,ND,ND,#N/A,41.33276,-70.3082,F,V,NA,43.4,108,104,96.30,90s,22,26,Y,Y,N,N,N,N,,GRSL124,,,,,,Y,no,no,,,,,,,3.5,dunes,1 pup molt V,,,
1357,2018,1/16/2018,week3,Muskeget,PUP,,live,16048,NA,N,NA,N,None detected,N,18MK00316,18MK00317,18MK00318,>45,>45,>45,>45,>45,>45,ND,ND,ND,#N/A,41.33283,-70.30829,M,U,U,45.2,100,100.5,100.50,90s,20,27.5,Y,Y,N,N,N,N,,GRSL104,,,,,,,yes,yes,,,,,,,3,sand,1 pup,,,
1358,2018,1/16/2018,week3,Muskeget,PUP,,live,15636,39395,P,Con,WEAK,IAV/PDV,N,18MK00319,18MK00320,18MK00321,>45,37.41756439,>45,>45,43.81663132,>45,ND,ND,ND,#N/A,41.33268,-70.30833,F,U,U,37,103.5,100.5,97.10,90s,16.5,22.5,Y,Y,N,N,N,N,,GRSL231,,,,,,,yes,yes,,,,,,,2.5,sand,2 pups (#1394),,,
1359,2018,1/16/2018,week3,Muskeget,PUP,,live,15633,NA,N,NA,WEAK,PDV,P,18MK00322,18MK00323,18MK00324,>45,>45,>45,>45,>45,44.75192642,ND,ND,ND,#N/A,41.33293,-70.30839,F,U,U,46,99,101.7,102.73,90s,21,26,Y,Y,N,N,N,N,,GRSL179,,,,,,,no,no,,,,,,,3,beach,4 pups,,,
1361,2018,1/16/2018,week3,Muskeget,PUP,,live,NA,NA,N,NA,N,None detected,N,18MK00328,18MK00329,18MK00330,>45,>45,>45,>45,>45,>45,ND,ND,ND,#N/A,41.33261,-70.30839,M,U,U,35.2,97,87.5,90.21,90s,17.5,26.3,Y,Y,N,N,N,N,,GRSL177,,,,,,,yes,yes,,,,,,,2.5,sand,1 adult,,,
1362,2018,1/16/2018,week3,Muskeget,PUP,,live,NA,NA,N,NA,N,IAV seropos,P,18MK00331,18MK00332,18MK00333,>45,>45,>45,>45,>45,>45,ND,ND,ND,#N/A,41.33256,-70.3083,M,U,U,49.2,109,108,99.08,90s,19.5,23,Y,Y,N,N,N,N,,GRSL176,,,,,,,no,no,,,,,,,3,beach,ND,,,
1363,2018,1/16/2018,week3,Muskeget,PUP,,live,15639,171875,N,NA,N,IAV seropos,P,18MK00334,18MK00335,18MK00336,>45,>45,>45,>45,>45,>45,ND,ND,ND,#N/A,41.33287,-70.30815,M,U,U,49,105,115,109.52,90s,17.5,26,Y,Y,N,N,N,N,,GRSL175,,,,,,,yes,yes,,,,,,,2.5,sand,2 pups,,,
1364,2018,1/16/2018,week3,Muskeget,PUP,,live,NA,NA,N,NA,N,IAV seropos,P,18MK00337,18MK00338,18MK00339,>45,>45,>45,>45,>45,>45,ND,ND,ND,#N/A,41.33266,-70.30829,F,U,U,42.4,112,103,91.96,90s,20.2,26.1,Y,Y,N,N,N,N,,GRSL174,,,,,,,yes,no,,,,,,,2.5,sand,1 pup,,,
1365,2018,1/16/2018,week3,Muskeget,PUP,,live,15640,NA,N,NA,N,None detected,N,18MK00340,18MK00341,18MK00342,>45,>45,>45,>45,>45,>45,ND,ND,ND,#N/A,41.5501,-69.9914,F,U,U,42.2,98.5,105.3,106.90,90s,19,25,Y,Y,N,N,N,N,,GRSL173,,,,,,,yes,no,,,,,,,3,beach,1 pup,,,
1366,2018,2/1/2018,week5,Monomoy,PUP,,live,15637,NA,N,NA,N,IAV seropos,P,18MK00343,18MK00344,18MK00345,>45,>45,>45,>45,>45,>45,ND,ND,ND,#N/A,41.55833333,-69.99083333,M,V,NA,34.6,104,89,85.58,80s,23,24.5,Y,Y,N,N,N,N,,GRSL171,,,,,,Y,no,no,,,,,,,3,ND,ND,,,
1368,2018,2/1/2018,week5,Monomoy,PUP,,live,15638,NA,N,NA,N,None detected,N,18MK00346,18MK00347,18MK00348,>45,>45,>45,>45,>45,>45,ND,ND,ND,#N/A,41.39023,-70.05054,M,V,NA,29.2,98.5,87,88.32,80s,21,25,Y,Y,Y,N,N,N,,GRSL170,,,,,,Y,no,no,,,,,,,3.5,near beach,1 pup molt V,,,
1371,2018,2/9/2018,week6,Great Point,PUP,,live,15772,NA,N,NA,N,None detected,N,18MK00349,18MK00350,18MK00351,>45,>45,>45,>45,>45,>45,ND,ND,ND,#N/A,41.39098,-70.050166,F,V,NA,31.2,109,85,77.98,70s,22,26,Y,Y,N,N,N,N,,GRSL169,,,,,,,no,no,,,,,,,U,ND,ND,,,
1372,2018,2/9/2018,week6,Great Point,PUP,,live,15773,NA,N,NA,N,IAV seropos,P,18MK00352,18MK00353,18MK00354,>45,>45,>45,>45,>45,>45,ND,ND,ND,#N/A,41.390621,-70.050236,M,V,NA,32,113,89,78.76,70s,19,26,Y,Y,N,N,N,N,,GRSL168,,,,,,,no,no,,,,,,,U,ND,ND,,,
1373,2018,2/9/2018,week6,Great Point,PUP,,live,15774,NA,N,NA,N,None detected,N,18MK00355,18MK00356,18MK00357,>45,>45,>45,>45,>45,>45,ND,ND,ND,#N/A,41.33243,-70.30836,M,V,NA,37.6,120,95,79.17,70s,28,28,Y,Y,N,N,N,N,,GRSL167,,,,,,,no,no,,,,,,,U,ND,ND,,,
1375,2018,1/16/2018,week3,Muskeget,PUP,,live,15775,NA,N,NA,N,None detected,N,18MK00358,18MK00359,18MK00360,>45,>45,>45,>45,>45,>45,ND,ND,ND,#N/A,41.5481,-69.99326,M,U,U,39.6,110,104,94.55,90s,20,24,Y,Y,N,N,N,N,,GRSL166,,,,,,,no,no,,,,,,,2.5,sand,2 pups,,,
1377,2018,1/18/2018,week3,Monomoy,PUP,,live,NA,NA,N,NA,N,IAV seropos,P,18MK00097,18MK00098,18MK00099,#N/A,>45,>45,#N/A,>45,>45,ND,ND,ND,#N/A,41.54674,-69.9954,F,III,NA,41.8,110,97.5,88.64,80s,16,25.5,Y,Y,N,N,N,N,,GRSL264,,,1377,NA,1377,,yes,yes,,,,,,,3,top backside of dune,1 pup molt III,,,
1378,2018,1/18/2018,week3,Monomoy,PUP,,live,NA,NA,N,NA,N,IAV seropos,P,18MK00100,18MK00101,18MK00102,>45,>45,>45,>45,>45,>45,ND,ND,ND,#N/A,41.5559,-69.99081,M,III,NA,31.6,109,91,83.49,80s,19,26.2,Y,Y,N,N,N,N,,GRSL265,,,1378,NA,1378,,yes,no,,,,,,,2.5,"sand, scrub",7 pups,,,
1379,2018,1/18/2018,week3,Monomoy,PUP,,live,NA,NA,N,NA,N,IAV seropos,P,18MK00103,18MK00104,18MK00105,>45,>45,>45,>45,>45,>45,ND,ND,ND,#N/A,41.55565,-69.9904,M,IV,60,42.8,114,98.5,86.40,80s,20.3,26.5,Y,Y,N,N,N,N,,GRSL266,,,1379,NA,1379,,yes,yes,,,,,,,3.5,sand,none,,,
1380,2018,1/17/2018,week3,Monomoy,PUP,,live,NA,NA,N,NA,N,IAV seropos,P,18MK00106,18MK00107,18MK00108,#N/A,#N/A,>45,#N/A,#N/A,>45,ND,ND,ND,#N/A,41.5483,-69.99437,F,V,NA,26.8,95,80,84.21,80s,20,26.5,Y,Y,N,N,N,N,,GRSL267,,,1380,NA,1380,,no,no,,,,,,,2.5,grass,1 pup molt II,,,
1381,2018,1/18/2018,week3,Monomoy,PUP,,live,NA,NA,N,NA,N,None detected,N,18MK00109,18MK00110,18MK00111,>45,>45,>45,>45,>45,>45,ND,ND,ND,#N/A,41.54803,-69.99485,F,V,NA,47,112.5,ND,#VALUE!,#VALUE!,19,23,N,NA,N,N,N,N,,GRSL268,,,1381,NA,1381,,no,no,,,,,,,3,behind dune sand/grass,1 pup,,,
1382,2018,1/18/2018,week3,Monomoy,PUP,,live,NA,NA,N,NA,N,None detected,N,18MK00112,18MK00113,18MK00114,>45,>45,>45,>45,>45,>45,ND,ND,ND,#N/A,41.55372,-69.99105,M,IV,10,30.8,110,84,76.36,70s,19.5,27,Y,Y,N,N,N,N,,GRSL269,,,1382,NA,1382,,yes,yes,,,,,,,2.5,grassy hill behind dune,none,,,
1383,2018,1/17/2018,week3,Monomoy,PUP,,live,NA,NA,N,NA,N,None detected,N,18MK00115,18MK00116,18MK00117,>45,>45,>45,>45,>45,>45,ND,ND,ND,#N/A,41.54803,-69.99314,M,II,NA,29.4,118,84.9,71.95,70s,28,27,N,NA,N,N,N,N,,GRSL270,,,1383,NA,1383,,yes,no,,,,,,,2.5/3,"sand, grass, inland",1 pup molt II,,,
1384,2018,1/18/2018,week3,Monomoy,PUP,,live,NA,NA,N,NA,N,IAV seropos,P,18MK00118,18MK00119,18MK00120,>45,>45,>45,>45,>45,>45,ND,ND,ND,#N/A,41.55537,-69.99045,M,V,NA,36.6,108,92,85.19,80s,21,25,Y,Y,N,N,N,N,,GRSL271,,,1384,NA,1384,,no,no,,,,,,,3,ridge top in grass,2 pups molt III,,,
1385,2018,1/19/2018,week3,Monomoy,PUP,,live,NA,NA,N,NA,WEAK,PDV,N,18MK00121,18MK00122,18MK00123,>45,>45,>45,>45,43.24745941,>45,ND,ND,ND,#N/A,41.55537,-69.99045,F,V,NA,37.6,111,ND,#VALUE!,#VALUE!,14,26,Y,Y,N,N,N,N,,NA,,,1385,1385,NA,,no,no,,,,,,,3,ND,1 pup molt II,,,
1386,2018,1/17/2018,week3,Monomoy,PUP,,live,NA,NA,N,NA,N,IAV seropos,P,18MK00124,18MK00125,18MK00126,>45,>45,#N/A,>45,ND,ND,ND,ND,ND,#N/A,41.54972222,-69.99166667,F,V,NA,44.2,118,ND,#VALUE!,#VALUE!,16.5,27,Y,Y,N,N,N,N,,NA,,,1386,1386,NA,,yes,no,,,,,,,3.5,grass,1 pup molt V,,,
1387,2018,2/1/2018,week5,Monomoy,PUP,,live,NA,NA,N,NA,N,IAV seropos,P,18MK00127,18MK00128,18MK00129,>45,>45,>45,>45,>45,>45,ND,ND,ND,#N/A,41.5498,-69.992,F,V,NA,35.8,117,101,86.32,80s,21,27,Y,Y,Y,N,N,N,,NA,,,1387,1387,NA,Y,no,no,,,,,,,2.5,scrub,3 pups  ,,,
1388,2018,2/1/2018,week5,Monomoy,PUP,,live,NA,NA,N,NA,WEAK,PDV,N,18MK00130,18MK00131,18MK00132,>45,>45,>45,>45,40.70284653,>45,ND,ND,ND,#N/A,41.55555556,-69.99083333,M,V,NA,41.4,116,102,87.93,80s,23,27,Y,Y,Y,N,N,N,,NA,,,1388,1388,NA,Y,no,no,,,,,,,3.5,ND,ND,,,
1389,2018,2/1/2018,week5,Monomoy,PUP,,live,NA,NA,N,NA,N,None detected,N,18MK00133,18MK00134,18MK00135,>45,>45,>45,>45,>45,>45,ND,ND,ND,#N/A,41.5496,-69.9921,F,V,NA,25.4,92,82,89.13,80s,18,24,Y,Y,N,N,N,N,,NA,,,1389,1389,NA,Y,no,no,,,,,,,3,on dunes behind adults on beach,1 pup,,,
1391,2018,2/1/2018,week5,Monomoy,PUP,,live,NA,NA,N,NA,WEAK,PDV,N,18MK00139,18MK00140,18MK00141,>45,>45,>45,>45,>45,42.78468704,ND,ND,ND,#N/A,41.55944444,-69.99138889,F,U,NA,35.8,111,84,75.68,70s,22,26.5,Y,Y,Y,N,N,N,,NA,,,1391,1391,NA,Y,no,no,,,,,,,3,scrub,2 pups molt V,,,
1392,2018,2/2/2018,week5,Monomoy,PUP,,live,NA,NA,N,NA,WEAK,PDV,P,18MK00142,18MK00143,18MK00144,>45,>45,>45,43.71512222,>45,>45,ND,ND,ND,#N/A,41.558788,-69.992906,F,V,NA,46.6,107.5,102.5,95.35,90s,20,78,Y,Y,N,N,N,N,,NA,,,1392,1392,NA,Y,no,no,,,,,,,3.5/3,"in dune, sheltered from wind",none,,,
1394,2018,2/2/2018,week5,Monomoy,PUP,,live,NA,NA,N,NA,WEAK,PDV,N,18MK00148,18MK00149,18MK00150,>45,>45,>45,40.75459671,>45,>45,ND,ND,ND,#N/A,41.559762,-69.990982,F,V,NA,27.8,101,87,86.14,80s,19,27,Y,Y,Y,N,N,N,,NA,,,1394,1394,NA,Y,no,no,,,,,,,3/2.5,dune overlooking beach,#1358,,,
1395,2018,2/2/2018,week5,Monomoy,PUP,,live,NA,NA,N,NA,N,IAV seropos,P,18MK00151,18MK00152,18MK00153,>45,>45,>45,>45,>45,>45,ND,ND,ND,#N/A,41.558908,-69.992822,M,V,NA,40.4,108,97,89.81,80s,18,27,Y,Y,Y,N,N,N,,NA,,,1395,1395,NA,Y,no,no,,,,,,,3,beach,none,,,
1397,2018,2/2/2018,week5,Monomoy,PUP,,live,NA,NA,N,NA,WEAK,PDV,P,18MK00157,18MK00158,18MK00159,#N/A,>45,>45,#N/A,>45,44.26572418,ND,ND,ND,#N/A,41.558667,-69.993148,F,V,NA,35.8,109,92,84.40,80s,21,25,Y,Y,Y,N,N,N,,NA,,,1397,1397,NA,Y,no,no,,,,,,,3,grass in dunes near beach,1 molt V,,,
1399,2018,2/2/2018,week5,Monomoy,PUP,,live,NA,NA,N,NA,N,None detected,ND,18MK00163,18MK00164,18MK00165,>45,>45,>45,>45,>45,>45,ND,ND,ND,#N/A,40.55833333,-69.99111111,F,V,NA,43.8,110,ND,#VALUE!,#VALUE!,17,29,N,NA,N,N,N,N,,NA,,,1399,1399,NA,Y,no,no,,,,,,,U,scrub near beach,ND,,,
1401,2019,20190126,week4,Muskeget,PUP,,live,NA,NA,N,NA,P,Y,P,19MK00001,19MK00002,19MK00003,>45,>45,>45,>45,>45,38.98849106,ND,ND,ND,0,41.33606 N,-70.28933 W,F,V,100,39.2,103,96,93.20,90s,20,26,Yes,Yes,No,assigned,No,,,,,,Yes,No,No,Yes,,,,no,No,,1 Tube (~10ml),,2.5,Beach,pups proximity not super close,,None,
1402,2019,20190126,week4,Muskeget,PUP,,live,NA,177514,P,RCS,N,Y,P,19MK00004,19MK00005,19MK00006,>45,>45,36.97914505,>45,>45,>45,ND,ND,ND,0,41.33570 N,-70.28901 W,M,V,100,32,101,86,85.15,80s,18,25,Yes,Yes,Yes,assigned,Yes,Yes,,,,,Yes,No,No,,,,,yes,Yes,,1 Tube (~10ml),,,Beach,pup; 2 within proximity,,None,
1403,2019,20190126,week4,Muskeget,PUP,,live,NA,177512,P,Con/RCS,N,Y,N,19MK00007,19MK00008,19MK00009,>45,39.12204742,41.64142609,>45,>45,>45,ND,ND,ND,0,41.33572 N,-70.28911 W,F,V,100,37.2,112,105,93.75,90s,17,28,Yes,Yes,Yes,assigned,Yes,Yes,,,,,Yes,Yes,No,Yes,,,2 Tubes (~20ml),yes,,,1 Tube (~10ml),,,,solo; no close neighbors,,None,
1404,2019,20190126,week4,Muskeget,PUP,,live,NA,177508,P,NAS/RCS,N,Y,N,19MK00010,19MK00011,19MK00012,39.61345291,>45,38.30222321,>45,>45,>45,ND,ND,ND,0,41.33530 N,-70.28905 W,F,V,100,31.8,95,97,102.11,90s,16,27,Yes,Yes,Yes,assigned,Yes,Yes,,,,,Yes,No,No,Yes,,,,yes,,,1 Tube (~10ml),,,Beach,Close proximity to 1 pup,,None,
1405,2019,20190126,week4,Muskeget,PUP,,live,NA,177509,P,Con,N,Y,N,19MK00013,19MK00014,19MK00015,>45,37.68383789,>45,>45,>45,>45,ND,ND,ND,0,41.33548 N,-70.28978 W,F,V,100,31.2,97,94,96.91,90s,17,23,Yes,Yes,,assigned,Yes (Small amount),Yes (Small amount),,,,,Yes,Yes,No,Yes,,,,yes,,,1 Tube (~10ml),,,scrub/grass,solo; no close neighbors,,None,
1406,2019,20190126,week4,Muskeget,PUP,,live,NA,177036,N,NA,N,N,N,19MK00016,19MK00017,19MK00018,>45,>45,>45,>45,>45,>45,ND,ND,ND,0,41.33564 N,-70.28980 W,F,V,100,33.2,109,87,79.82,70s,19,25,Yes,Yes,No,assigned,No,None,,,,,Yes,No,No,No,,,,no,No,,1 Tube (~10ml),,,grass/shrub,solo; no close neighbors,,None,
1407,2019,20190126,week4,Muskeget,PUP,,live,NA,177511,P,NAS/Con/RCS,N,Y,N,19MK00019,19MK00020,19MK00021,35.69765091,35.66711426,37.51438904,>45,>45,>45,ND,ND,ND,0,41.33564 N,-70.28980 W,M,V,100,49.8,123,110,89.43,80s,20,26,Yes,Yes,Yes,assigned,Yes (Small amount),Yes (Small amount),,,,,Yes,Yes,No,Yes,,,,yes,Yes,,1 Tube (~10ml),,,Beach near shrub,"3 pups, not too close",spotted on Monomoy alive and well on 20190711,None,
1408,2019,20190127,week4,Great Point,PUP,,live,NA,NA,N,NA,N,,N,19MK00022,19MK00023,19MK00024,>45,>45,>45,>45,>45,>45,ND,ND,ND,#N/A,41.37233,-70.02546,F,V,100,24.2,109,73.5,67.43,70s,19,23,Yes,Yes,yes,Not assigned,yes,yes,,,,,yes,no,no,yes,NA,NA,2 Tubes (~20ml),Yes,Yes,,1 Tubes (~10ml),,2.5,in grass ~2 meters in,none,,Ulceration on upper mouth. Pictures Through 119.,
1412,2019,20190127,week4,Great Point,PUP,,live,NA,177038,N,NA,N,,N,19MK00028,19MK00029,19MK00030,>45,>45,>45,>45,>45,>45,ND,ND,ND,#N/A,41.3852 N, -70.04021 W,F,V,100,27.6,105,82,78.10,70s,18,25,Yes,Yes,No,Not assigned,No,None,,,,,Yes,No,No,Yes,NA,NA,Yes,Yes,No,,1 Tubes (~10ml),,2.5,,,,None,
1414,2019,20190113,week2,Great Point,PUP,,live,NA,NA,N,NA,N,,N,19MK00454,19MK00455,19MK00456,>45,>45,>45,>45,>45,>45,ND,ND,ND,#N/A,41.37801 N,-70.03200 W,M,V,90,24.8,104.5,81,77.51,70s,18,29.2,Yes,Yes,Yes,,Yes,Yes,,,,No,Yes,Yes,ND,Yes,,,,,,,,,"3.5""",On Beach,none,"bycaught on 20190203 in Chincoteague, VA",,
1415,2019,20190113,week2,Great Point,PUP,,live,NA,NA,N,NA,N,,N,19MK00457,19MK00458,19MK00459,>45,>45,>45,>45,>45,>45,ND,ND,ND,#N/A,41.37943 N,-70.03452 W,M,IV,50,19.6,95,69,72.63,70s,22,28.4,Yes,Yes,ND,,ND,NA,,,,Yes,Yes,Yes,ND,Yes,,,,,,,,,"3.5""",On Beach,none,,,
1416,2019,20190113,week2,Great Point,PUP,,live,NA,NA,N,NA,N,,N,19MK00460,19MK00461,19MK00462,>45,>45,>45,>45,>45,>45,ND,ND,ND,#N/A,41.37979 N,-70.03757 W,F,II,<5%,15.8,95,68,71.58,70s,14,25.6,Yes,Yes,ND,,ND,NA,,,,Yes,Yes,ND,ND,Yes,,,,,,,,,"3.0""",On Beach,none,,,
1417,2019,20190113,week2,Great Point,PUP,,live,NA,NA,N,NA,N,,P,19MK00463,19MK00464,19MK00465,>45,>45,>45,>45,>45,>45,ND,ND,ND,#N/A,41.38198 N,-70.03637 W,M,V,99,24.4,101.5,79,77.83,70s,20.5,26.7,Yes,Yes,Yes,,Yes,Yes,,,,Yes,Yes,Yes,ND,Yes,,,,,,,,,"3.5""",On Beach,none,,,
1421,2018,2/1/2018,week5,Monomoy,PUP,,live,15642,NA,N,NA,N,IAV seropos,P,18MK00361,18MK00362,18MK00363,>45,>45,>45,>45,>45,>45,ND,ND,ND,#N/A,41.5504,-69.991,F,V,NA,27,100,85,85.00,80s,18,28,Y,Y,Y,N,N,N,,NA,,,,,,Y,no,no,,,,,,,3.5,"dunes, near beach",1 molt V,,,
1422,2018,2/1/2018,week5,Monomoy,PUP,,live,15776,NA,N,NA,N,None detected,N,18MK00364,18MK00365,18MK00366,>45,>45,>45,>45,>45,>45,ND,ND,ND,#N/A,41.33832,-70.30167,M,V,NA,31.6,101.5,85.5,84.24,80s,18,26,Y,Y,Y,N,N,N,,NA,,,,,,Y,no,no,,,,,,,3.5,edge of dune near beach,1 molt V,,,
1423,2018,2/14/2018,week7,Muskeget,PUP,,live,NA,NA,N,NA,N,IAV seropos,P,18MK00367,18MK00368,18MK00369,>45,>45,>45,>45,>45,>45,ND,ND,ND,#N/A,41.39096,-70.049699,F,V,NA,41.4,110,96,87.27,80s,21,25,Y,Y,N,N,N,N,,NA,,,,,,,no,no,,,,,,,2.5,beach,none,,,
1424,2018,2/9/2018,week6,Great Point,PUP,,live,NA,NA,N,NA,N,IAV seropos,P,18MK00370,18MK00371,18MK00372,>45,>45,>45,>45,>45,>45,ND,ND,ND,#N/A,41.390324,-70.048148,F,V,NA,35.4,114,90,78.95,70s,21,26,Y,Y,N,N,N,N,,NA,,,,,,,no,no,,,,,,,U,ND,ND,,,
1425,2018,2/9/2018,week6,Great Point,PUP,,live,NA,NA,N,NA,N,None detected,N,18MK00373,18MK00374,18MK00375,>45,>45,>45,>45,>45,>45,ND,ND,ND,#N/A,41.390324,-70.048158,M,V,NA,37.8,ND,ND,#VALUE!,#VALUE!,ND,ND,Y,Y,N,N,N,N,,NA,,,,,,,no,no,,,,,,,U,ND,ND,,,
1426,2018,2/9/2018,week6,Great Point,PUP,,live,NA,NA,N,NA,STRONG,PDV,N,18MK00376,18MK00377,18MK00378,>45,>45,>45,32.39791489,32.91345978,30.22083092,ND,ND,ND,#N/A,41.3381,-70.3019,F,V,NA,25,100,76,76.00,70s,22,29,Y,Y,N,N,N,N,,NA,,,,,,,no,no,,,,,,,U,ND,ND,,,
1427,2018,2/14/2018,week7,Muskeget,PUP,,live,NA,NA,N,NA,N,None detected,N,18MK00379,18MK00380,18MK00381,>45,>45,>45,>45,>45,>45,ND,ND,ND,#N/A,41.33665,-70.30517,F,V,NA,29.6,108,86,79.63,70s,18,24,Y,Y,N,N,N,N,,NA,,,,,,,no,no,,,,,,,2.5,grass,ND,,,
1428,2018,2/14/2018,week7,Muskeget,PUP,,live,NA,NA,N,NA,N,IAV seropos,P,18MK00382,18MK00383,18MK00384,>45,>45,>45,>45,>45,>45,ND,ND,ND,#N/A,41.33719,-70.30571,F,V,NA,44.2,110,98,89.09,80s,21,25,Y,Y,N,N,N,N,,NA,,,,,,,no,no,,,,,,,3,inland,none,,,
1429,2018,2/14/2018,week7,Muskeget,PUP,,live,NA,NA,N,NA,N,IAV seropos,P,18MK00385,18MK00386,18MK00387,>45,>45,>45,>45,>45,>45,ND,ND,ND,#N/A,41.3381,-70.30345,F,V,NA,37,101,100,99.01,90s,18,23,Y,Y,N,N,N,N,,NA,,,,,,,no,no,,,,,,,2.5,"grass, inland",none,,,
1430,2018,2/14/2018,week7,Muskeget,PUP,,live,NA,NA,P,RCS,N,IAV,N,18MK00388,18MK00389,18MK00390,>45,>45,38.51254272,>45,>45,>45,ND,ND,ND,#N/A,41.33784,-70.30369,F,V,NA,39.8,94,97,103.19,90s,16,25,Y,Y,N,N,N,N,,NA,,,,,,,no,no,,,,,,,2.5,grass,1,,,
1431,2018,2/14/2018,week7,Muskeget,PUP,,live,NA,NA,N,NA,N,IAV seropos,P,18MK00391,18MK00392,18MK00393,>45,>45,>45,>45,>45,>45,ND,ND,ND,#N/A,41.33723,-70.3056,F,V,NA,38.4,108,95,87.96,80s,16,24,Y,Y,N,N,N,N,,NA,,,,,,,no,no,,,,,,,2.5,grass,none,,,
1432,2022,1/13/2022,,Great Point,PUP,,live,NA,NA,,,,,N,22MK00004,22MK00005,22MK00006,Undetermined,Undetermined,Undetermined,undetermined,undetermined,undetermined,Undetermined,Undetermined,Undetermined,,41.37753 N,70.03094 W,F,"IV at start, V after sampling",<5% lanugo,28.4,110,85,,,24,24.5,Y,,Y,,,,,,,,Y,N,N,N,Y,,3 tubes,,,2 Tubes,,,"1.5""",Beach at dune,2 adults in the water,,"Bleeder: Margot Had to recapture after first attempt, Rear right flipper had healed puncture Bleaders: Wendy, Alexa, Milton Wounds, minimal lanugo when captured, minimal bleeding from flipper tag site.",
1433,2022,1/13/2022,,Great Point,PUP,,live,NA,NA,,,,,N,22MK00007,22MK00008,22MK00009,Undetermined,Undetermined,Undetermined,undetermined,undetermined,undetermined,Undetermined,Undetermined,Undetermined,,41.38902 N,70.05038 W,F,II,0%,Not Weighed,91.5,57.5,,,19,24.5,Y,,N,,,,,,,,Y,Y,N,Y,Y,,1 Tube,,,1 Tube,,,"1""",Beach,"0, Adults further away (2)",,"Bleeder: Wendy, Alexa, Milton FRESH DEAD PUP. Code 2. Scavenged left eye. Right Rear flipper skin Notch taken. Blood Training for Wendy, Milton and Alexa-Yielded Blood! Great candidate for blood stick training.",
1434,2022,1/13/2022,,Great Point,PUP,,live,NA,NA,,,,,N,22MK00010,22MK00011,22MK00012,Undetermined,Undetermined,Undetermined,undetermined,undetermined,undetermined,Undetermined,Undetermined,Undetermined,,41.389220 N,70.046440 W,M,IV,30%,34.4,107.5,93.5,,,17 (right flipper),27,Y,,Y,,,,,,,,Y,N,N,N,Y,,2 Tubes,,,3 Tubes,,,"3""",above beach on flat behind dune in grass,None noted,,Bleeder: Belinda ,
1435,2022,1/13/2022,,Great Point,PUP,,live,NA,NA,,,,,N,22MK00013,22MK00014,22MK00015,Undetermined,Undetermined,Undetermined,undetermined,undetermined,undetermined,Undetermined,Undetermined,Undetermined,,41.38933 N,70.04637 W,F,IV,70%,16,98.5,65,,,19,23.5,Y,,N,,,,,,,,Y,N,N,N,Y,,2 Tubes,,,3 Tubes,,,"1""",Beach,1 pup nearby (1434),,Bleeder: Wendy Betadine on Flipper Wound (superficial abrasion size of a dime. Reverse Molt.,
1436,2022,1/13/2022,,Great Point,PUP,,live,NA,NA,,,,,N,22MK00016,22MK00017,22MK00018,Undetermined,Undetermined,Undetermined,undetermined,undetermined,undetermined,Undetermined,Undetermined,Undetermined,,41.37846 N,70.03223 W,F,II,0%,13.4,85,66,,,17,24,Y,,Y,,,,,,,,N,N,N,N,Y,,1 Tube,,,2 Tubes,,,"1""","High Beach, between harbor and ocean, no dune",none,,"Bleeder: Milton NOT TAGGED. Tubes labeled with associated animal number though. Eye Discharge, Oral bilateral leasions-Phocine Herpes on side of tongue.",
1437,,2/12/2022,,Great Point,PUP,,,NA,NA,,,,,N,22MK00019,22MK00020,22MK00021,22MK00019,22MK00020,22MK00021,22MK00019,22MK00020,22MK00021,22MK00019,22MK00020,22MK00021,,,,M,V,1,27.8,105,81,,,22.50,26,Y,,Y,N,,,Y,,Y,,Y,N,N,N,N,,,,N,,Y,,2.5,Beach,"3-5 adults, 1 pup",,Bleeder: Jon R. Restrainer: Milton. Only one conjunctiva swab collected.,
1438,,2/12/2022,,Great Point,PUP,,,NA,NA,,,,,N,22MK00022,22MK00023,22MK00024,22MK00022,22MK00023,22MK00024,22MK00022,22MK00023,22MK00024,22MK00022,22MK00023,22MK00024,,,,M,V? (confirm with Photos),,40,126,90.5,,,20.50,30.5,Y,,Y,N,,,Y,,Y,,Y,N,N,N,N,,,,N,,Y,,3.5 and 2.5,Beach,None,,Bleeder: Jon R. Restrainer: Milton.,
1439,,2/12/2022,,Great Point,PUP,,,NA,NA,,,,,N,22MK00025,22MK00026,22MK00027,22MK00025,22MK00026,22MK00027,22MK00025,22MK00026,22MK00027,22MK00025,22MK00026,22MK00027,,,,M,V,1,33,110,87,,,21.00,28,Y,,Y,N,,,Y,,Y,,Y,N,N,N,N,,,,N,,Y,,2.5,Beach,9 pups together,,Bleeder: Jon R Restrainer: Milton,
1440,,2/12/2022,,Great Point,PUP,,,NA,NA,,,,,N,22MK00028,22MK00029,22MK00030,22MK00028,22MK00029,22MK00030,22MK00028,22MK00029,22MK00030,22MK00028,22MK00029,22MK00030,,,,F,V,1,35,123,87,,,22.00,27,Y,,Y,N,,,Y,,Y,,Y,N,N,N,N,,,,N,,Y,,3,Beach,,,Bleeder: Jon R Restrainer: Milton,
1441,,2/12/2022,,Great Point,PUP,,,NA,NA,,,,,N,22MK00031,22MK00032,22MK00033,22MK00031,22MK00032,22MK00033,22MK00031,22MK00032,22MK00033,22MK00031,22MK00032,22MK00033,,,,M,V,1,38,122,89,,,25.00,28,Y,,Y,N,,,Y,,Y,,Y,N,N,N,N,,,,N,,Y,,2.5,Dunes,None noted,,Bleeder: Andrea B Restrainer: Jon R,
1442,,2/12/2022,,Great Point,PUP,,,NA,NA,,,,,P,22MK00034,22MK00035,22MK00036,22MK00034,22MK00035,22MK00036,22MK00034,22MK00035,22MK00036,22MK00034,22MK00035,22MK00036,,,,M,V,1,30.2,119,83,,,24.00,29,Y,,Y,N,,,Y,,Y,,Y,N,N,N,N,,,,N,,Y,,2.5,Beach,None noted,,Bleeder: Wendy & Jon R Restrainer: Milton. Foil sample of Scat. ,
1443,,2/12/2022,,Great Point,PUP,,,NA,NA,,,,,N,22MK00037,22MK00038,22MK00039,22MK00037,22MK00038,22MK00039,22MK00037,22MK00038,22MK00039,22MK00037,22MK00038,22MK00039,,,,M,V,1,34.8,117,89,,,24.00,25,Y,,N,N,,,Y,,Y,,Y,N,N,N,N,,,,N,,Y,,3,Beach,None noted,,Bleeder: Jon R Restrainer: Milton,
1447,,2/12/2022,,Great Point,PUP,,,NA,NA,,,,,N,22MK00049,22MK00050,22MK00051,22MK00049,22MK00050,22MK00051,22MK00049,22MK00050,22MK00051,22MK00049,22MK00050,22MK00051,,,,M,IV,90,21.4,113,72,,,22.00,25,Y,,N,N,,,Y,,Y,,Y,N,N,N,Y,,,,N,,Y,,2.5,Beach,1 pup,,Bleeder: Jon R. Reverse molt (rear flipper lanugo) Shaking/trembling half way through sampling,
1461,2019,20190127,week4,Great Point,PUP,,live,NA,NA,P,Con,N,Y,N,19MK00031,19MK00032,19MK00033,>45,41.27576065,>45,>45,>45,>45,ND,ND,ND,0,41.38526, -70.04098 W,M,IV,20,20.4,92,71,77.17,70s,18,23,Yes,Yes,No,Not assigned,No,None,,,,Yes,Yes,No,No,Yes,,,Yes,No,No,,No,,,,,,None,
1462,2019,20190127,week4,Great Point,PUP,,live,NA,NA,N,NA,N,,#N/A,19MK00034,19MK00035,19MK00036,>45,>45,>45,>45,>45,>45,ND,ND,ND,#N/A,41.39081, -70.04980 W,M,V,100,46.2,118,108,91.53,90s,22,27,Yes,Yes,No,Not assigned,No,None,,,,Yes,Yes,No,No,Yes,NA,NA,None,No,No,No,No,None,,,,,2 needle sticks. No Blood collected.,
1463,2019,20190127,week4,Great Point,PUP,,live,NA,NA,P,Con,N,Y,N,19MK00037,19MK00038,19MK00039,>45,39.24187088,>45,>45,>45,>45,ND,ND,ND,0,41.39051, -70.04892 W,F,IV,80,27.2,101,82,81.19,80s,14,26,Yes,Yes,No,Not assigned,No,None,,,,Yes,Yes,No,No,Yes,,,Yes,No,No,,No,,,,,,1 Needle stick,
1464,2019,20190127,week4,Great Point,PUP,,live,NA,177510,N,NA,N,,N,19MK00040,19MK00041,19MK00042,>45,>45,>45,>45,>45,>45,ND,ND,ND,#N/A,41.39056, -70.04869 W,M,V,100,49.2,123,104,84.55,80s,19,26,Yes,Yes,Yes,Not assigned,No,None,,,,Yes,Yes,No,No,Yes,NA,NA,Yes,No,Yes,,1 Tube (~10ml),,3.5/3.0,,,,2 needle sticks. Blood on second stick.,
1465,2019,20190127,week4,Great Point,PUP,,live,NA,NA,P,Con,N,,N,19MK00043,19MK00044,19MK00045,>45,42.34850311,ND,>45,>45,ND,ND,ND,ND,#N/A,41.39001, -70.04775 W,F,V,100,30.2,ND,ND,ND,90s,ND,ND,Yes,Yes,No,Not assigned,No,None,,,,No,No,No,No,No,NA,NA,<1 Tubes (~10ml),No,No,Yes,No,,,"high up on beach, close to lighthouse",3 pups,,Seal released early. Contusion on restainer from seal tooth. No broken skin.,
1473,2019,20190129,,Seal Island,PUP,,live,NA,NA,#N/A,NA,#N/A,,#N/A,TBD,TBD,TBD,#N/A,#N/A,#N/A,#N/A,#N/A,#N/A,ND,ND,ND,#N/A,49.890278,-68.733056,F,V,100,54.6,124.5,108,86.75,80s,19,25.5,,,,,,,,,,,,,,,,,,,,,,,,,,,,
1474,2019,20190129,,Seal Island,PUP,,live,NA,177513,#N/A,NA,#N/A,,#N/A,TBD,TBD,TBD,#N/A,#N/A,#N/A,#N/A,#N/A,#N/A,ND,ND,ND,#N/A,49.890278,-68.733056,M,V,100,39.4,116,105,90.52,90s,17,30,,,,,,,,,,,,,,,,,,,,,,,,,,,,
1475,2019,20190129,,Seal Island,PUP,,live,NA,177037,#N/A,NA,#N/A,,#N/A,TBD,TBD,TBD,#N/A,#N/A,#N/A,#N/A,#N/A,#N/A,ND,ND,ND,#N/A,49.890278,-68.733056,M,V,100,52.2,102,109,106.86,90s,17,27,yes,no,no,no,no,none,,,,,yes? ,no,no,yes,NA,NA,yes,no,no,,none,,3,,,,,
1476,2019,20190126,week4,Muskeget,PUP,,live,NA,177744,N,NA,N,N,N,19MK00076,19MK00077,19MK00078,>45,>45,>45,>45,>45,>45,ND,ND,ND,58.97435897,41.33584 N,-70.28941 W,M,V,100,41.2,131,92,70.23,70s,18,26,Yes,Yes,No,Not assigned,No,None,,,,,Yes,No,No,No,,,,no,,,,,,Beach,solo; no close neighbors,,,
1478,2019,20190127,week4,Great Point,PUP,,live,NA,NA,N,NA,N,,N,19MK00082,19MK00083,19MK00084,>45,>45,>45,>45,>45,>45,ND,ND,ND,#N/A,41.38964, -70.05070 W,M,V,100,33.6,101,108,106.93,90s,20,25,Yes,Yes,No,Not assigned,No,None,,,,,Yes,No,No,Yes,NA,NA,<1 Tube,No,No,,No,,2.5,within 200 meter of water,solo ,,None,
1501,2019,20190204,week5,Monomoy,PUP,,live,NA,NA,N,NA,N,N,P,19MK00151,19MK00152,19MK00153,>45,>45,>45,>45,>45,>45,ND,ND,ND,0,41.55627 N,-69.99088 W,M,V,100,28.2,102,84.5,82.84,80s,16,24,Yes,Yes,No,assigned,No,,,,,,Yes,No,No,No,,,3 Tubes (~20ml),,No,,No,,2.5,Scrub near beach,Paired with Female (Hg 1502),"seen on 3/19/19 Norht Light on Block Island, RI very BAR","2"" needle would have been prefered for this animal. Some nasal frothing.",
1502,2019,20190204,week5,Monomoy,PUP,,live,NA,NA,N,NA,N,,P,19MK00154,19MK00155,19MK00156,>45,>45,>45,>45,>45,>45,ND,ND,ND,#N/A,41.55635 N,-69.99086 W,F,V,100,34.4,105,94,89.52,80s,14,25,Yes,Yes,No,assigned,No,,,,,,Yes,No,No,No,,,2 Tubes (~20ml),,Yes,,1 Tube (~10ml),,3,"Sand, near beach between berms",Paired with Male (Hg 1501),,"No Paintstick on this animal. Left nare exhibited 1 ml of clear viscous mucous, none exuded from right nare.",
1503,2019,20190204,week5,Monomoy,PUP,,live,NA,NA,N,NA,N,,P,19MK00157,19MK00158,19MK00159,>45,>45,>45,>45,>45,>45,ND,ND,ND,#N/A,41.55550 N,-69.99111 W,F,V,>95%,37.4,113,102,90.27,90s,19.5,27,Yes,Yes,No,assigned,Yes,Yes,,,,,Yes,No,No,No,,,2 Tubes (~20ml),,Yes,,1 Tube (~10ml),,3.5,Over hill/quite far from ocean,,,White nasal discharge. Poop collected.,
1504,2019,20190204,week5,Monomoy,PUP,,live,NA,NA,N,NA,STRONG,,N,19MK00160,19MK00161,19MK00162,>45,>45,>45,37.8407364,>45,38.1686249,ND,ND,ND,#N/A,41.55 N,-69.991 W,F,V,100,33.4,106,~96 estimate,90.57,90s,ND,26,Yes,Yes,No,assigned,Yes (Small amount),Yes (Small amount),,,,,Yes,No,No,No,,,2 Tubes (~20ml),,Yes (2x),,1 Tube (~10ml),,3.5,,,,,
1505,2019,20190204,week5,Monomoy,PUP,,live,NA,NA,N,NA,N,,#N/A,ND,ND,19MK00165,ND,ND,>45,ND,ND,>45,ND,ND,ND,#N/A,,,F,V,100,37.8,106,~102 estimate,96.23,90s,22,ND,Yes,Yes,No,assigned,No,,,,,,Yes,No,No,No,,,<1 Tube,,No,Not enough to collect ,1 Tube (~10ml),,3.5,,,,Discharge out of R nostril.,
1506,2019,20190204,week5,Monomoy,PUP,,live,NA,NA,N,NA,P,Y,N,19MK00166,19MK00167,19MK00168,>45,>45,>45,39.2452888,>45,>45,ND,ND,ND,0,41.554374 N,-69.990586 W,F,V,100,42,117,~108 estimate,92.31,90s,21,25.8,Yes,Yes,No,assigned,Yes,Yes,,,,,Yes,No,No,No,,,2 Tubes (~20ml),,Yes (2x),Yes,1 Tube (~10ml),,3.5,Close to the Beach,None,,,
1507,2019,20190204,week5,Monomoy,PUP,,live,NA,NA,P,NAS,N,Y,N,19MK00171,19MK00170,19MK00169,39.99975967,>45,>45,>45,>45,>45,ND,ND,ND,0,41.554971 N,-69.990390 W,F,IV,50,29.8,105,102,97.14,90s,19.5,26,Yes,Yes,No,assigned,No,,,,,,Yes,No,No,No,,,2 Tubes (~20ml),,Yes,,1 Tube (~10ml),,2.5,Near Beach,,,"Nasal and Rectal samples were put in the wrong tubes. Sample  ID numbers on spreadsheet reflect the correct sample ID numbers of appropriate samples within tubes, however TUBE LABELS HAVE NOT BEEN CORRECTED. The rectal swabs are in tube labeled with an ""N"" and the nasal swabs are in the tube labeled with an ""R"". ",
1512,2019,20190205,week6,Monomoy,PUP,,live,NA,NA,N,NA,N,N,P,19MK00184,19MK00185,19MK00186,>45,>45,>45,>45,>45,>45,ND,ND,ND,182.0466786,41.54797 N,-69.99294 W,F,V,>95%,43,102,92,90.20,90s,16.5,25,Yes,Yes,No,Not Assigned,Yes,Yes,,,,,Yes,No,No,Yes,,,2 Tubes (~20ml),Yes,Yes,Yes (3ml),1 Tube (~10ml),,3.5,Sandy beach with scrub patches,Haul out of ~300-350 animals ~150ft away,,"Haul out of ~300-350 animals ~150 ft away. None flushed during collection. White Discharge from both nares. Some feces observed upon unbagging (brown, tacky, well formed). Pink paint stick, several lines on caudal dorsem.",
1513,2019,20190205,week6,Monomoy,PUP,,live,NA,NA,P,Con,N,Y,N,19MK00187,19MK00188,19MK00189,>45,40.21308899,>45,>45,>45,>45,ND,ND,ND,224.015748,41.54718 N,-69.99358 W,F,V,100,26.8,99,80.5,81.31,80s,17,26,Yes,Yes,Yes,Not Assigned,No,,,,,,Yes,No,No,Yes?,,,2 Tubes (~20ml),Yes,Yes,Yes (2ml),1 Tube (~10ml),,2.5,Beach,None,,Scant amount of white froth left and right,
1514,2019,20190205,week6,Monomoy,PUP,,live,NA,NA,N,NA,P,Y,N,19MK00190,19MK00191,19MK00192,>45,>45,>45,>45,38.166729,>45,ND,ND,ND,564.5454545,41.57757 N,-69.99345 W,M,V,100,23.4,93.5,79,84.49,80s,20,24,Yes,Yes,Yes,Not Assigned,No,,,,,,Yes,No,No,Yes,,,~1 1/2 Tubes (~15ml),Yes,No,Yes (2ml),1/2 Tube (~5ml),,2.5,Near Beach,,,Lanugo very small,
1515,2019,20190205,week6,Monomoy,PUP,,live,NA,NA,N,NA,N,,N,19MK00193,19MK00194,19MK00195,>45,>45,>45,>45,>45,>45,ND,ND,ND,#N/A,41.55353 N,-69.99054 W,F,V,100,35.4,111,94,84.68,80s,20,25.8,Yes,Yes,Yes,Not Assigned,No,,,,,,Yes,No,No,No,,,2 Tubes (~20ml),Yes,Yes,Yes (2ml),1 Tube (~10ml),,2.5,Close to the Beach,,,"Before this animal, When trying to get a different animal, flushed ~10 adults into the water. Attempted again and an additional ~10 adults flushed. No mom/pup pairs were flushed or disrupted.",
1516,2019,20190205,week6,Monomoy,PUP,,live,NA,NA,N,NA,N,,N,19MK00196,19MK00197,19MK00198,>45,>45,>45,>45,>45,>45,ND,ND,ND,#N/A,41.55327 N,-69.99097 W,F,V,100,34.4,119,ND,ND,90s,14.8,25.2,Yes,Yes,Yes,Not Assigned,No,,,,,,Yes,No,No,Yes?,NA,NA,2 Tubes (~20ml),Yes,Yes,Yes (2ml),1 Tube (~10ml),,3.5,Beach,,,Fecal,
1517,2019,20190205,week6,Monomoy,PUP,,live,NA,NA,N,NA,N,,N,19MK00199,19MK00200,19MK00201,>45,>45,>45,>45,>45,>45,ND,ND,ND,#N/A,41.55392 N,-69.99029 W,F,V,100,35.2,116,97,83.62,80s,28,28,Yes,Yes,No,Not Assigned,Yes,Yes,,,,,Yes,No,No,No,NA,NA,2 Tubes (~20ml),Yes,Yes (2x),Yes (2ml),1 Tube (~10ml),,3.5,Beach,,,Fecal,
1518,2019,20190205,week6,Monomoy,PUP,,live,NA,NA,N,NA,P,Y,N,19MK00202,19MK00203,19MK00204,>45,>45,>45,38.1695366,40.1525154,>45,ND,ND,ND,98.0620155,41.55503 N,-69.99013 W,F,V,100,36.2,111,96.5,86.94,80s,17,25,Yes,Yes,No,Not Assigned,No,,,,,,Yes,No,No,No,NA,NA,2 Tubes (<20ml),Yes,Yes,Yes (2ml),1 Tube (~10ml),,3.5,Beach,None,,Plasma v. hemolyzed,
1519,2019,20190206,week6,Monomoy,PUP,,live,NA,NA,N,NA,WEAK,Y,P,19MK00205,19MK00206,19MK00207,>45,>45,>45,39.0190086,>45,>45,ND,ND,ND,114.6853147,41.55267 N,-69.99087 W,F,V,100,38.2,105,102,97.14,90s,15,26.5,Yes,Yes,No,Not Assigned,No,,,,,,Yes,No,No,Yes,NA,NA,,,Yes,,,,3.5,Near Beach,None,,Wiggly,
1522,2019,20190206,week6,Monomoy,PUP,,live,NA,NA,N,NA,WEAK,Y,N,19MK00214,19MK00215,19MK00216,>45,>45,>45,>45,39.3377075,>45,ND,ND,ND,106.6298343,41.55559 N,-69.99092 W,F,V,100,43.4,106,105,99.06,90s,21,27.5,Yes,Yes,Yes,Not Assigned,No,,,,,,Yes,No,No,Yes,NA,NA,,,Yes,,,,3.5,Near Beach,,,Wheezing when Breathing,
1523,2019,20190206,week6,Monomoy,PUP,,live,NA,NA,N,NA,N,,N,19MK00217,19MK00218,19MK00219,>45,>45,>45,>45,>45,>45,ND,ND,ND,#N/A,41.55577 N,-69.99054 W,F,V,100,33.4,106,96,90.57,90s,23.4,28,Yes,Yes,Yes,Not Assigned,No,,,,,,Yes,No,No,No,NA,NA,,,Yes,,,,3,,,,,
1524,2019,20190205,week6,Monomoy,PUP,,live,NA,NA,N,NA,P,,N,19MK00222,19MK00221,19MK00220,>45,>45,>45,>45,>45,38.989357,ND,ND,ND,#N/A,41.54927 N,-69.99170 W,F,II,0,25.2,100,85,85.00,80s,14,23,Yes,Yes,No,Not Assigned,No,,,,,,Yes,No,No,No,,,1 Tube (~10ml),Yes,Yes,Yes (2ml),1 Tube (~10ml),,2.5,Sandy beach with scrub nearby,1 Stage 5 molt ~2m away,,"Group of ~250 ~200ft away. ~15 did partial flush to the water line during approach. ~15 continued to partially flush during the capture, but did not enter the water. Some fecal staining. Note: nasal and rectal cryovials were switched. ID numbers on spreadsheet reflect the correct sample ID numbers of appropriate samples within tubes, however TUBE LABELS HAVE NOT BEEN CORRECTED. The rectal swabs are in tube labeled with an ""N"" and the nasal swabs are in the tube labeled with an ""R"".",
1525,2019,20190205,week6,Monomoy,PUP,,live,NA,NA,N,NA,N,,N,19MK00223,19MK00224,19MK00225,>45,>45,>45,>45,>45,>45,ND,ND,ND,#N/A,41.55445 N,-69.99044 W,F,V,100,U,103,93,90.29,90s,23.4 (Right flipper),27,Yes,Yes,Yes,Not Assigned,Yes,Yes,,,,,Yes,No,No,No,NA,NA,2 Tubes (~20ml),Yes,Yes (2x),Yes (3ml),1 Tube (~10ml),,3,Beach,"~7 on beach, generally dispersed",,Red Paint stick,
1526,2019,20190205,week6,Monomoy,PUP,,live,NA,NA,N,NA,N,,#N/A,19MK00226,19MK00227,19MK00228,>45,>45,>45,>45,>45,>45,ND,ND,ND,#N/A,41.55475 N,-69.99052 W,M,V,100,35,107,92,85.98,80s,23,30,ND,ND,ND,Not Assigned,ND,ND,,,,,Yes,No,No,No,NA,NA,NA,ND,ND,ND,ND,ND,3,Beach,"~7 on beach, not close",,White discharge from L and R nares. Red paint stick 2 dorsal lines. Some fecal staining.,
1527,2019,20190205,week6,Monomoy,PUP,,live,NA,NA,N,NA,N,,N,19MK00229,19MK00230,19MK00231,>45,>45,>45,>45,>45,>45,ND,ND,ND,#N/A,41.55392 N,-69.99030 W,F,V,100,33.4,109,98,89.91,80s,20,26,Yes,Yes,Yes,Not Assigned,No,,,,,,Yes,No,No,Yes,NA,NA,2 Tubes (~20ml),,Yes (2x),Yes (1ml),NA,NA,3,Beach,"3 pups in cluster, with Hg1517",,,
1528,2019,20190205,week6,Monomoy,PUP,,live,NA,NA,N,NA,N,,P,19MK00234,19MK00233,19MK00232,>45,>45,>45,>45,>45,>45,ND,ND,ND,#N/A,41.55505  N,-69.99013 W,F,V,100,39,105,ND,ND,90s,21,30,Yes,Yes,Yes,Not Assigned,Yes,Yes,,,,,Yes,No,No,No,NA,NA,2 Tubes (~20ml),,Yes (2x),Yes (3ml),1 Tube (~10ml),,3,Beach,Coupled with 1518,,White Froth on Nose. Rectal and Nasal Swabs switched. (VTM Sample IDs have been corrected and reflect appropiate sample location. Dry swabs HAVE NOT been corrected!!!),
1529,2019,20190206,week6,Monomoy,PUP,,live,NA,NA,N,NA,N,N,N,19MK00235,19MK00236,19MK00237,>45,>45,>45,>45,>45,>45,ND,ND,ND,0,41.55953 N,-69.99165 W,M,V,100,30.4,98,109,111.22,90s,17,25,Yes,Yes,Yes,Not Assigned,Yes,,,,,,Yes,No,No,Yes,NA,NA,,,Yes,,,,2.5,Scrub,None,,Kate's Seal,
1530,2019,20190206,week6,Monomoy,PUP,,live,NA,NA,N,NA,N,,N,19MK00238,19MK00239,19MK00240,>45,>45,>45,>45,>45,>45,ND,ND,ND,#N/A,41.56000 N,-69.99136 W,F,V,100,24.6,89,77,86.52,80s,21,23,Yes,Yes,Yes,Not Assigned,No,,,,,,Yes,No,No,No,NA,NA,,,Yes,,,,2.5,Scrub,1~50ft Away,,Blood Smear Slides Done,
1531,2019,20190206,week6,Monomoy,PUP,,live,NA,NA,N,NA,N,,#N/A,19MK00241,19MK00242,19MK00243,>45,>45,>45,>45,>45,>45,ND,ND,ND,#N/A,41.56050 N,-69.99126 W,F,V,<5%,34.4,101,88,87.13,80s,17,22,ND,ND,ND,Not assigned,ND,ND,,,,,Yes,No,No,Yes,,,NA,ND,ND,ND,ND,ND,"3.0""",Scrub,,,"White froth at nose. Teary-water. Coughing and Sneezing episode prior to capture, just woke up. MM checked with Stetho and okayed. Amy Klink bitten upon animal release. Broke skin. Incident report submmitted and Bite treated with antibiotics (prescribed by ReadyMed Hyannis)",
1550,2020,1/14/2020,week 2,Muskeget,PUP,,,NA,NA,NEG,NA,NEG,,N,19MK00298,19MK00299,19MK00300,Undetermined,Undetermined,Undetermined,Undetermined,Undetermined,Undetermined,ND,ND,ND,,U,U,M,V,100%,46.4,111,107,96.40,90s,20,29,YES,,Yes,ND,ND,,ND,,ND,,YES,ND,ND,YES,YES,YES,,,ND,YES,YES,,,,,,,
1551,2020,1/14/2020,week 2,Muskeget,PUP,,,NA,NA,NEG,NA,NEG,,P,19MK00301,19MK00302,19MK00303,Undetermined,Undetermined,Undetermined,Undetermined,Undetermined,Undetermined,ND,ND,ND,,U,U,M,U,U,48.8,109,106,97.25,90s,23.5,30,YES,,ND,ND,ND,,ND,,ND,,YES,YES,ND,YES,YES,YES,,,ND,YES,YES,,,,,,,
1552,2020,1/14/2020,week 2,Muskeget,PUP,,,NA,NA,NEG,NA,NEG,,N,19MK00304,19MK00305,19MK00306,Undetermined,Undetermined,Undetermined,Undetermined,Undetermined,Undetermined,ND,ND,ND,,U,U,F,V,100%,45.6,108,98.5,91.20,90s,17.5,24,YES,,Yes,ND,ND,,ND,,ND,,YES,ND,ND,YES,YES,YES,,,ND,YES,YES,,,,,,,
1553,2020,1/14/2020,week 2,Muskeget,PUP,,,NA,NA,NEG,NA,NEG,,N,19MK00307,19MK00308,19MK00309,Undetermined,Undetermined,Undetermined,Undetermined,Undetermined,Undetermined,ND,ND,ND,,U,U,M,U,U,48,110,104,94.55,90s,18,26,YES,,ND,ND,ND,,ND,,ND,,YES,YES,ND,YES,ND,ND,,,ND,YES,YES,,,,,,,
1554,2020,1/14/2020,week 2,Muskeget,PUP,,,NA,NA,NEG,NA,NEG,,N,19MK00310,19MK00311,19MK00312,Undetermined,Undetermined,Undetermined,Undetermined,Undetermined,Undetermined,ND,ND,ND,,U,U,M,V,100%,52,112,105.5,94.20,90s,22,28,YES,,Yes,ND,ND,,ND,,ND,,YES,ND,ND,YES,ND,ND,,,ND,YES,YES,,,,,,,
1555,2020,1/14/2020,week 2,Muskeget,PUP,,,NA,NA,NEG,NA,NEG,,N,19MK00313,19MK00314,19MK00315,Undetermined,Undetermined,Undetermined,Undetermined,Undetermined,Undetermined,ND,ND,ND,,U,U,M,V,100%,30.6,96,86.5,90.10,90s,18,22.5,YES,,Yes,ND,ND,,ND,,ND,,YES,YES,ND,YES,YES,YES,,,ND,YES,YES,,,,,,,
1556,2020,1/14/2020,week 2,Muskeget,PUP,,,NA,NA,P,RCS,NEG,,N,19MK00316,19MK00317,19MK00318,Undetermined,Undetermined,38.57600403,Undetermined,Undetermined,Undetermined,ND,ND,ND,,U,U,M,IV,30%,35.3,103,90.5,87.86,80s,18.5,25,YES,,Yes,ND,ND,,ND,,ND,,YES,ND,ND,YES,YES,YES,,,ND,YES,YES,,,,,,,
1557,2020,1/14/2020,week 2,Muskeget,PUP,,,NA,NA,NEG,NA,NEG,,N,19MK00319,19MK00320,19MK00321,Undetermined,Undetermined,Undetermined,Undetermined,Undetermined,Undetermined,ND,ND,ND,,U,U,F,U,U,34.4,92,95,103.26,90s,20.5,23,YES,,Yes,ND,ND,,ND,,ND,,YES,YES,ND,YES,ND,ND,,,ND,YES,YES,,,,,,,
1558,2020,1/14/2020,week 2,Muskeget,PUP,,,NA,NA,NEG,NA,NEG,,N,19MK00322,19MK00323,19MK00324,Undetermined,Undetermined,Undetermined,Undetermined,Undetermined,Undetermined,ND,ND,ND,,U,U,F,V,100%,50.2,100,112,112.00,90s,22,31,YES,,Yes,ND,ND,,YES,,YES,,YES,ND,ND,YES,ND,ND,,,ND,YES,YES,,,,,,,
1559,2020,1/22/2020,,Seal Island,PUP,,,NA,177507,N,NA,N,,P,19MK00325,19MK00326,19MK00327,Undetermined,Undetermined,Undetermined,Undetermined,Undetermined,Undetermined,ND,ND,ND,,U,U,M,V,100%,33,106.5,87.5,82.16,80s,20,27,YES,,ND,ND,ND,,YES,,YES,,YES,YES,ND,YES,ND,ND,,,YES,YES,YES,,,,,,,
1560,2020,1/22/2020,,Seal Island,PUP,,,NA,142351,N,NA,N,,P,19MK00328,19MK00329,19MK00330,Undetermined,Undetermined,Undetermined,Undetermined,Undetermined,Undetermined,ND,ND,ND,,U,U,F,V,100%,47.8,111,101.5,91.44,90s,18,30,YES,,ND,ND,ND,,ND,,ND,,YES,ND,ND,YES,ND,ND,,,YES,YES,YES,,,,,,,
1561,2020,1/14/2020,week 2,Muskeget,PUP,,,NA,NA,NEG,NA,NEG,,N,19MK00331,19MK00332,19MK00333,Undetermined,Undetermined,Undetermined,Undetermined,Undetermined,Undetermined,ND,ND,ND,,U,U,F,U,U,42.3,106,90,84.91,80s,20,28,YES,,ND,ND,ND,,ND,,ND,,YES,YES,ND,YES,ND,ND,,,ND,YES,YES,,,,,,,
1562,2020,1/14/2020,week 2,Muskeget,PUP,,,NA,NA,NEG,NA,NEG,,N,19MK00334,19MK00335,19MK00336,Undetermined,Undetermined,Undetermined,Undetermined,Undetermined,Undetermined,ND,ND,ND,,U,U,M,V,100%,42,118,100,84.75,80s,21.5,26.5,YES,,Yes,ND,ND,,ND,,ND,,YES,ND,ND,YES,ND,ND,,,ND,YES,YES,,,,,,,
1563,2020,1/14/2020,week 2,Muskeget,PUP,,,NA,NA,NEG,NA,WEAK,,P,19MK00337,19MK00338,19MK00339,Undetermined,Undetermined,Undetermined,Undetermined,40.35712814,Undetermined,ND,ND,ND,,U,U,M,V,100%,48.2,107,102.5,95.79,90s,19,28.5,YES,,ND,ND,ND,,ND,,ND,,YES,YES,ND,YES,ND,ND,,,ND,YES,YES,,,,,,,
1564,2020,1/22/2020,,Seal Island,PUP,,,NA,NA,NEG,NA,NEG,,N,19MK00340,19MK00341,19MK00342,Undetermined,Undetermined,Undetermined,Undetermined,Undetermined,Undetermined,ND,ND,ND,,U,U,F,V,100%,28.8,95,90,94.74,90s,17.5,24,YES,,ND,ND,ND,,YES,,YES,,YES,ND,ND,YES,ND,ND,,,YES,YES,YES,,,,,,,
1565,2020,1/22/2020,,Seal Island,PUP,,,NA,NA,NEG,NA,NEG,,N,19MK00343,19MK00344,19MK00345,Undetermined,Undetermined,Undetermined,Undetermined,Undetermined,Undetermined,ND,ND,ND,,U,U,F,V,100%,40,105,98,93.33,90s,19,25.5,YES,,ND,ND,ND,,YES,,YES,,YES,YES,ND,YES,ND,ND,,,YES,YES,YES,,,,,,,
1566,2020,1/22/2020,,Seal Island,PUP,,,NA,NA,NEG,NA,NEG,,N,19MK00346,19MK00347,19MK00348,Undetermined,Undetermined,Undetermined,Undetermined,Undetermined,Undetermined,ND,ND,ND,,U,U,M,IV,60%,48.2,103.5,104.5,100.97,90s,19,26.5,YES,,ND,ND,ND,,YES,,YES,,YES,ND,ND,YES,ND,ND,,,ND,YES,YES,,,,,,,
1567,2020,1/22/2020,,Seal Island,PUP,,,NA,NA,NEG,NA,NEG,,P,19MK00349,19MK00350,19MK00351,Undetermined,Undetermined,Undetermined,Undetermined,Undetermined,Undetermined,ND,ND,ND,,U,U,F,IV,U,41.2,103,105,101.94,90s,17,25,YES,,ND,ND,ND,,YES,,YES,,YES,YES,ND,YES,ND,ND,,,YES,YES,YES,,,,,,,
1568,2020,1/22/2020,,Seal Island,PUP,,,NA,NA,NEG,NA,NEG,,N,19MK00352,19MK00353,19MK00354,Undetermined,Undetermined,Undetermined,Undetermined,Undetermined,Undetermined,ND,ND,ND,,U,U,F,V,100%,27.4,95,90.5,95.26,90s,19,29,ND,,ND,ND,ND,,YES,,YES,,YES,ND,ND,YES,ND,ND,,,ND,YES,YES,,,,,,,
1569,2020,1/22/2020,,Seal Island,PUP,,,NA,NA,NEG,NA,NEG,,N,19MK00355,19MK00356,19MK00357,Undetermined,Undetermined,Undetermined,Undetermined,Undetermined,Undetermined,ND,ND,ND,,U,U,F,V,100%,30.8,107,89.5,83.64,80s,21.5,27,YES,,ND,ND,ND,,YES,,YES,,YES,YES,ND,YES,ND,ND,,,YES,YES,YES,,,,,,,
1570,2020,1/22/2020,,Seal Island,PUP,,,NA,NA,NEG,NA,NEG,,N,19MK00358,19MK00359,19MK00360,Undetermined,Undetermined,Undetermined,Undetermined,Undetermined,Undetermined,ND,ND,ND,,U,U,F,V,100%,39,103,102,99.03,90s,23,25,YES,,ND,ND,ND,,YES,,YES,,YES,ND,ND,YES,ND,ND,,,YES,YES,YES,,,,,,,
1571,2020,1/22/2020,,Seal Island,PUP,,,NA,NA,NEG,NA,NEG,,N,19MK00361,19MK00362,19MK00363,Undetermined,Undetermined,Undetermined,Undetermined,Undetermined,Undetermined,ND,ND,ND,,U,U,F,III,5%,32.8,102,97.5,95.59,90s,16,23,YES,,ND,ND,ND,,YES,,YES,,YES,YES,ND,YES,yes,yes,,,YES,YES,YES,,,,,,,
1572,2020,1/13/2020,week 2,Muskeget,PUP,,,NA,NA,NEG,NA,NEG,,N,19MK00364,19MK00365,19MK00366,Undetermined,Undetermined,Undetermined,Undetermined,Undetermined,Undetermined,ND,ND,ND,,U,U,F,IV,5%,36.2,111,101,90.99,90s,18.5,26,ND,,ND,ND,ND,,YES,,YES,,YES,ND,ND,YES,YES,YES,,,ND,YES,YES,,,,,,,
1573,2020,1/22/2020,,Seal Island,PUP,,,NA,NA,NEG,NA,NEG,,N,19MK00367,19MK00368,19MK00369,Undetermined,Undetermined,Undetermined,Undetermined,Undetermined,Undetermined,ND,ND,ND,,U,U,M,IV,60%,27.2,92,82,89.13,80s,23,26,YES,,ND,ND,ND,,YES,,YES,,YES,YES,ND,YES,YES,YES,,,YES,YES,YES,,,,,,,
1574,2020,1/22/2020,week 4,Muskeget,PUP,,,NA,NA,NEG,NA,NEG,,N,19MK00370,19MK00371,19MK00372,Undetermined,Undetermined,Undetermined,Undetermined,Undetermined,Undetermined,ND,ND,ND,,40.33811,-70.30124  ,M,IV,20%,ND,109,91.5,83.94,80s,17,25,YES,,Yes,ND,ND,,YES,,YES,,Yes,ND,ND,ND,Yes,Yes,2 Tubes,,U,Yes,U,,,,,,Belinda Bleeder. 1 Stick. Serious Eye Goop and Crust. Left Eye really Goopy. Photo 818* No Camera listed.,
1575,2020,1/22/2020,week 4,Muskeget,PUP,,,NA,NA,NEG,NA,P,,P,19MK00373,19MK00374,19MK00375,Undetermined,Undetermined,Undetermined,Undetermined,Undetermined,38.76585388,ND,ND,ND,,41.33821,-70.30108  ,F,IV,100%,ND,113,100,88.50,80s,18.8,27.5,YES,,ND,ND,ND,,YES,,YES,,ND,ND,ND,ND,ND,ND,3 Partial,,U,Yes,U,,,,,,Belinda Bleeder. 1 Stick. No Camera Listed. Orange Paint stick,
1576,2020,1/22/2020,week 4,Muskeget,PUP,,,NA,NA,NEG,NA,NEG,,N,19MK00376,19MK00377,19MK00378,Undetermined,Undetermined,Undetermined,Undetermined,Undetermined,Undetermined,ND,ND,ND,,41.33815,-70.30103  ,M,IV,99%,ND,119.5,102.5,85.77,80s,17.5,26.5,YES,,ND,ND,ND,,ND,,ND,,Yes,ND,ND,ND,Yes,Yes,2 Tubes,,U,Yes,U,,,,,,Belinda Bleeder. 1 Stick. No Camera Listed. Mucus Rectal. Drippy Eyes. Orange Paint stick,
1577,2020,1/22/2020,week 4,Muskeget,PUP,,,NA,NA,NEG,NA,NEG,,N,19MK00379,19MK00380,19MK00381,Undetermined,Undetermined,Undetermined,Undetermined,Undetermined,Undetermined,ND,ND,ND,,41.33815,-70.30074  ,M,V,100%,ND,112,97,86.61,80s,15.5,27.8,YES,,Yes,ND,ND,,YES,,YES,,Yes,Yes,ND,ND,ND,ND,2 Tubes,,U,Yes,U,,,,,,Belinda Bleeder. 1 Stick. No Camera Listed. Orange Paint stick,
1578,2020,1/22/2020,week 4,Muskeget,PUP,,,NA,NA,NEG,NA,NEG,,P,19MK00382,19MK00383,19MK00384,Undetermined,Undetermined,Undetermined,Undetermined,Undetermined,Undetermined,ND,ND,ND,,41.33812,-70.30068  ,M,V,100%,ND,99,92,92.93,90s,16.7,24.8,YES,,Yes,ND,ND,,YES,,YES,,Yes,ND,ND,ND,ND,ND,2 Tubes,,U,Yes,U,,,,,,"Belinda Bleeder. 2 Sticks. Aggressive and/or Curious adult male approach while on animal. First attempt limited sampling. Got off animal 2 mins after starting sampling. Moved away. No tags originally applied or paint stick. Kept eyes on animal. Adult retreated. 2nd Attempt at sampling, tagged and orange paint stick.",
1580,2020,1/22/2020,week 4,Muskeget,PUP,,,NA,NA,NEG,NA,NEG,,P,19MK00388,19MK00389,19MK00390,Undetermined,Undetermined,Undetermined,Undetermined,Undetermined,Undetermined,ND,ND,ND,,41.34,-70.30  ,M,III,5%,ND,114.5,105,91.70,90s,22.5,25.3,YES,,Yes,ND,ND,,YES,,YES,,Yes,ND,ND,ND,Yes,Yes,2 Tubes,,U,Yes,U,,,,,,Belinda Bleeder. 1 Stick. Camera Not listed. Only one tag applied. She was a Shedder. Fresh Fecal was obtained. ,
1581,2020,1/22/2020,week 4,Muskeget,PUP,,,NA,NA,P,NAS/Con,NEG,,N,19MK00391,19MK00392,19MK00393,36.82181168,38.07073593,Undetermined,Undetermined,Undetermined,Undetermined,ND,ND,ND,,41.34,-70.30  ,M,IV,98%,ND,117,96,82.05,80s,18.8,27.2,YES,,ND,ND,ND,,YES,,YES,,Yes,Yes,ND,ND,Yes,Yes,2 Tubes,,U,Yes,U,,,,,,Belinda Bleeder. 1 Stick. Camera Not listed. Only one tag applied. ,
1582,2020,1/13/2020,week 2,Muskeget,PUP,,,NA,194406,N,NA,N,,N,19MK00394,19MK00395,19MK00396,Undetermined,Undetermined,Undetermined,Undetermined,Undetermined,Undetermined,ND,ND,ND,,U,U,F,V,100%,34,104,95,91.35,90s,18,24,YES,,Yes,ND,ND,,YES,,YES,,YES,ND,ND,YES,ND,ND,,,YES,YES,YES,,,,,,,
1583,2020,1/13/2020,week 2,Muskeget,PUP,,,NA,194407,N,NA,WEAK,,P,19MK00397,19MK00398,19MK00399,Undetermined,Undetermined,Undetermined,Undetermined,Undetermined,39.85188293,ND,ND,ND,,U,U,F,V,100%,46,107,102.5,95.79,90s,19,29,YES,,Yes,ND,ND,,YES,,YES,,YES,YES,ND,YES,ND,ND,,,YES,YES,YES,,,,,,,
1584,2020,1/14/2020,week 2,Muskeget,PUP,,,NA,NA,NEG,NA,NEG,,N,19MK00400,19MK00401,19MK00402,Undetermined,Undetermined,Undetermined,Undetermined,Undetermined,Undetermined,ND,ND,ND,,U,U,M,U,U,49.2,112,102,91.07,90s,20,26,YES,,Yes,ND,ND,,ND,,ND,,YES,ND,ND,YES,ND,ND,,,ND,YES,YES,,,,,,,
1585,2020,1/13/2020,week 2,Muskeget,PUP,,,NA,194405,N,NA,N,,N,19MK00403,19MK00404,19MK00405,Undetermined,Undetermined,Undetermined,Undetermined,Undetermined,Undetermined,ND,ND,ND,,U,U,F,V,100%,31.8,94,93.5,99.47,90s,21,27,ND,,ND,ND,ND,,YES,,YES,,YES,YES,ND,YES,ND,ND,,,ND,YES,YES,,,,,,,
1586,2020,1/13/2020,week 2,Muskeget,PUP,,,NA,194408,P,NAS,N,,N,19MK00406,19MK00407,19MK00408,37.98438263,Undetermined,Undetermined,Undetermined,Undetermined,Undetermined,ND,ND,ND,,U,U,F,IV,80%,34.8,102,88.5,86.76,80s,21,26,YES,,Yes,ND,ND,,YES,,YES,,YES,ND,ND,YES,YES,YES,,,YES,YES,YES,,,,,,,
1587,2020,1/13/2020,week 2,Monomoy,PUP,,live,NA,NA,NEG,NA,NEG,,N,19MK00409,19MK00410,19MK00411,Undetermined,Undetermined,Undetermined,Undetermined,Undetermined,Undetermined,ND,ND,ND,,41.55993,-69.99180  ,M,III,5%,32.2,118.5,83.5,70.46,70s,19.4,25,YES,,Yes,ND,ND,,YES,,YES,,Yes,ND,ND,ND,Yes,Yes,2 Tubes,,U,Yes,U,,,,,,Belinda Bleeder. 1 Stick. Brians Iphone. Also Collected Fecals.,
1588,2020,1/14/2020,week 2,Monomoy,PUP,,live,NA,NA,NEG,NA,NEG,,N,19MK00412,19MK00413,19MK00414,Undetermined,Undetermined,Undetermined,Undetermined,Undetermined,Undetermined,ND,ND,ND,,41.549015,-69.992208  ,F,V ,100%,42,105.5,113,107.11,100s,17,24,YES,,Yes,ND,ND,,YES,,YES,,Yes,Yes,ND,ND,ND,ND,1 and a partial,,U,Yes,U,,,,,,Laura Bleeder. 1 Stick. Photos on Green Ricoh. Rear Left Flipper Stick.,
1589,2020,1/13/2020,week 2,Monomoy,PUP,,live,NA,NA,NEG,NA,NEG,,N,19MK00415,19MK00416,19MK00417,Undetermined,Undetermined,Undetermined,Undetermined,Undetermined,Undetermined,ND,ND,ND,,41.5595,-69.9918  ,M,III,5%,23.85,104,98,94.23,90s,19,26,YES,,ND,ND,ND,,YES,,YES,,Yes,Yes,ND,ND,Yes,Yes,1 and a partial,,U,Yes,U,,,,,,Laura Bleeder. 1 Stick. Photos on Jess's Iphone.,
1590,2020,1/14/2020,week 2,Monomoy,PUP,,live,NA,NA,NEG,NA,NEG,,N,19MK00418,19MK00419,19MK00420,Undetermined,Undetermined,Undetermined,Undetermined,Undetermined,Undetermined,ND,ND,ND,,41.549847,-69.991302  ,M,III,5%,31.4,96,92.25,96.09,90s,19,26,YES,,ND,ND,ND,,YES,,YES,,Yes,Yes,ND,Yes,Yes,Yes,2 Tubes,,U,Yes,U,,,,,,Ashley Bleeder. 2 Sticks. Photos on Green Ricoh,
1591,2020,1/13/2020,week 2,Monomoy,PUP,,live,NA,NA,NEG,NA,NEG,,N,19MK00421,19MK00422,19MK00423,Undetermined,Undetermined,Undetermined,Undetermined,Undetermined,Undetermined,ND,ND,ND,,41.55943,-69.99157  ,M,III,5%,38,113,99,87.61,80s,20,25,YES,,Yes,ND,ND,,YES,,YES,,Yes,Yes,ND,ND,Yes,Yes,2 Tubes,,U,Yes,U,,,,,,Laura Bleeder. 1 Stick. Photos on Kate's iphone,
1592,2020,1/14/2020,week 2,Monomoy,PUP,,live,NA,NA,NEG,NA,NEG,,N,19MK00424,19MK00425,19MK00426,Undetermined,Undetermined,Undetermined,Undetermined,Undetermined,Undetermined,ND,ND,ND,,41.548818,-69.992398  ,M,IV,98%,23.7,101,77,76.24,80s,20,26,YES,,Yes,ND,ND,,YES,,YES,,Yes,Yes,ND,Yes,ND,ND,2 Tubes,,U,Yes,U,,,,,,Margot Bleeder. 2 Sticks. Photos on Green Ricoh.,
1593,2020,1/13/2020,week 2,Monomoy,PUP,,live,NA,NA,NEG,NA,NEG,,N,19MK00427,19MK00428,19MK00429,Undetermined,Undetermined,Undetermined,Undetermined,Undetermined,Undetermined,ND,ND,ND,,41.56118,-69.99130  ,M,III,5%,39.6,114.5,97,84.72,80s,17.25,24.5,YES,,Yes,ND,ND,,YES,,YES,,Yes,Yes,ND,ND,Yes,Yes,2 Tubes,,U,Yes,U,,,,,,Belinda Bleeder. 1 Stick. Photos on Wendy's Phone,
1594,2020,1/14/2020,week 2,Monomoy,PUP,,live,NA,NA,NEG,NA,NEG,,N,19MK00430,19MK00431,19MK00432,Undetermined,Undetermined,Undetermined,Undetermined,Undetermined,Undetermined,ND,ND,ND,,41.598876,-69.992161  ,F,IV,75%,22.2,95,78,82.11,80s,17,24,YES,,ND,ND,ND,,YES,,YES,,Yes,Yes,ND,Yes,Yes,Yes,1 Partial,,U,Yes,U,,,,,,Margot Bleeder. 1 Stick. Photos on Green Ricoh.,
1595,2022,1/19/2022,,Monomoy,PUP,,,NA,NA,,,,,N,19MK00433,19MK00434,19MK00435,Undetermined,Undetermined,Undetermined,undetermined,undetermined,undetermined,Undetermined,Undetermined,Undetermined,,41.55888 N,069.99233 W,F,V,100,45.44,124,101.5,,,20,22,Yes,,Yes,,,,,,,,Yes,No,No,No,No,,2 Tubes,Yes,,3x 1ml and 2x 500ul,,1x,"1""",In Scrub,1 in Brush/scrub (Hg 1686),,Pink Paint Stick.,
1596,2020,1/13/2020,week 2,Monomoy,PUP,,live,NA,NA,NEG,NA,NEG,,N,19MK00436,19MK00437,19MK00438,Undetermined,Undetermined,Undetermined,Undetermined,Undetermined,Undetermined,ND,ND,ND,,41.55825,-69.99140  ,M,IV,80%,38.4,113.5,95,83.70,80s,21,28,YES,,ND,ND,ND,,YES,,YES,,Yes (x2 punches in one Tube),ND,ND,ND,Yes,Yes,2 Tubes,,U,Yes,U,,,,,,Belinda Bleeder. 1 Stick. Photos on Kate's Iphone,
1597,2020,1/13/2020,week 2,Monomoy,PUP,,live,NA,NA,NEG,NA,NEG,,N,19MK00439,19MK00440,19MK00441,Undetermined,Undetermined,Undetermined,Undetermined,Undetermined,Undetermined,ND,ND,ND,,41.55856,-69.99136  ,M,IV,20%,31,109.5,87.75,80.14,80s,24,24.5,YES,,Yes,ND,ND,,YES,,YES,,Yes,Yes,ND,Yes,Yes,Yes,2 Tubes,,U,Yes,U,,,,,,Laura Thompson/Margot Bleeders. 3 Sticks. Photos on Jess C's Iphone.,
1598,2020,1/14/2020,week 2,Monomoy,PUP,,live,NA,NA,NEG,NA,NEG,,N,19MK00442,19MK00443,19MK00444,Undetermined,Undetermined,Undetermined,Undetermined,Undetermined,Undetermined,ND,ND,ND,,41.54901,-69.992354  ,M,V ,100%,36.2,111.5,ND,ND,ND,19,28.5,YES,,Yes,ND,ND,,YES,,YES,,Yes,Yes,ND,ND,ND,ND,2 Partial,,U,Yes,U,,,,,,Margot Bleeder. 1 Stick. Photos on Green Ricoh.,
1599,2020,1/14/2020,week 2,Monomoy,PUP,,live,NA,NA,NEG,NA,WEAK,,N,19MK00445,19MK00446,19MK00447,Undetermined,Undetermined,Undetermined,39.30988693,Undetermined,Undetermined,ND,ND,ND,,41.549,-69.9923  ,F,V ,100%,24.8,91.5,98,107.10,100s,16,25,YES,,Yes,ND,ND,,YES,,YES,,Yes,Yes,ND,Yes,ND,ND,2 Tubes,,U,Yes,U,,,,,,Ashley Bleeder. 1 Stick. Photos on Orange Ricoh. Seal Named Spicy Tuna,
1602,2019,20190113,week2,Great Point,PUP,,live,NA,NA,N,NA,N,,P,19MK00472,19MK00473,19MK00474,>45,>45,>45,>45,>45,>45,ND,ND,ND,#N/A,41.39400 N,-70.05034 W,F,V,99,24.6,97,80,82.47,80s,19.2,26,Yes,Yes,ND,,ND,NA,,,,Yes,Yes,Yes,ND,Yes,,,,,,,,,"3.0""",On Beach near our parked van,none,,,
1621,2020,1/30/2020,week 5,Great Point,PUP,,,NA,NA,NEG,NA,ND,,N,18MK00247,18MK00248,18MK00249,Undetermined,Undetermined,Undetermined,0,0,0,ND,ND,ND,,U,U,M,V,100%,36.2,120,95,79.17,70s,22.5,28.5,YES,,Yes,ND,ND,,YES,,YES,,YES,YES,ND,YES,ND,ND,,,YES,YES,YES,,,,,,,
1622,2020,1/30/2020,week 5,Great Point,PUP,,,NA,NA,NEG,NA,ND,,N,18MK00250,18MK00251,18MK00252,Undetermined,Undetermined,Undetermined,0,0,0,ND,ND,ND,,U,U,F,V,100%,34.8,108,95.5,88.43,80s,20,27,ND,,ND,ND,ND,,YES,,YES,,YES,YES,ND,YES,ND,ND,,,U,YES,YES,,,,,,,
1623,2020,1/30/2020,week 5,Great Point,PUP,,,NA,NA,NEG,NA,ND,,N,18MK00253,18MK00254,18MK00255,Undetermined,Undetermined,Undetermined,0,0,0,ND,ND,ND,,U,U,F,V,100%,35.4,119,94.5,79.41,70s,22,28,YES,,Yes,ND,ND,,YES,,YES,,YES,YES,ND,YES,ND,ND,,,U,YES,YES,,,,,,,
1624,2020,1/30/2020,week 5,Great Point,PUP,,,NA,NA,NEG,NA,ND,,N,18MK00256,18MK00257,18MK00258,Undetermined,Undetermined,Undetermined,0,0,0,ND,ND,ND,,U,U,?,V,100%,33.8,117,86,73.50,70s,22,28,YES,,Yes,ND,ND,,YES,,YES,,YES,YES,ND,YES,ND,ND,,,YES,YES,YES,,,,,,back of rear flipper swollen with wounds (bit marks?),
1625,2020,1/30/2020,week 5,Great Point,PUP,,,NA,NA,NEG,NA,ND,,N,18MK00259,18MK00260,18MK00261,Undetermined,Undetermined,Undetermined,0,0,0,ND,ND,ND,,U,U,M,U,U,40,119,94,78.99,70s,20.5,26,YES,,Yes,ND,ND,,YES,,YES,,YES,YES,ND,YES,ND,ND,,,YES,YES,YES,,,,,,,
1626,2020,1/30/2020,week 5,Great Point,PUP,,,NA,NA,NEG,NA,ND,,N,18MK00262,18MK00263,18MK00264,Undetermined,Undetermined,Undetermined,0,0,0,ND,ND,ND,,U,U,F,U,U,30.4,107,95,88.79,80s,18,25,YES,,Yes,ND,ND,,YES,,YES,,YES,YES,ND,YES,ND,ND,,,YES,YES,YES,,,,,,,
1627,2020,1/30/2020,week 5,Great Point,PUP,,,NA,NA,NEG,NA,ND,,N,18MK00265,18MK00266,18MK00267,Undetermined,Undetermined,Undetermined,0,0,0,ND,ND,ND,,U,U,M,V,100%,40.4,110,93,84.55,80s,23,30,YES,,Yes,ND,ND,,YES,,YES,,YES,YES,ND,YES,ND,ND,,,YES,YES,YES,,,,,,,
1628,2020,1/30/2020,week 5,Great Point,PUP,,,NA,NA,NEG,NA,ND,,N,18MK00268,18MK00269,18MK00270,Undetermined,Undetermined,Undetermined,0,0,0,ND,ND,ND,,U,U,M,IV,Reverse Molt,26.6,103,79.5,77.18,70s,22,23,YES,,Yes,ND,ND,,U,,U,,YES,YES,ND,U,YES,YES,,,YES,YES,YES,,,,,,goopy eye,
1651,2020,1/22/2020,,Seal Island,PUP,,,4619,195534,#N/A,NA,,,N,19MK00046,19MK00047,19MK00048,#N/A,#N/A,#N/A,#N/A,#N/A,#N/A,ND,ND,ND,,U,U,M,IV,90%,38,106,97,91.51,90s,21,27,ND,,ND,ND,ND,,YES,,YES,,YES,ND,ND,YES,YES,YES,,,ND,YES,ND,,,,,,,
1652,2020,1/22/2020,,Seal Island,PUP,,,4620,195537,#N/A,NA,,,N,19MK00049,19MK00050,19MK00051,#N/A,#N/A,#N/A,#N/A,#N/A,#N/A,ND,ND,ND,,U,U,F,V,100%,34.6,100,94,94.00,90s,20,25.5,YES,,ND,ND,ND,,YES,,YES,,YES,YES,ND,YES,ND,ND,,,YES,YES,YES,,,,,,,
1653,2020,1/14/2020,week 2,Muskeget,PUP,,,4621,195535,N,NA,N,,N,19MK00052,19MK00053,19MK00054,Undetermined,Undetermined,Undetermined,Undetermined,Undetermined,Undetermined,ND,ND,ND,,U,U,F,V,100%,42.8,102,104,101.96,100s,20.5,25,YES,,ND,ND,ND,,ND,,ND,,YES,ND,ND,YES,ND,ND,,,ND,YES,YES,,,,,,,
1654,2020,1/13/2020,week 2,Muskeget,PUP,,,4622,195526,N,NA,N,,N,19MK00055,19MK00056,19MK00057,Undetermined,Undetermined,Undetermined,Undetermined,Undetermined,Undetermined,ND,ND,ND,,U,U,F,V,100%,42.8,119,103,86.55,80s,20,27,YES,,Yes,ND,ND,,YES,,YES,,YES,YES,ND,YES,ND,ND,,,YES,YES,YES,,,,,,,
1655,2020,1/14/2020,week 2,Muskeget,PUP,,,4623,195527,N,NA,N,,N,19MK00064,19MK00065,19MK00060,Undetermined,Undetermined,Undetermined,Undetermined,Undetermined,Undetermined,ND,ND,ND,,U,U,M,V,100%,56.8,115,106.5,92.61,90s,20,26.5,YES,,Yes,ND,ND,,ND,,ND,,YES,ND,ND,YES,ND,ND,,,ND,YES,YES,,,,,,,
1656,2020,1/13/2020,week 2,Muskeget,PUP,,,NA,195528,N,NA,N,,N,19MK00061,19MK00062,19MK00063,Undetermined,Undetermined,Undetermined,Undetermined,Undetermined,Undetermined,ND,ND,ND,,U,U,M,V,100%,42,112,102,91.07,90s,18.5,23,YES,,Yes,ND,ND,,YES,,YES,,YES,YES,ND,YES,ND,ND,,,YES,YES,YES,,,,,,,
1657,2020,1/14/2020,week 2,Muskeget,PUP,,,NA,177039,N,NA,N,,N,19MK00058,19MK00059,19MK00066,Undetermined,Undetermined,Undetermined,Undetermined,Undetermined,Undetermined,ND,ND,ND,,U,U,M,U,U,36.4,105,95,90.48,90s,22,24.5,YES,,Yes,ND,ND,,ND,,ND,,YES,ND,ND,YES,ND,ND,,,ND,YES,YES,,,,,,,
1658,2020,1/14/2020,week 2,Muskeget,PUP,,,4624,195530,N,NA,N,,N,19MK00079,19MK00080,19MK00081,Undetermined,Undetermined,Undetermined,Undetermined,Undetermined,Undetermined,ND,ND,ND,,U,U,F,U,U,37.4,110,90.5,82.27,80s,19.5,28,YES,,Yes,ND,ND,,ND,,ND,,YES,YES,ND,YES,ND,ND,,,ND,YES,YES,,,,,,,
1659,2020,1/14/2020,week 2,Muskeget,PUP,,,4625,195531,N,NA,N,,N,19MK00085,19MK00086,19MK00087,Undetermined,Undetermined,Undetermined,Undetermined,Undetermined,Undetermined,ND,ND,ND,,U,U,F,U,U,39,104,101,97.12,90s,17,24,YES,,Yes,ND,ND,,ND,,ND,,YES,YES,ND,YES,ND,ND,,,ND,YES,YES,,,,,,,
1660,2020,1/22/2020,,Seal Island,PUP,,,NA,195532,#N/A,NA,,,N,19MK00088,19MK00089,19MK00090,#N/A,#N/A,#N/A,#N/A,#N/A,#N/A,ND,ND,ND,,U,U,F,V,100%,29.8,93,87.5,94.09,90s,17.5,23,YES,,ND,ND,ND,,YES,,YES,,YES,ND,ND,YES,ND,ND,,,YES,YES,YES,,,,,,,
1661,2020,1/30/2020,week 5,Great Point,PUP,,,4628,195533,N,NA,N,,N,19MK00091,19MK00092,19MK00093,Undetermined,Undetermined,Undetermined,Undetermined,Undetermined,Undetermined,ND,ND,ND,,U,U,F,U,U,41.8,110,103,93.64,90s,18,28,YES,,Yes,ND,ND,,YES,,YES,,ND,ND,ND,YES,ND,ND,,,YES,YES,YES,,,,,,,
1662,2020,1/13/2020,week 2,Muskeget,PUP,,,4626,195536,N,NA,WEAK,,N,19MK00094,19MK00095,19MK00096,Undetermined,Undetermined,Undetermined,40.16283417,Undetermined,Undetermined,ND,ND,ND,,U,U,M,V,100%,40,107.5,101.5,94.42,90s,22,28,ND,,ND,ND,ND,,YES,,YES,,YES,ND,ND,YES,ND,ND,,,ND,YES,YES,,,,,,,
1663,2020,1/14/2020,week 2,Muskeget,PUP,,,4627,195529,P,Con,N,,N,19MK00097,19MK00098,19MK00099,Undetermined,38.21533966,Undetermined,Undetermined,Undetermined,Undetermined,ND,ND,ND,,U,U,M,V,100%,40.2,107,100.5,93.93,90s,21.5,21,YES,,ND,ND,ND,,ND,,ND,,YES,YES,ND,YES,ND,ND,,,ND,YES,YES,,,,,,,
1664,2020,1/14/2020,week 2,Monomoy,PUP,,live,NA,NA,ND,NA,NEG,,N,19MK00100,19MK00101,19MK00102,#N/A,#N/A,#N/A,#N/A,#N/A,#N/A,ND,ND,ND,,41.5489, '-69.9922  ,M,V ,100%,40.6,107,122,114.02,100s,19,25,YES,,Yes,ND,ND,,YES,,YES,,Yes,Yes,ND,ND,ND,ND,3 Partial,,U,Yes,U,,,,,,Laura Bleeder. 3 Sticks. Photos on Orange Ricoh.,
1665,2020,1/15/2020,week 3,Monomoy,PUP,,live,NA,NA,NEG,NA,ND,,N,19MK00103,19MK00104,19MK00105,Undetermined,Undetermined,Undetermined,Undetermined,40.40322495,Undetermined,ND,ND,ND,,41.561503,-69.991122  ,M,IV,20%,26.8,101,83,82.18,80s,16.5,24.5,YES,,Yes,ND,ND,,YES,,YES,,Yes,Yes,ND,Yes,Yes,Yes,2 Tubes,,U,Yes,U,,,,,,Laura Bleeder. 1 Stick. Photos on Green Ricoh.,
1666,2020,1/14/2020,week 2,Monomoy,PUP,,live,NA,NA,NEG,NA,NEG,,N,19MK00106,19MK00107,19MK00108,Undetermined,Undetermined,Undetermined,Undetermined,Undetermined,Undetermined,ND,ND,ND,,41.549,-69.9921  ,F,V ,100%,34,99,91.5,92.42,90s,18,24.5,YES,,Yes,ND,ND,,YES,,YES,,Yes,Yes,ND,Yes,ND,ND,1 +2 Partial Tubes,,U,Yes,U,,,,,,Margot + Wendy W Bleeders. 1 Stick. Photos on Orange Ricoh. Seal Named Sausage Roll/Devil Dog,
1667,2020,1/15/2020,week 3,Monomoy,PUP,,live,NA,NA,NEG,NA,NEG,,N,19MK00109,19MK00110,19MK00111,Undetermined,Undetermined,Undetermined,Undetermined,Undetermined,Undetermined,ND,ND,ND,,41.561278,-69.991038  ,F,III,5%,31.4,102,76.2,74.71,70s,15,27,YES,,Yes,ND,ND,,YES,,YES,,Yes,Yes,ND,ND,Yes,Yes,2 Tubes,,U,Yes,U,,,,,,Ashley S Bleeder. 1 Stick. Camera Not listed (green Ricoh?) Seal named Spring Roll.,
1668,2020,1/15/2020,week 3,Monomoy,PUP,,live,NA,NA,NEG,NA,NEG,,N,19MK00112,19MK00113,19MK00114,Undetermined,Undetermined,Undetermined,Undetermined,Undetermined,Undetermined,ND,ND,ND,,41.561755,-69.991365  ,M,IV,10%,28.2,98,90,91.84,90s,18,26,YES,,ND,ND,ND,,YES,,YES,,Yes,Yes,ND,Yes,Yes,Yes,2 Tubes,,U,Yes,U,,,,,,Milton Bleeder. 1 Stick. Photos on Green float strap Ricoh. ,
1669,2020,1/14/2020,week 2,Monomoy,PUP,,live,NA,NA,NEG,NA,NEG,,N,19MK00115,19MK00116,19MK00117,Undetermined,Undetermined,Undetermined,Undetermined,Undetermined,Undetermined,ND,ND,ND,,41.549002,-69.992387  ,F,V ,100%,35.6,117,100.4,85.81,80s,17.5,24,YES,,Yes,ND,ND,,YES,,YES,,Yes,Yes,ND,ND,ND,ND,2 Tubes,,U,Yes,U,,,,,,Milton's First Bleed (Whoop Whoop!) 1 Stick. Green Ricoh,
1670,2020,1/15/2020,week 3,Monomoy,PUP,,live,NA,NA,NEG,NA,NEG,,P,19MK00118,19MK00119,19MK00120,Undetermined,Undetermined,Undetermined,Undetermined,Undetermined,Undetermined,ND,ND,ND,,41.561755,-69.991365  ,F,III,5%,37,103,98,95.15,90s,16,25,YES,,Yes,ND,ND,,YES,,YES,,Yes,Yes,ND,Yes,Yes,Yes,2 Tubes,,U,Yes,U,,,,,,Laura/Margot Bleeder. 3 Sticks. Flipper Sticks (L and R Flippers) Photos on Green float strap Ricoh.,
1671,2020,1/15/2020,week 3,Monomoy,PUP,,live,NA,NA,NEG,NA,NEG,,N,19MK00121,19MK00122,19MK00123,Undetermined,Undetermined,Undetermined,Undetermined,Undetermined,Undetermined,ND,ND,ND,,41.5626,-69.9914  ,F,III,5%,44.8,110,105,95.45,90s,20,29,ND,,ND,ND,ND,,YES,,YES,,Yes,Yes,ND,ND,Yes,Yes,Partial,,U,Yes,U,,,,,,Laura/Margot Bleeder. 2 Sticks. Photos on Green float strap Ricoh.,
1672,2020,1/14/2020,week 2,Monomoy,PUP,,live,NA,NA,NEG,NA,NEG,,N,19MK00124,19MK00125,19MK00126,Undetermined,Undetermined,Undetermined,Undetermined,Undetermined,Undetermined,ND,ND,ND,,U,U,U,III,5%,31.2,107.5,104,96.74,90s,20,26,YES,,Yes,ND,ND,,YES,,YES,,Yes,ND,ND,ND,Yes,Yes,2 Tubes,,U,Yes,U,,,,,,Ashley S. Bleeder. 1 Stick. Photos on Orange Ricoh and Jess's Iphone.,
1673,2020,1/14/2020,week 2,Monomoy,PUP,,live,NA,NA,NEG,NA,NEG,,N,19MK00145,19MK00146,19MK00147,Undetermined,Undetermined,Undetermined,Undetermined,Undetermined,Undetermined,ND,ND,ND,,41.55037,-69.99110  ,F,III,5%,31.8,98,91.5,93.37,90s,23.5,25,YES,,Yes,ND,ND,,YES,,YES,,Yes,Yes,ND,ND,Yes,Yes,Yes,,U,Yes,U,,,,,,Belinda Bleeder. 1 Stick. New Ricoh no float strap.,
1674,2020,1/14/2020,week 2,Monomoy,PUP,,live,NA,NA,NEG,NA,NEG,,N,19MK00208,19MK00209,19MK00210,Undetermined,Undetermined,Undetermined,Undetermined,Undetermined,Undetermined,ND,ND,ND,,41.5487,-69.99237  ,M,V ,100%,28.4,102,82,80.39,80s,21,25,YES,,Yes,ND,ND,,YES,,YES,,Yes,Yes,ND,ND,ND,ND,2 Tubes,,U,Yes,U,,,,,,Belinda Bleeder. 1 Stick. New Ricoh no float strap.,
1675,2020,1/14/2020,week 2,Monomoy,PUP,,live,NA,NA,NEG,NA,WEAK,,N,19MK00211,19MK00212,19MK00213,Undetermined,Undetermined,Undetermined,Undetermined,40.41768265,Undetermined,ND,ND,ND,,41.54864,-69.99245  ,F,IV,70%,33.6,94,111,118.09,bigger,19,27,YES,,Yes,ND,ND,,YES,,YES,,Yes,Yes,ND,ND,Yes,Yes,1 + Partial Tube,,U,Yes,U,,,,,,Sarah Bleeder. 1 Stick. Photos in new no float Strap Ricoh. Very Small amount of Lanugo Sampled. Tagged back Right Flipper. Attempted Second but would not go in.,
1677,2020,1/15/2020,week 3,Monomoy,PUP,,live,NA,NA,NEG,NA,WEAK,,N,19MK00247,19MK00248,19MK00249,Undetermined,Undetermined,Undetermined,Undetermined,Undetermined,39.59116364,ND,ND,ND,,41.55511,-69.99110,F,V ,100%,30.8,102,87,85.29,80s,18,25,YES,,ND,ND,ND,,YES,,YES,,Yes,Yes,ND,ND,ND,ND,1 + Partial Tube,,U,Yes,U,,,,,,Sarah Bleeder. 1 Stick. New Ricoh no float strap. One nostril had black on the swabs (R nare). Only Left Nare opening regularly. Small wound above right ear (Photo taken). ,
1680,2020,1/14/2020,week 2,Monomoy,PUP,,live,NA,NA,NEG,NA,NEG,,N,19MK00256,19MK00257,19MK00258,Undetermined,Undetermined,Undetermined,Undetermined,Undetermined,Undetermined,ND,ND,ND,,41.54885,-69.99243  ,M,IV,80%,35.4,99,88,88.89,80s,18,28.8,ND,,ND,ND,ND,,YES,,YES,,Yes,Yes,ND,ND,Yes,Yes,1 Partial,,U,Yes,U,,,,,,Sarah Bleeder. 2 sticks. New Ricoh no float strap. Very Docile after a normal capture.  Holding breathe for long periods of time while sampling. Only tagged one rear flipper,
1681,2020,1/14/2020,week 2,Monomoy,PUP,,live,NA,NA,NEG,NA,NEG,,N,19MK00259,19MK00260,19MK00261,Undetermined,Undetermined,Undetermined,Undetermined,Undetermined,Undetermined,ND,ND,ND,,41.54887,-69.99245  ,F,IV,80%,39,108,127,117.59,bigger,16,28.2,YES,,Yes,ND,ND,,YES,,YES,,Yes,Yes,ND,ND,Yes,Yes,2 Tubes,,U,Yes,U,,,,,,Sarah/Belinda Bleeders. 2 Sticks. New Ricoh no float strap. One Tag.,
1682,2020,1/14/2020,week 2,Monomoy,PUP,,live,NA,NA,NEG,NA,NEG,,N,19MK00262,19MK00263,19MK00264,Undetermined,Undetermined,Undetermined,Undetermined,Undetermined,Undetermined,ND,ND,ND,,41.54941,-69.99173  ,F,V,100%,43,106,67,63.21,80s,18,28,YES,,Yes,ND,ND,,YES,,YES,,Yes,Yes,ND,ND,Yes,Yes,2 Tubes,,U,Yes,U,,,,,,Belinda Bleeder. 1 Stick. New Ricoh no float strap. Small amount of Lanugo at tip of rear flipper (L),
1683,2020,1/14/2020,week 2,Monomoy,PUP,,live,NA,NA,NEG,NA,NEG,,N,19MK00265,19MK00266,19MK00267,Undetermined,Undetermined,Undetermined,Undetermined,Undetermined,Undetermined,ND,ND,ND,,41.5494,-69.992114  ,F,V,100%,39.6,102,92,90.20,90s,18.5,25.5,YES,,Yes,ND,ND,,YES,,YES,,Yes,Yes,ND,ND,ND,ND,2 Tubes,,U,Yes,U,,,,,,Belinda Bleeder. 1 Stick. Orange Ricoh no float Strap. Also got a fecal sample. ,
1684,2020,1/14/2020,week 2,Monomoy,PUP,,live,NA,NA,NEG,NA,NEG,,N,19MK00268,19MK00269,19MK00270,Undetermined,Undetermined,Undetermined,Undetermined,Undetermined,Undetermined,ND,ND,ND,,41.54932,-69.99187  ,M,V,100%,40.6,110,ND,ND,90s,24,26.4,ND,,ND,ND,ND,,YES,,YES,,Yes,Yes,ND,ND,ND,ND,2 Tubes?,,U,Yes,U,,,,,,Sarah Bleeder. 1 Stick. New Ricoh no float strap.,
1685,2020,1/14/2020,week 2,Monomoy,PUP,,live,NA,NA,NEG,NA,NEG,,N,19MK00271,19MK00272,19MK00273,Undetermined,Undetermined,Undetermined,Undetermined,Undetermined,Undetermined,ND,ND,ND,,41.55044,-69.99125  ,F,V,100%,35,104,100,96.15,90s,17.4,23,ND,,ND,ND,ND,,YES,,YES,,Yes,ND,ND,ND,ND,ND,1 + Partial Tubes,,U,Yes,U,,,,,,Belinda Bleeder. 1 Stick. Photos on New Ricoh no float strap. Bloody Tooth. One Tag on Rear Right. ,
1686,2022,1/19/2022,,Monomoy,PUP,,,NA,NA,,,,,N,19MK00274,19MK00275,19MK00276,Undetermined,Undetermined,Undetermined,undetermined,undetermined,undetermined,Undetermined,Undetermined,Undetermined,,41.55862 N,069.99223 W,F,V,100,44.2,113,Not taken,,,Not Taken,28,Yes,,Yes,,,,,,,,None,No,No,No,No,,1 Tube,Yes,,3x 500ul,,Yes,"1""",,Hg 1595,,No Biopsy. Flipper Stick. Pink Paint Stick,
1687,2022,1/19/2022,,Monomoy,PUP,,,NA,NA,POS,,,,#N/A,19MK00277,19MK00278,19MK00279,Undetermined,Undetermined,Undetermined,undetermined,undetermined,undetermined,35.28741455,Undetermined,Undetermined,,41.55918 N,069.99181 W,M,IV->V by end of sampling,100,41.6,102,Not taken,,,Not Taken,25,Yes,,Yes,,,,,,,,Yes,No,No,No,Yes,,2 Tube,Yes,,3x 500ul,,Yes,"1""",Over Dune,14 Pups in Gully,,Round/Fat. In Gully. Pink Paint stick,
1688,2022,1/19/2022,,Monomoy,PUP,,,NA,NA,,,,,N,19MK00280,19MK00281,19MK00282,Undetermined,Undetermined,Undetermined,undetermined,undetermined,undetermined,Undetermined,Undetermined,Undetermined,,41.55919 N,069.99181 W,F,V,100,32.2,98,89,,,18.5,24,Yes,,No,,,,,,,,Yes,No,No,No,Yes,,1 Partial,Yes,,1x 200ul,,Yes,"2.5""",In Dune Gully,14 Pups in Gully,,*Potential Sneezing noted beyond/after sampling* Pink Paint Stick,
1689,2020,1/15/2020,week 3,Monomoy,PUP,,live,NA,NA,NEG,NA,WEAK,,N,19MK00283,19MK00284,19MK00285,Undetermined,Undetermined,Undetermined,Undetermined,Undetermined,40.08676147,ND,ND,ND,,41.5555,-69.99068  ,M,III,5%,32.6,98,94.5,96.43,90s,20,26,YES,,ND,ND,ND,,YES,,YES,,Yes,Yes,ND,ND,Yes,Yes,2 Tubes,,U,Yes,U,,,,,,Belinda Bleeder. 1 Sticks. Photos on new no float strap Ricoh. Fecal also collected,
1690,2020,1/14/2020,week 2,Monomoy,PUP,,live,NA,NA,NEG,NA,NEG,,N,19MK00286,19MK00287,19MK00288,Undetermined,Undetermined,Undetermined,Undetermined,Undetermined,Undetermined,ND,ND,ND,,41.54859,-69.99252  ,F,III,5%,25.2,116,79,68.10,60s,17,24.5,YES,,Yes,ND,ND,,YES,,YES,,Yes,Yes,ND,ND,Yes,Yes,2 Tubes,,U,Yes,U,,,,,,Belinda Bleeder. 2 Sticks. Photos on new no float strap Ricoh.,
1691,2022,1/19/2022,,Monomoy,PUP,,,NA,NA,,,,,#N/A,19MK00289,19MK00290,19MK00291,Undetermined,Undetermined,Undetermined,undetermined,undetermined,undetermined,Undetermined,Undetermined,Undetermined,,41.55918 N,069.99181 W,M,V,97,37.2,98,99.5,,,18.5,25,Yes,,Yes,,,,,,,,Yes,No,No,No,No,,1 Partial,No,,2x 500ul,,None,"3.5""",In Gully,14 Pups in Gully,,Pink Paint Stick,
1692,2022,1/19/2022,,Monomoy,PUP,,,NA,NA,,,,,N,19MK00292,19MK00293,19MK00294,Undetermined,Undetermined,Undetermined,undetermined,undetermined,undetermined,Undetermined,Undetermined,Undetermined,,41.55917 N,069.99185 W,M,IV,25,39.4,109,105,,,21,33,Yes,,Yes,,,,,,,,Yes,No,No,No,Yes,,2 Tubes,Yes,,5x 500ul,,Yes,"1""",In Gully,14 Pups in Gully,,Flipper Stick. Pink Paint Stick,
1693,2020,1/15/2020,week 3,Monomoy,PUP,,live,NA,NA,NEG,NA,NEG,,N,19MK00295,19MK00296,19MK00297,Undetermined,Undetermined,Undetermined,Undetermined,Undetermined,Undetermined,ND,ND,ND,,41.559544,-69.992317  ,F,V,100%,32.1,100,87,87.00,80s,16.5,27.5,YES,,Yes,ND,ND,,YES,,YES,,Yes,Yes,ND,Yes,ND,ND,2 Tubes,,U,Yes,U,,,,,,"Margot Bleeder. 2 Sticks. One Spinal Stick. One Flipper stick. Camera used, not listed. ",
1694,2022,1/19/2022,,Monomoy,PUP,,,NA,NA,,,,,P,19MK00448,19MK00449,19MK00450,Undetermined,Undetermined,Undetermined,undetermined,undetermined,undetermined,Undetermined,Undetermined,Undetermined,,41.55915 N,069.99185 W,M,IV,?,37.2,123,94,,,21,30,Yes,,Yes,,,,,,,,Yes,No,No,No,Yes,,2 Tubes,Yes,,1x 1ml and 4x 500ul,,Yes,"3.5""",In Gully,14 Pups in Gully,,Pink Paint Stick,
1695,2022,1/19/2022,,Monomoy,PUP,,,NA,NA,,,,,N,19MK00469,19MK00530,19MK00471,Undetermined,Undetermined,Undetermined,undetermined,undetermined,undetermined,Undetermined,Undetermined,Undetermined,,41.55917 N,069.99183 W,M,IV and V,95,47,108,106,,,20,26,Yes,,Yes,,,,,,,,Yes,No,No,No,Yes (very little),,2 Tubes +spot in 3rd,Yes,,5x 500ul,,Yes,"1""",In Gully,14 Pups in Gully,,Flipper Stick. Pink Paint Stick,
1696,2022,1/19/2022,,Monomoy,PUP,,,NA,NA,,,,,N,19MK00475,19MK00476,19MK00477,Undetermined,Undetermined,Undetermined,41.97608185,undetermined,undetermined,Undetermined,Undetermined,Undetermined,,41.55917 N,069.99181 W,M,II to III,5,33,106,93,,,17,26,Yes,,Yes,,,,,,,,Yes,No,No,No,Yes (very little),,2 Tubes,Yes,,2x 1ml and 3x 500ul,,Yes,"2.5""",In Gully,14 Pups in Gully,,Pink Paint Stick,
1697,2022,1/21/2022,,Monomoy,PUP,,,NA,NA,,,,,N,19MK00478,19MK00479,19MK00480,Undetermined,Undetermined,Undetermined,undetermined,undetermined,undetermined,Undetermined,Undetermined,Undetermined,,41.55908 N,069.99170 W,F,V,100,34.4,100,93,,,20,27,Yes,,Yes,,,,,,,,Yes,No,No,No,No,,2 Tubes,Yes,,4x 500ul,,Yes,"3.0""",In Gully,7 in Gully (2 Tagged),,Blue Paint Stick,
1698,2022,1/20/2022,,Monomoy,PUP,,,NA,NA,,,,,N,19MK00481,19MK00482,19MK00483,Undetermined,Undetermined,Undetermined,undetermined,undetermined,undetermined,Undetermined,Undetermined,Undetermined,,41.55936 N,069.9925 W,M,V (tips of Flipper),<5%,31.6,119,Not taken,,,20,27,Yes,,Yes,,,,,,,,Yes,No,No,No,Yes (very little),,2 Tubes,Yes,,5x 1ml,,Yes,"1"" and 2.5""",In Bowl,Hg 1699,,Flipper and Dorsal Stick. Orange Paint stick.,
1699,2022,1/20/2022,,Monomoy,PUP,,,NA,NA,,,,,N,19MK00484,19MK00485,19MK00486,Undetermined,Undetermined,Undetermined,undetermined,undetermined,undetermined,Undetermined,Undetermined,Undetermined,,41.55935 N,069.99226 W,F,IV,60,23.4,99,79,,,18,24,Yes,,Yes,,,,,,,,Yes,No,No,No,Yes,,2 Tubes,No,,5x 500ul,,None,"2.5""",In Bowl,Hg 1698,,Sassy. Reverse Molt. Orange Paint Stick.,
1700,2022,1/20/2022,,Monomoy,PUP,,,NA,NA,,,,,N,19MK00487,19MK00488,19MK00489,Undetermined,Undetermined,Undetermined,undetermined,undetermined,undetermined,Undetermined,Undetermined,Undetermined,,41.55979 N,069.99174 W,F,III,5-10%,26.2,116,81,,,23,26,Yes,,Yes,,,,,,,,Yes,No,No,No,Yes (very little),,2 Tubes,No,,1x 500ul and 400ul,,None,"1.5""",In Bowl,Two Neighbors,,Front Right Flipper Abrasion/Scar. Left Front healed puncture wound.,
1701,2022,1/20/2022,,Monomoy,PUP,,,NA,NA,,,,,N,19MK00490,19MK00491,19MK00492,Undetermined,Undetermined,Undetermined,undetermined,undetermined,undetermined,Undetermined,Undetermined,Undetermined,,41.55912 N,069.99168 W,M,V (tips of Flipper),100,,106,,,,20,27,Yes,,Yes,,,,,,,,Yes,No,No,No,No,,2 Tubes,Yes,,2x 500ul and 1x 200ul,,Yes,,Back into the Gully we go,9 in Gully taday (5-6+ tagged yesterday),,Orange Paint Stick,
1702,2020,1/15/2020,week 3,Monomoy,PUP,,live,NA,NA,NEG,NA,NEG,,N,19MK00493,ND,19MK00495,Undetermined,ND,Undetermined,Undetermined,ND,Undetermined,ND,ND,ND,,41.55464,-69.99171  ,F,V,100%,42,98,ND,ND,bigger,19,25,ND,,ND,ND,ND,,YES,,YES,,ND,ND,ND,ND,ND,ND,1 partial,No,U,Yes,U,,,,,,Belinda Bleeder. 1 Stick. Photos on New Ricoh no float strap. Goodie bag had no RNAlater tube. No Conjunctiva swabs taken.  Huge Roller. Aborted sampling due to roll/strength. Stopped Bleeding efforts. NOT TAGGED. Dorsal behind neck on midline 2 puncture wounds. ,
1703,2020,1/15/2020,week 3,Monomoy,PUP,,live,NA,NA,NEG,NA,NEG,,N,19MK00496,19MK00498,19MK00497,Undetermined,Undetermined,Undetermined,Undetermined,Undetermined,Undetermined,ND,ND,ND,,41.55807,-69.99100  ,M,IV,95%,32.6,103,105,101.94,100s,21,33,ND,,Yes,ND,ND,,YES,,YES,,Yes,ND,ND,ND,ND,ND,1 Partial,,U,Yes,U,,,,,,Allie (Mystic) Bleeder. 2 Sticks. New Ricoh no float strap. Cute Unibrow lanugo. *One Adult flushed during Capture*,
1704,2022,1/20/2022,,Monomoy,PUP,,,NA,NA,,,,,N,19MK00499,19MK00500,19MK00501,Undetermined,Undetermined,Undetermined,undetermined,undetermined,undetermined,Undetermined,Undetermined,Undetermined,,41.55870 N,069.99155 W,M,IV,60,16.6,100,67,,,Not Taken,Not Taken,Yes,,No,,,,,,,,Yes,No,No,No,No,,1 Tube,No,,1x 500ul,,None,"1""",In Gully,9 in Gully taday (5-6+ tagged yesterday),,Reverse Molt. Orange Paint Stick,
1705,2022,1/20/2022,,Monomoy,PUP,,,NA,NA,,,,,N,19MK00502,19MK00503,19MK00504,Undetermined,Undetermined,Undetermined,undetermined,undetermined,undetermined,Undetermined,Undetermined,Undetermined,,41.55912 N,069.99168 W,F,V,100,18.8,100,68.5,,,22,25,Yes,,No,,,,,,,,Yes,No,No,No,No,,1 Tube,No,,3x 500ul,,None,"1""",In Gully,9 in Gully taday (5-6+ tagged yesterday),,Orange Paint Stick,
1706,2020,1/15/2020,week 3,Monomoy,PUP,,live,NA,NA,NEG,NA,WEAK,,N,19MK00505,19MK00506,19MK00507,Undetermined,Undetermined,Undetermined,Undetermined,42.05931854,Undetermined,ND,ND,ND,,41.555113,-69.99114  ,M,V ,100%,31.8,ND,ND,ND,ND,ND,ND,ND,,ND,ND,ND,,YES,,YES,,ND,ND,ND,ND,ND,ND,2 Partial,,U,Yes,U,,,,,,Sarah Bleeder. 1 Stick. Photos on New Ricoh no float strap. Threatened by adult. Aborted sampling before blood complete. NO TAG. Smal wound on tail. Fecal also collected in whirlpack. ,
1707,2022,1/20/2022,,Monomoy,PUP,,,NA,NA,,,,,N,19MK00508,19MK00509,19MK00510,Undetermined,Undetermined,Undetermined,undetermined,undetermined,undetermined,Undetermined,Undetermined,Undetermined,,41.55870 N,069.99155 W,F,V,100,45.18,114,103,,,21,26,Yes,,Yes,,,,,,,,Yes,No,No,No,No,,2 Tubes,Yes,,5x 1ml,,Yes,"1""",,,,Orange Paint Stick,
1708,2022,1/21/2022,,Monomoy,PUP,,,NA,NA,,,,,N,19MK00511,19MK00512,19MK00513,Undetermined,Undetermined,Undetermined,undetermined,undetermined,undetermined,Undetermined,Undetermined,Undetermined,,41.55915 N,069.99167 W,M,V,95,42.4,118,98.5,,,19.5,27,Yes,,Yes,,,,,,,,Yes,No,No,No,Yes (very little),,1 Tube,No,,2x 500ul and 1x 250ul,,Yes,"3.0""",In Gully,7 in Gully (2 Tagged),,Eating grass and metal. Blue Paint Stick.,
1709,2022,1/21/2022,,Monomoy,PUP,,,NA,NA,,,,,N,19MK00514,19MK00515,19MK00516,Undetermined,Undetermined,Undetermined,undetermined,undetermined,undetermined,Undetermined,Undetermined,Undetermined,,41.33408 N,069.59470 W,M,V,100,35.6,117,97,,,20,27,Yes,,No,,,,,,,,Yes,No,No,No,Yes,,2 Tubes,Yes,,2x 500ul,,Yes,"3""",Scrub south of Gully,None,,Blue Paint Stick,
1710,2022,1/21/2022,,Monomoy,PUP,,,NA,NA,,,,,N,19MK00517,19MK00518,19MK00519,Undetermined,Undetermined,Undetermined,undetermined,undetermined,undetermined,Undetermined,Undetermined,Undetermined,,41.55679 N,069.991040 W,F,IV,70,35,114,90,,,13,27,Yes,,Yes,,,,,,,,Yes,No,No,No,Yes,,2 Tubes,No,,1x 100ul,,Yes,"1""",In scrub,3 seals on surrounding dunes,,Flipper stick. Single conjunctiva Swab in VTM. Blue Paint Stick.,
1711,2022,1/21/2022,,Monomoy,PUP,,,NA,NA,,,,,N,19MK00520,19MK00521,19MK00522,Undetermined,Undetermined,Undetermined,undetermined,undetermined,undetermined,Undetermined,Undetermined,Undetermined,,41.33394 N,069.59469 W,M,V (tips of Flipper and nose),92,27.4,98,93,,,22,28,Yes,,Yes,,,,,,,,Yes,No,No,No ,Yes (very little),,2 Tubes,Yes (2x),,4x 500ul and 1x 750ul,,Yes,"1.5"" and 2.5""",Inland Scrub,5 Neighbors ,,A+ Coat color. Belinda Restraint. Blue Paint Stick.,
1712,2022,1/21/2022,,Monomoy,PUP,,,NA,NA,,,,,N,19MK00523,19MK00524,19MK00525,#N/A,#N/A,Undetermined,#N/A,#N/A,undetermined,#N/A,#N/A,Undetermined,,41.33387 N,069.59496 W,M,V,100,41.4,109,Not taken,,,Not Taken,29,Yes,,Yes,,,,,,,,Yes,No,No,No,No,,2 Tubes,Yes (2x),,4x 500ul and 1x 1ml,,Yes,"1""",Inland Scrub,Alone,,Mr. Sassafras. No Conjunctiva or Nasal samples collected. Mouth Bleeding due to Bagging (Mouth caught on Bag). Ended sampling due to open mouth breathing.,
1713,2022,1/22/2022,,Monomoy,PUP,,,NA,NA,,,,,N,19MK00526,19MK00527,19MK00528,Undetermined,Undetermined,Undetermined,undetermined,undetermined,undetermined,Undetermined,Undetermined,Undetermined,,41.56174 N,069.99165 W,F,III,5,27,97,87,,,18.5,25,Yes,,Yes,,,,,,,,Yes,No,No,No,Yes,,,No,,,,None,"2.5""",Over Dune in Scrub,2 Neighbors (Molt V and II),,,
1714,2022,1/22/2022,,Monomoy,PUP,,,NA,NA,,,,,N,20MK00001,20MK00002,20MK00003,Undetermined,Undetermined,Undetermined,undetermined,undetermined,undetermined,Undetermined,Undetermined,Undetermined,,41.56174 N,069.99165 W,F,II,0,23.4,97,79,,,18,21,Yes,,Yes,,,,,,,,DRY,No,No,No,Yes,,2 Tubes,No,,,,None,"2.5""",In Scrub,2 Neighbors,,,
1716,2022,2/12/2022,,Great Point,PUP,,,NA,NA,,,,,#N/A,20MK00007,20MK00008,20MK00009,20MK00007,20MK00008,20MK00009,20MK00007,20MK00008,20MK00009,20MK00007,20MK00008,20MK00009,,,,F,II,0,NA,96,49,,,21.50,22.5,No,,No,No,,,Y,,Y,,Yes,Yes,No,Yes,Yes,,,,No,,N,,"1.5""",In Dunes between lighthouse and point,none,,Not Tagged. Used Hg 1716 goodie bag tubes and wirlpaks. Somewhat fresh Dead animal. Wendy and Alexa Tried Blood. Very very small amount collected. Flash for both. Dishcharge at head in sand. Eyes scavenged. No conjunctiva swabs.,
1753,2022,1/13/2022,,Muskeget,PUP,,,NA,224162,N,NA,N,,N,21MK00061,21MK00062,21MK00063,Undetermined,Undetermined,Undetermined,undetermined,undetermined,undetermined,Undetermined,Undetermined,Undetermined,,,,,,,,,,,,,,Y,,,,,,,,,,,,,Y,N,,2 Tubes,,,3 Tubes,,,,,,,"""Seal 21""",
1754,2022,1/13/2022,,Muskeget,PUP,,,NA,206725,N,NA,N,,N,21MK00064,21MK00065,21MK00066,Undetermined,Undetermined,Undetermined,undetermined,undetermined,undetermined,Undetermined,Undetermined,Undetermined,,,,,,,,,,,,,,Y,,,,,,,,,,,,,Y,N,,2 Tubes,,,4 Tubes,,,,,,,"""Seal 22""",
1758,2022,4/25/2022,,Great Point,PUP,,live,64631,206723,,,,,#N/A,TBD,TBD,TBD,#N/A,#N/A,#N/A,#N/A,#N/A,#N/A,#N/A,#N/A,#N/A,,,,,,,,,,,,,,,,,,,,,,,,,,,,,,,,,,,,,,,,,
1759,2022,4/25/2022,,Great Point,PUP,,live,64632,225841,,,,,#N/A,TBD,TBD,TBD,#N/A,#N/A,#N/A,#N/A,#N/A,#N/A,#N/A,#N/A,#N/A,,,,,,,,,,,,,,,,,,,,,,,,,,,,,,,,,,,,,,,,,
1760,2022,1/13/2022,,Muskeget,PUP,,,64633,224161,N,NA,N,,N,21MK00070,21MK00071,21MK00072,Undetermined,Undetermined,Undetermined,undetermined,undetermined,undetermined,Undetermined,Undetermined,Undetermined,,,,,,,,,,,,,,Y,,,,,,,,,,,,,Y,N,,2 Tubes,,,3 Tubes,,,,,,,"""Seal 24""",
1761,2023,1/9/2023,,Muskeget,PUP,,,64634,206722,N,NA,,,#N/A,23MK00001,23MK00002,23MK00003,Undetermined,Undetermined,Undetermined,#N/A,#N/A,#N/A,#N/A,#N/A,#N/A,,,,,,,,,,,,,,Y,,Y,N,,,N,,N,,N,N,N,N,N,,not noted,Y,ND,5x 0.5ml,,Y,,,,,,
1762,2022,2/12/2022,,Great Point,PUP,,live,64635,206728,,,,,N,21MK00172,21MK00173,21MK00174,Undetermined,Undetermined,Undetermined,0,0,0,0,0,0,,,,F,V,100,27.6,112,83,,,17.50,24,Y,,Y,N,,,Y,,Y,,Y,N,N,N,N,,,,N,,Y,,3.5,Beach,one pup close by and ~20 adults,,Abrasion on left front flipper. Jon R bleeder. Milton Restrained. Animal went into water right away,
1763,2022,2/12/2022,,Great Point,PUP,,live,64636,206727,,,,,N,21MK00169,21MK00170,21MK00171,Undetermined,Undetermined,Undetermined,0,0,0,0,0,0,,,,F,V,100,29.4,98.5,83,,,17.00,24,Y,,N,N,,,Y,,Y,,Y,N,N,N,N,,,,N,,Y,,3.5,,,,Milton Restrained. Sat and Acoustic Tags. Animal went in the water right away,
1764,2022,1/13/2022,,Muskeget,PUP,,,64637,206724,P,Con,N,,N,21MK00073,21MK00074,21MK00075,Undetermined,35.34809113,Undetermined,undetermined,undetermined,undetermined,Undetermined,Undetermined,Undetermined,,,,,,,,,,,,,,Y,,,,,,,,,,,,,Y,N,,2 Tubes,,,2 Tubes,,,,,,,"""Seal 25""",
1765,2022,1/13/2022,,Muskeget,PUP,,,64638,215411,N,NA,N,,N,21MK00076,21MK00077,21MK00078,Undetermined,Undetermined,Undetermined,undetermined,undetermined,undetermined,Undetermined,Undetermined,Undetermined,,,,,,,,,,,,,,Y,,,,,,,,,,,,,Y,N,,2 Tubes,,,4 Tubes,,,,,,,"""Seal 26""",
1766,2022,4/25/2022,,Great Point,PUP,,live,64639,224165,,,,,#N/A,TBD,TBD,TBD,#N/A,#N/A,#N/A,#N/A,#N/A,#N/A,#N/A,#N/A,#N/A,,,,,,,,,,,,,,,,,,,,,,,,,,,,,,,,,,,,,,,,,
1769,2022,1/13/2022,,Muskeget,PUP,,,NA,206726,N,NA,N,,P,21MK00067,21MK00068,21MK00069,Undetermined,Undetermined,Undetermined,undetermined,undetermined,undetermined,Undetermined,Undetermined,Undetermined,,,,,,,,,,,,,,Y,,,,,,,,,,,,,Y,N,,2 Tubes,,,2 Tubes,,,,,,,"""Seal 23""",
1770,2022,4/25/2022,,Great Point,PUP,,live,NA,224164,,,,,#N/A,TBD,TBD,TBD,#N/A,#N/A,#N/A,#N/A,#N/A,#N/A,#N/A,#N/A,#N/A,,,,,,,,,,,,,,,,,,,,,,,,,,,,,,,,,,,,,,,,,
1772,2022,1/13/2022,,Muskeget,PUP,,,NA,NA,,,,,N,21MK00079,21MK00080,21MK00081,Undetermined,Undetermined,Undetermined,undetermined,undetermined,undetermined,Undetermined,Undetermined,Undetermined,,,,,,,,,,,,,,N,,,,,,,,,,,,,N,N,,1 Tube,,,2 Tubes,,,,,,,"""Seal 27""",
1773,2022,1/13/2022,,Muskeget,PUP,,,NA,NA,,,,,N,21MK00082,21MK00083,21MK00084,Undetermined,Undetermined,Undetermined,undetermined,undetermined,undetermined,Undetermined,Undetermined,Undetermined,,,,,,,,,,,,,,N,,,,,,,,,,,,,N,N,,1 Tube,,,2 Tubes,,,,,,,"""Seal 28""",
1774,2022,1/13/2022,,Muskeget,PUP,,,NA,NA,,,,,N,21MK00085,21MK00086,21MK00087,Undetermined,Undetermined,Undetermined,undetermined,undetermined,undetermined,Undetermined,Undetermined,Undetermined,,,,,,,,,,,,,,Y,,,,,,,,,,,,,Y,Y,,2 Tubes,,,4 Tubes,,,,,,,"""Seal 29""",
1775,2022,1/13/2022,,Muskeget,PUP,,,NA,NA,,,,,N,21MK00088,21MK00089,21MK00090,Undetermined,Undetermined,Undetermined,undetermined,undetermined,undetermined,Undetermined,Undetermined,Undetermined,,,,,,,,,,,,,,Y,,,,,,,,,,,,,Y,Y,,2 Tubes,,,4 Tubes,,,,,,,"""Seal 30""",
1776,2022,1/13/2022,,Muskeget,PUP,,,NA,NA,,,,,N,21MK00091,21MK00092,21MK00093,Undetermined,Undetermined,Undetermined,undetermined,undetermined,undetermined,Undetermined,Undetermined,Undetermined,,,,,,,,,,,,,,Y,,,,,,,,,,,,,Y,Y,,2 Tubes,,,3 Tubes,,,,,,,"""Seal 31""",
1777,2022,1/13/2022,,Muskeget,PUP,,,NA,NA,,,,,N,21MK00094,21MK00095,21MK00096,Undetermined,Undetermined,Undetermined,undetermined,undetermined,undetermined,Undetermined,Undetermined,Undetermined,,,,,,,,,,,,,,Y,,,,,,,,,,,,,Y,N,,2 Tubes,,,3 Tubes,,,,,,,"""Seal 32""",
1778,,2/12/2022,,Great Point,PUP,,,NA,NA,,,,,N,21MK00097,21MK00098,21MK00099,21MK00097,21MK00098,21MK00099,21MK00097,21MK00098,21MK00099,21MK00097,21MK00098,21MK00099,,,,M,V,100,19.6,108,70.5,,,22.00,24,Y,,N,N,,,Y,,Y,,Y,N,N,N,N,,,,N,,Y,,2.5,Beach,none,,"""Seal 33"" Milton Restrained. No Sat tag or Acoustic. Jon R Bleeder.",
1785,2022,4/25/2022,,Great Point,PUP,,live,NA,225840,,,,,#N/A,TBD,TBD,TBD,#N/A,#N/A,#N/A,#N/A,#N/A,#N/A,#N/A,#N/A,#N/A,,,,,,,,,,,,,,,,,,,,,,,,,,,,,,,,,,,,,,,,,
1786,2022,4/25/2022,,Great Point,PUP,,live,NA,225842,,,,,#N/A,TBD,TBD,TBD,#N/A,#N/A,#N/A,#N/A,#N/A,#N/A,#N/A,#N/A,#N/A,,,,,,,,,,,,,,,,,,,,,,,,,,,,,,,,,,,,,,,,,
2001,2023,1/25/2023,,Monomoy,PUP,,,NA,NA,N,,,,N,23MK00601,23MK00602,23MK00603,Undetermined,Undetermined,Undetermined,#N/A,#N/A,#N/A,#N/A,#N/A,#N/A,,,,,,,,,,,,,,Y,,Y,N,,,Y,,Y,,Y,Y,N,N,Y,,8ml (2x4ml),Y,ND,4x 0.5ml,,Y,,,,,,
2002,2023,1/25/2023,,Monomoy,PUP,,,NA,NA,N,,,,N,23MK00004,23MK00005,23MK00006,Undetermined,Undetermined,Undetermined,#N/A,#N/A,#N/A,#N/A,#N/A,#N/A,,,,,,,,,,,,,,Y,,Y,N,,,Y,,Y,,Y,Y,N,N,Y,,11ml (1x7ml + 1x4ml),Y,ND,4x 0.5ml,,Y,,,,,,
2003,2023,1/25/2023,,Monomoy,PUP,,,NA,NA,N,,,,N,23MK00007,23MK00008,23MK00009,Undetermined,Undetermined,Undetermined,#N/A,#N/A,#N/A,#N/A,#N/A,#N/A,,,,,,,,,,,,,,Y,,Y,N,,,Y,,Y,,Y,Y,N,N,N,,14ml (1x6ml +1x8ml),Y,ND,4x 0.5ml,,Y,,,,,,
2004,2023,1/26/2023,,Monomoy,PUP,,,NA,NA,N,,,,N,23MK00010,23MK00011,23MK00012,Undetermined,Undetermined,Undetermined,#N/A,#N/A,#N/A,#N/A,#N/A,#N/A,,,,,,,,,,,,,,Y,,Y,N,,,Y,,Y,,Y,Y,N,N,Y,,18ml,N,ND,4x1ml,,N,,,,,,
2005,2023,1/26/2023,,Monomoy,PUP,,,NA,NA,N,,,,N,23MK00013,23MK00014,23MK00015,Undetermined,Undetermined,Undetermined,#N/A,#N/A,#N/A,#N/A,#N/A,#N/A,,,,,,,,,,,,,,Y,,Y,N,,,Y,,Y,,Y,Y,N,N,N,,16ml,N,ND,4x1ml,,N,,,,,,
2006,2023,1/26/2023,,Monomoy,PUP,,,NA,NA,N,,,,N,23MK00016,23MK00017,23MK00018,Undetermined,Undetermined,Undetermined,#N/A,#N/A,#N/A,#N/A,#N/A,#N/A,,,,,,,,,,,,,,Y,,Y,N,,,Y,,Y,,Y (x2),N,N,N,N,,11ml,N,ND,4x0.5ml,,N,,,,,,
2007,2023,1/26/2023,,Monomoy,PUP,,,NA,NA,N,,,,N,23MK00019,23MK00020,23MK00021,Undetermined,Undetermined,Undetermined,#N/A,#N/A,#N/A,#N/A,#N/A,#N/A,,,,,,,,,,,,,,Y,,Y,N,,,Y,,Y,,Y,Y,N,N,N,,6ml,N,ND,4x0.5ml,,N,,,,,,
2008,2023,1/26/2023,,Monomoy,PUP,,,NA,NA,N,,,,N,23MK00022,23MK00023,23MK00024,Undetermined,Undetermined,Undetermined,#N/A,#N/A,#N/A,#N/A,#N/A,#N/A,,,,,,,,,,,,,,Y,,Y,N,,,Y,,Y,,Y,Y,N,N,Y,,14ml,N,ND,4x1ml,,N,,,,,,
2009,2023,1/26/2023,,Monomoy,PUP,,,NA,NA,N,,,,N,23MK00025,23MK00026,23MK00027,Undetermined,Undetermined,Undetermined,#N/A,#N/A,#N/A,#N/A,#N/A,#N/A,,,,,,,,,,,,,,Y,,Y,N,,,Y,,Y,,Y,Y,N,N,Y,,12ml,N,ND,4x1ml,,N,,,,,,
2010,2023,1/26/2023,,Monomoy,PUP,,,NA,NA,N,,,,P,23MK00028,23MK00029,23MK00030,Undetermined,Undetermined,Undetermined,#N/A,#N/A,#N/A,#N/A,#N/A,#N/A,,,,,,,,,,,,,,Y,,Y,N,,,Y,,Y,,Y,Y,N,N,Y,,12ml,N,ND,4x1ml,,N,,,,,,
2011,2023,1/26/2023,,Monomoy,PUP,,,NA,NA,N,,,,N,23MK00031,23MK00032,23MK00033,Undetermined,Undetermined,Undetermined,#N/A,#N/A,#N/A,#N/A,#N/A,#N/A,,,,,,,,,,,,,,N,,N,N,,,Y,,Y,,N,N,N,N,Sorta,,10ml,N,ND,4x0.5ml,,N,,,,,,
2012,2023,1/27/2023,,Monomoy,PUP,,,NA,NA,N,,,,N,23MK00034,23MK00035,23MK00036,Undetermined,Undetermined,Undetermined,#N/A,#N/A,#N/A,#N/A,#N/A,#N/A,,,,,,,,,,,,,,Y,,Y,N,,,Y,,Y,,Y,Y,N,N,N,,13ml (2x tubes),Y (x2),ND,2x1ml +2x0.5ml,,Y,,,,,,
2013,2023,1/27/2023,,Monomoy,PUP,,,NA,NA,N,,,,N,23MK00037,23MK00038,23MK00039,Undetermined,Undetermined,Undetermined,#N/A,#N/A,#N/A,#N/A,#N/A,#N/A,,,,,,,,,,,,,,Y,,Y,N,,,Y,,Y,,Y,Y,N,N,N,,16ml (2x tubes),Y (x2),ND,4x 1.25ml,,Y,,,,,,
2014,2023,1/27/2023,,Monomoy,PUP,,,NA,NA,N,,,,N,23MK00040,23MK00041,23MK00042,Undetermined,Undetermined,Undetermined,#N/A,#N/A,#N/A,#N/A,#N/A,#N/A,,,,,,,,,,,,,,Y,,N,N,,,Y,,Y,,Y,N,N,N,Y,,9ml (1x9ml),Y (x1),ND,4x 0.5ml,,Y,,,,,,
2015,2023,1/27/2023,,Monomoy,PUP,,,NA,NA,N,,,,N,23MK00043,23MK00044,23MK00045,Undetermined,Undetermined,Undetermined,#N/A,#N/A,#N/A,#N/A,#N/A,#N/A,,,,,,,,,,,,,,Y,,Y,N,,,Y,,Y,,Y,Y,N,N,N,,13ml (2x tubes),Y (x2),ND,2x1ml +2x0.5ml,,Y,,,,,,
2016,2023,1/27/2023,,Monomoy,PUP,,,NA,NA,N,,,,N,23MK00046,23MK00047,23MK00048,Undetermined,Undetermined,Undetermined,#N/A,#N/A,#N/A,#N/A,#N/A,#N/A,,,,,,,,,,,,,,Y,,Y,N,,,Y,,Y,,Y,Y,N,N,N,,13ml (2x tubes),Y (x2),ND,2x0.5ml,,Y,,,,,,
2017,2023,1/27/2023,,Monomoy,PUP,,,NA,NA,N,,,,P,23MK00049,23MK00050,23MK00051,Undetermined,Undetermined,Undetermined,#N/A,#N/A,#N/A,#N/A,#N/A,#N/A,,,,,,,,,,,,,,Y,,Y,N,,,Y,,Y,,Y,Y,N,N,N,,10ml (1x10ml),Y (x2),ND,2x1ml,,Y,,,,,,
2018,2023,1/27/2023,,Monomoy,PUP,,,NA,NA,N,,,,N,23MK00052,23MK00053,23MK00054,Undetermined,Undetermined,Undetermined,#N/A,#N/A,#N/A,#N/A,#N/A,#N/A,,,,,,,,,,,,,,Y,,Y,N,,,Y,,Y,,Y,Y,N,N,N,,16ml (2x tubes),N,ND,3x1ml + 1x750ul,,N,,,,,,
2019,2023,1/27/2023,,Monomoy,PUP,,,NA,NA,N,,,,#N/A,23MK00055,23MK00056,23MK00057,Undetermined,Undetermined,Undetermined,#N/A,#N/A,#N/A,#N/A,#N/A,#N/A,,,,,,,,,,,,,,N,,N,N,,,Y,,Y,,Y,Y,N,N,N,,None,N,ND,None,,N,,,,,,
2020,2023,1/27/2023,,Monomoy,PUP,,,NA,NA,N,,,,N,23MK00058,23MK00059,23MK00060,Undetermined,Undetermined,Undetermined,#N/A,#N/A,#N/A,#N/A,#N/A,#N/A,,,,,,,,,,,,,,Y,,Y,N,,,Y,,Y,,Y,Y,N,N,Y,,15ml (2x tubes),Y (x2),ND,4x1ml,,Y,,,,,,
2021,2023,1/27/2023,,Monomoy,PUP,,,NA,NA,N,,,,P,23MK00061,23MK00062,23MK00063,Undetermined,Undetermined,Undetermined,#N/A,#N/A,#N/A,#N/A,#N/A,#N/A,,,,,,,,,,,,,,Y,,Y,N,,,Y,,Y,,Y,Y,N,N,N,,16ml (2x tubes),Y (x2),ND,4x1ml,,Y,,,,,,
2022,2023,1/27/2023,,Monomoy,PUP,,,NA,NA,N,,,,P,23MK00064,23MK00065,23MK00066,Undetermined,Undetermined,Undetermined,#N/A,#N/A,#N/A,#N/A,#N/A,#N/A,,,,,,,,,,,,,,Y,,Y,N,,,Y,,Y,,Y,Y,N,N,N,,14ml (2x tubes),Y (x1),ND,4x1ml,,Y,,,,,,
2023,2023,1/27/2023,,Monomoy,PUP,,,NA,NA,N,,,,P,23MK00067,23MK00068,23MK00069,Undetermined,Undetermined,Undetermined,#N/A,#N/A,#N/A,#N/A,#N/A,#N/A,,,,,,,,,,,,,,N,,N,N,,,Y,,Y,,N,Y,N,N,N,,14ml (2x tubes),Y (x2),ND,4x1ml,,Y,,,,,,
2024,2023,1/28/2023,,Monomoy,PUP,,,NA,NA,N,,,,N,23MK00070,23MK00071,23MK00072,Undetermined,Undetermined,Undetermined,#N/A,#N/A,#N/A,#N/A,#N/A,#N/A,,,,,,,,,,,,,,Y,,Y,N,,,Y,,Y,,Y,Y,N,N,N,,14ml (2x tubes),N,ND,4x1ml,,N,,,,,,
2025,2023,1/28/2023,,Monomoy,PUP,,,NA,NA,N,,,,P,23MK00073,23MK00074,23MK00075,Undetermined,Undetermined,Undetermined,#N/A,#N/A,#N/A,#N/A,#N/A,#N/A,,,,,,,,,,,,,,Y,,Y,N,,,Y,,Y,,Y,Y,N,N,N,,12ml (2x tubes),N,ND,2x1ml +1x0.5ml,,N,,,,,,
2026,2023,1/28/2023,,Monomoy,PUP,,,NA,NA,N,,,,N,23MK00076,23MK00077,23MK00078,Undetermined,Undetermined,Undetermined,#N/A,#N/A,#N/A,#N/A,#N/A,#N/A,,,,,,,,,,,,,,Y,,Y,N,,,Y,,Y,,Y,Y,N,N,N,,9ml (2x tubes),N,ND,1x1ml +3x0.5ml,,N,,,,,,
2027,2023,1/28/2023,,Monomoy,PUP,,,NA,NA,N,,,,N,23MK00079,23MK00080,23MK00081,Undetermined,Undetermined,Undetermined,#N/A,#N/A,#N/A,#N/A,#N/A,#N/A,,,,,,,,,,,,,,Y,,Y,0.5ml,,,Y,,Y,,Y,Y,N,N,N,,7ml (3x tubes),N,ND,2x0.5ml,,N,,,,,,
2028,2023,1/28/2023,,Monomoy,PUP,,,NA,NA,N,,,,N,23MK00082,23MK00083,23MK00084,Undetermined,Undetermined,Undetermined,#N/A,#N/A,#N/A,#N/A,#N/A,#N/A,,,,,,,,,,,,,,Y,,Y,N,,,Y,,Y,,Y,Y,N,N,N,,10ml (1x10ml),N,ND,2x1ml +2x0.5ml,,N,,,,,,
2029,2023,1/28/2023,,Monomoy,PUP,,,NA,NA,N,,,,N,23MK00085,23MK00086,23MK00087,Undetermined,Undetermined,Undetermined,#N/A,#N/A,#N/A,#N/A,#N/A,#N/A,,,,,,,,,,,,,,Y,,Y,N,,,Y,,Y,,Y,Y,N,N,N,,12ml (2x tubes),N,ND,4x0.5ml,,N,,,,,,
2030,2023,1/28/2023,,Monomoy,PUP,,,NA,NA,N,,,,P,23MK00088,23MK00089,23MK00090,Undetermined,Undetermined,Undetermined,#N/A,#N/A,#N/A,#N/A,#N/A,#N/A,,,,,,,,,,,,,,Y,,Y,0.5ml,,,Y,,Y,,Not in tube,Y,N,N,N,,12ml (2x tubes),N,ND,1x1ml +1x0.5ml,,N,,,,,,
2031,2023,1/28/2023,,Monomoy,PUP,,,NA,NA,N,,,,N,23MK00091,23MK00092,23MK00093,Undetermined,Undetermined,Undetermined,#N/A,#N/A,#N/A,#N/A,#N/A,#N/A,,,,,,,,,,,,,,Y,,N,N,,,N,,Y,,Y,N,N,N,N,,19ml (2 tubes),N,ND,4x0.5ml,,N,,,,,,
2032,2023,2/11/2023,,Great Point,PUP,,,NA,NA,N,,,,N,23MK00094,23MK00095,23MK00096,Undetermined,Undetermined,Undetermined,#N/A,#N/A,#N/A,#N/A,#N/A,#N/A,,,,,,,,,,,,,,N,,N,N,,,Y,,Y,,Y,N,N,N,Y,,10ml (1x10ml),N,ND,4x0.5ml,,N,,,,,,
2033,2023,2/11/2023,,Great Point,PUP,,,NA,NA,N,,,,P,23MK00097,23MK00098,23MK00099,Undetermined,Undetermined,Undetermined,#N/A,#N/A,#N/A,#N/A,#N/A,#N/A,,,,,,,,,,,,,,Y,,Y,N,,,Y,,Y,,Y,Y,N,N,N,,15ml (2x tubes),Y (x2),ND,4x1ml,,Y,,,,,,
2034,2023,2/11/2023,,Great Point,PUP,,,NA,NA,N,,,,N,23MK00100,23MK00101,23MK00102,Undetermined,Undetermined,Undetermined,#N/A,#N/A,#N/A,#N/A,#N/A,#N/A,,,,,,,,,,,,,,Y,,Y,N,,,Y,,Y,,Y,Y,N,N,N,,16ml (2x tubes),Y (x2),ND,4x1ml,,Y,,,,,,
2035,2023,2/11/2023,,Great Point,PUP,,,NA,NA,N,,,,N,23MK00103,23MK00104,23MK00105,Undetermined,Undetermined,Undetermined,#N/A,#N/A,#N/A,#N/A,#N/A,#N/A,,,,,,,,,,,,,,Y,,Y,N,,,Y,,Y,,Y,Y,N,N,N,,15ml (2x tubes),Y (x1),ND,4x1ml,,Y,,,,,,
2036,2023,2/11/2023,,Great Point,PUP,,,NA,NA,N,,,,N,23MK00106,23MK00107,23MK00108,Undetermined,Undetermined,Undetermined,#N/A,#N/A,#N/A,#N/A,#N/A,#N/A,,,,,,,,,,,,,,Y,,Y,N,,,Y,,Y,,Y,Y,N,N,N,,17ml (2x tubes),Y (x2),ND,4x1ml,,Y,,,,,,
2037,2023,2/11/2023,,Great Point,PUP,,,NA,NA,N,,,,P,23MK00109,23MK00110,23MK00111,Undetermined,Undetermined,Undetermined,#N/A,#N/A,#N/A,#N/A,#N/A,#N/A,,,,,,,,,,,,,,Y,,Y,N,,,Y,,Y,,Y,Y,N,N,N,,16ml (2x tubes),Y (x1),ND,4x1ml,,Y,,,,,,
2038,2023,2/11/2023,,Great Point,PUP,,,NA,NA,N,,,,N,23MK00112,23MK00113,23MK00114,Undetermined,Undetermined,Undetermined,#N/A,#N/A,#N/A,#N/A,#N/A,#N/A,,,,,,,,,,,,,,Y,,Y,N,,,Y,,Y,,Y,Y,N,N,N,,20ml (2xtubes),Y (x1),ND,4x1ml,,Y,,,,,,
2076,2023,1/9/2023,,Muskeget,PUP,,,27212,224166,N,NA,,,N,23MK00226,23MK00227,23MK00228,Undetermined,Undetermined,Undetermined,#N/A,#N/A,#N/A,#N/A,#N/A,#N/A,,,,,,,,,,,,,,N,,Y,N,,,N,,N,,Y,Y,N,N,N,,not noted,Y,ND,4x0.5ml,,Y,,,,,,
2077,2023,1/9/2023,,Muskeget,PUP,,,27211,224167,N,NA,,,N,23MK00229,23MK00230,23MK00231,Undetermined,#N/A,Undetermined,#N/A,#N/A,#N/A,#N/A,#N/A,#N/A,,,,,,,,,,,,,,N,,N,N,,,N,,N,,Y,Y,N,N,N,,not noted,N,ND,4x0.5ml,,N,,,,,,
2078,2023,1/9/2023,,Muskeget,PUP,,,64640,224168,N,NA,,,N,23MK00232,23MK00233,23MK00234,Undetermined,Undetermined,Undetermined,#N/A,#N/A,#N/A,#N/A,#N/A,#N/A,,,,,,,,,,,,,,Y,,Y,N,,,N,,N,,Y,N,N,N,N,,not noted,Y,ND,4x0.5ml,,Y,,,,,,
2079,2023,1/22/2023,,Muskeget,PUP,,,NA,224163,N,NA,,,N,23MK00235,23MK00236,23MK00237,Undetermined,Undetermined,Undetermined,#N/A,#N/A,#N/A,#N/A,#N/A,#N/A,,,,,,,,,,,,,,N,,Y,N,,,Y,,Y,,Y,Y,N,N,N,,4ml (1x tube),Y,ND,3x0.5ml + 1x250ul,,1ml,,,,,,
2080,2023,1/9/2023,,Muskeget,PUP,,,NA,NA,N,,,,N,23MK00238,23MK00239,23MK00240,Undetermined,Undetermined,Undetermined,#N/A,#N/A,#N/A,#N/A,#N/A,#N/A,,,,,,,,,,,,,,Y,,N,N,,,N,,N,,Y,Y,N,N,Y,,not noted,N,ND,4x0.5ml,,N,,,,,,
2081,2023,1/23/2023,,Muskeget,PUP,,,NA,235618,N,NA,,,P,23MK00241,23MK00242,23MK00243,Undetermined,Undetermined,Undetermined,#N/A,#N/A,#N/A,#N/A,#N/A,#N/A,,,,,,,,,,,,,,N,,Y,N,,,Y,,Y,,Y,Y,N,N,N,,5ml (1x tube),Y,ND,4x 0.5ml,,1ml,,,,,,
2082,2023,1/23/2023,,Muskeget,PUP,,,NA,NA,N,,,,#N/A,23MK00244,23MK00245,23MK00246,Undetermined,Undetermined,Undetermined,#N/A,#N/A,#N/A,#N/A,#N/A,#N/A,,,,,,,,,,,,,,N,,N,N,,,Y,,Y,,Y,Y,N,N,N,,None,N,ND,None,,N,,,,,,
2083,2023,1/9/2023,,Muskeget,PUP,,,NA,NA,N,,,,N,23MK00247,23MK00248,23MK00249,Undetermined,Undetermined,Undetermined,#N/A,#N/A,#N/A,#N/A,#N/A,#N/A,,,,,,,,,,,,,,Y,,Y,N,,,N,,N,,Y,Y,N,N,Y,,not noted,Y,ND,5x0.5ml,,Y,,,,,,
2084,2023,1/9/2023,,Muskeget,PUP,,,NA,NA,N,,,,N,23MK00250,23MK00251,23MK00252,Undetermined,Undetermined,Undetermined,#N/A,#N/A,#N/A,#N/A,#N/A,#N/A,,,,,,,,,,,,,,Y,,Y,N,,,N,,N,,Y,Y,N,N,Y,,not noted,N,ND,4x 0.5ml,,N,,,,,,
2085,2023,1/30/2023,,Muskeget,PUP,,,27217,235619,N,NA,,,N,23MK00253,23MK00254,23MK00255,Undetermined,Undetermined,Undetermined,#N/A,#N/A,#N/A,#N/A,#N/A,#N/A,,,,,,,,,,,,,,Y,,Y,N,,,N,,N,,N,N,N,N,N,,not noted,Y,ND,2x1ml + 2x0.5ml,,Y,,,,,,
2086,2023,1/22/2023,,Muskeget,PUP,,,NA,235616,N,NA,,,N,23MK00256,23MK00257,23MK00258,Undetermined,Undetermined,Undetermined,#N/A,#N/A,#N/A,#N/A,#N/A,#N/A,,,,,,,,,,,,,,N,,Y,N,,,Y,,Y,,Y,Y,N,N,N,,11.5ml (2x tubes),Y,ND,4x1ml,,1ml,,,,,,
2087,2023,1/9/2023,,Muskeget,PUP,,,NA,NA,N,,,,N,23MK00259,23MK00260,23MK00261,Undetermined,Undetermined,Undetermined,#N/A,#N/A,#N/A,#N/A,#N/A,#N/A,,,,,,,,,,,,,,Y,,Y,N,,,N,,N,,Y,Y,N,N,Y,,not noted,Y,ND,5x 0.5ml,,Y,,,,,,
2088,2023,1/23/2023,,Muskeget,PUP,,,NA,NA,N,,,,N,23MK00262,23MK00263,23MK00264,Undetermined,Undetermined,Undetermined,#N/A,#N/A,#N/A,#N/A,#N/A,#N/A,,,,,,,,,,,,,,N,,Y,N,,,Y,,Y,,Y,Y,N,N,N,,6.5ml (1x tube),Y,ND,4x 0.5ml,,1ml,,,,,,
2089,2023,1/23/2023,,Muskeget,PUP,,,NA,NA,N,,,,N,23MK00265,23MK00266,23MK00267,Undetermined,Undetermined,Undetermined,#N/A,#N/A,#N/A,#N/A,#N/A,#N/A,,,,,,,,,,,,,,N,,Y,N,,,Y,,Y,,Y,Y,N,N,N,,4.5ml (1x tube),Y,ND,4x 0.5ml,,1ml,,,,,,
2090,2023,1/23/2023,,Muskeget,PUP,,,NA,NA,N,,,,N,23MK00268,23MK00269,23MK00270,Undetermined,Undetermined,Undetermined,#N/A,#N/A,#N/A,#N/A,#N/A,#N/A,,,,,,,,,,,,,,N,,N,N,,,Y,,Y,,Y,Y,N,N,N,,3ml (1x tube),N,ND,4x 0.5ml,,1ml,,,,,,
2091,2023,1/23/2023,,Muskeget,PUP,,,NA,NA,N,,,,N,23MK00271,23MK00272,23MK00273,Undetermined,Undetermined,Undetermined,#N/A,#N/A,#N/A,#N/A,#N/A,#N/A,,,,,,,,,,,,,,N,,Y,N,,,Y,,Y,,Y,Y,N,N,N,,9ml (2x tubes),Y,ND,1x1ml +3x 0.5ml,,1ml,,,,,,
2092,2023,1/22/2023,,Muskeget,PUP,,,NA,235617,N,NA,,,N,23MK00274,23MK00275,23MK00276,Undetermined,Undetermined,Undetermined,#N/A,#N/A,#N/A,#N/A,#N/A,#N/A,,,,,,,,,,,,,,N,,Y,N,,,Y,,Y,,Y,Y,N,N,N,,8ml (1x tube),Y,ND,4x 0.5ml,,1ml,,,,,,
2093,2023,1/22/2023,,Muskeget,PUP,,,NA,NA,N,,,,N,23MK00277,23MK00278,23MK00279,Undetermined,Undetermined,Undetermined,#N/A,#N/A,#N/A,#N/A,#N/A,#N/A,,,,,,,,,,,,,,N,,Y,N,,,Y,,Y,,Y,Y,N,N,N,,10 (1x tube),Y,ND,2x lml +2x0.5ml,,1ml,,,,,,
2094,2023,1/22/2023,,Muskeget,PUP,,,NA,NA,N,,,,N,23MK00280,23MK00281,23MK00282,Undetermined,Undetermined,Undetermined,#N/A,#N/A,#N/A,#N/A,#N/A,#N/A,,,,,,,,,,,,,,N,,Y,N,,,Y,,Y,,Y,Y,N,N,N,,8ml (1x tube),Y,ND,4x 0.5ml,,1ml,,,,,,
2095,2023,1/22/2023,,Muskeget,PUP,,,NA,NA,N,,,,N,23MK00283,23MK00284,23MK00285,Undetermined,Undetermined,Undetermined,#N/A,#N/A,#N/A,#N/A,#N/A,#N/A,,,,,,,,,,,,,,N,,Y,N,,,Y,,Y,,Y,Y,N,N,N,,5ml (1x tube),Y,ND,4x 0.5ml,,1ml,,,,,,
2096,2023,1/30/2023,,Muskeget,PUP,,,NA,237651,N,NA,,,N,23MK00286,23MK00287,23MK00288,Undetermined,Undetermined,Undetermined,#N/A,#N/A,#N/A,#N/A,#N/A,#N/A,,,,,,,,,,,,,,Y,,Y,N,,,N,,N,,N,N,N,N,N,,not noted,Y,ND,4x0.5ml,,1.5ml,,,,,,
2097,2023,1/30/2023,,Muskeget,PUP,,,NA,NA,N,,,,N,23MK00289,23MK00290,23MK00291,Undetermined,Undetermined,Undetermined,#N/A,#N/A,#N/A,#N/A,#N/A,#N/A,,,,,,,,,,,,,,Y,,Y,N,,,N,,N,,N,N,N,N,Y,,not noted,Y,ND,4x1ml,,1.5ml,,,,,,
2098,2023,1/30/2023,,Muskeget,PUP,,,NA,237648,P,con,,,N,23MK00292,23MK00293,23MK00294,Undetermined,37.81945801,Undetermined,#N/A,#N/A,#N/A,#N/A,#N/A,#N/A,,,,,,,,,,,,,,N,,Y,N,,,N,,N,,N,N,N,N,N,,not noted,Y,ND,2x1ml + 2x0.5ml,,1.5ml,,,,,,
2099,2023,1/30/2023,,Muskeget,PUP,,,NA,NA,N,,,,N,23MK00295,23MK00296,23MK00297,Undetermined,Undetermined,Undetermined,#N/A,#N/A,#N/A,#N/A,#N/A,#N/A,,,,,,,,,,,,,,Y,,Y,N,,,N,,N,,N,N,N,N,N,,not noted,Y,ND,4x0.5ml,,1.5ml,,,,,,
2100,2023,1/30/2023,,Muskeget,PUP,,,NA,NA,N,,,,N,23MK00298,23MK00299,23MK00300,Undetermined,Undetermined,Undetermined,#N/A,#N/A,#N/A,#N/A,#N/A,#N/A,,,,,,,,,,,,,,Y,,Y,N,,,N,,N,,N,N,N,N,N,,not noted,Y,ND,4x1ml,,1.5ml,,,,,,
2101,2023,1/30/2023,,Muskeget,PUP,,,NA,NA,N,,,,N,23MK00301,23MK00302,23MK00303,Undetermined,Undetermined,Undetermined,#N/A,#N/A,#N/A,#N/A,#N/A,#N/A,,,,,,,,,,,,,,N,,Y,N,,,N,,N,,N,N,N,N,N,,not noted,Y,ND,3x0.5ml ,,1.5ml,,,,,,
2102,2023,1/30/2023,,Muskeget,PUP,,,NA,NA,N,,,,N,23MK00304,23MK00305,23MK00306,Undetermined,Undetermined,Undetermined,#N/A,#N/A,#N/A,#N/A,#N/A,#N/A,,,,,,,,,,,,,,Y,,Y,N,,,N,,N,,N,N,N,N,N,,not noted,Y,ND,4x1ml,,750ul,,,,,,
2103,2023,1/30/2023,,Muskeget,PUP,,,NA,NA,N,,,,N,23MK00307,23MK00308,23MK00309,Undetermined,Undetermined,Undetermined,#N/A,#N/A,#N/A,#N/A,#N/A,#N/A,,,,,,,,,,,,,,Y,,Y,N,,,N,,N,,N,N,N,N,N,,not noted,Y,ND,1x1ml +3x 0.5ml,,1.25ml,,,,,,
2104,2023,1/30/2023,,Muskeget,PUP,,,NA,237652,N,NA,,,P,23MK00310,23MK00311,23MK00312,Undetermined,Undetermined,Undetermined,#N/A,#N/A,#N/A,#N/A,#N/A,#N/A,,,,,,,,,,,,,,Y,,Y,N,,,N,,N,,N,N,N,N,N,,not noted,Y,ND,4x1ml,,1.25ml,,,,,,
2105,2023,1/30/2023,,Muskeget,PUP,,,NA,NA,N,,,,N,23MK00313,23MK00314,23MK00315,Undetermined,Undetermined,Undetermined,#N/A,#N/A,#N/A,#N/A,#N/A,#N/A,,,,,,,,,,,,,,Y,,Y,N,,,N,,N,,N,N,N,N,N,,not noted,Y,ND,4x0.5ml,,1.25ml,,,,,,
2106,2023,1/30/2023,,Muskeget,PUP,,,NA,NA,N,,,,P,23MK00316,23MK00317,23MK00318,Undetermined,Undetermined,Undetermined,#N/A,#N/A,#N/A,#N/A,#N/A,#N/A,,,,,,,,,,,,,,Y,,Y,N,,,N,,N,,N,N,N,N,N,,not noted,Y,ND,4x1ml,,1.25ml,,,,,,
2107,2023,4/26/2023,,Great Point,PUP,,,27214,240184,,,,,N,23MK00319,23MK00320,23MK00321,#N/A,#N/A,#N/A,#N/A,#N/A,#N/A,#N/A,#N/A,#N/A,,,,,,,,,,,,,,,,,,,,,,,,,,,,,,,,,,,,,,,,,
2108,2023,4/26/2023,,Great Point,PUP,,,27213,240186,,,,,N,23MK00322,23MK00323,23MK00324,#N/A,#N/A,#N/A,#N/A,#N/A,#N/A,#N/A,#N/A,#N/A,,,,,,,,,,,,,,,,,,,,,,,,,,,,,,,,,,,,,,,,,
2109,2023,4/26/2023,,Great Point,PUP,,,NA,240185,,,,,N,23MK00325,23MK00326,23MK00327,#N/A,#N/A,#N/A,#N/A,#N/A,#N/A,#N/A,#N/A,#N/A,,,,,,,,,,,,,,,,,,,,,,,,,,,,,,,,,,,,,,,,,
2110,2023,4/26/2023,,Great Point,PUP,,,NA,NA,,,,,N,23MK00328,23MK00329,23MK00330,#N/A,#N/A,#N/A,#N/A,#N/A,#N/A,#N/A,#N/A,#N/A,,,,,,,,,,,,,,,,,,,,,,,,,,,,,,,,,,,,,,,,,
2111,2023,4/26/2023,,Great Point,PUP,,,NA,NA,,,,,N,23MK00331,23MK00332,23MK00333,#N/A,#N/A,#N/A,#N/A,#N/A,#N/A,#N/A,#N/A,#N/A,,,,,,,,,,,,,,,,,,,,,,,,,,,,,,,,,,,,,,,,,
2112,2023,4/26/2023,,Great Point,PUP,,,NA,237647,,,,,borderline,23MK00334,23MK00335,23MK00336,#N/A,#N/A,#N/A,#N/A,#N/A,#N/A,#N/A,#N/A,#N/A,,,,,,,,,,,,,,,,,,,,,,,,,,,,,,,,,,,,,,,,,
2113,2023,4/26/2023,,Great Point,PUP,,,NA,NA,,,,,N,23MK00337,23MK00338,23MK00339,#N/A,#N/A,#N/A,#N/A,#N/A,#N/A,#N/A,#N/A,#N/A,,,,,,,,,,,,,,,,,,,,,,,,,,,,,,,,,,,,,,,,,
2116,2023,4/26/2023,,Great Point,PUP,,,NA,237649,,,,,N,23MK00346,23MK00347,23MK00348,#N/A,#N/A,#N/A,#N/A,#N/A,#N/A,#N/A,#N/A,#N/A,,,,,,,,,,,,,,,,,,,,,,,,,,,,,,,,,,,,,,,,,
2013141,2013,6/13/2013,,Chatham,Adult,11,,NA,NA,N,NA,ND,,P,13AB00055,13AB00053,NA, >45, >45,ND,ND,ND,ND,ND,ND,ND,#N/A,#N/A,#N/A,F,NA,,168.5,181.2,145,80.02,80s,,,,,,,,,,,,,,,,,,,,,,,,,,,,,,
2013142,2013,6/13/2013,,Chatham,Adult,3,,NA,NA,N,NA,ND,,P,13AB00057,13AB00054,13AB00058, >45, >45, >45,ND,ND,ND,ND,ND,ND,#N/A,#N/A,#N/A,M,NA,,72,156.3,104,66.54,70s,,,,,,,,,,,,,,,,,,,,,,,,,,,,,,
2013143,2013,6/13/2013,,Chatham,Adult,,,NA,NA,N,NA,ND,,ND,NA,NA,13AB00059,ND,ND, >45,ND,ND,ND,ND,ND,ND,#N/A,#N/A,#N/A,M,NA,,U,U,130,NA,90s,,,,,,,,,,,,,,,,,,,,,,,,,,,,,,
2013144,2013,6/15/2013,,Chatham,Adult,U,,NA,NA,N,NA,ND,,P,13AB00049,13AB00046,13AB00047; 13AB00056, >45, >45, >45,ND,ND,ND,ND,ND,ND,#N/A,#N/A,#N/A,F,NA,,113.5,185,126,68.11,70s,,,,,,,,,,,,,,,,,,,,,,,,,,,,,,
2013145,2013,6/15/2013,,Chatham,Adult,7,,NA,NA,N,NA,ND,,N,13AB000137,13AB00038,13AB00045, >45, >45, >45,ND,ND,ND,ND,ND,ND,#N/A,#N/A,#N/A,M,NA,,160.5,197,144,73.10,70s,,,,,,,,,,,,,,,,,,,,,,,,,,,,,,
2013146,2013,6/15/2013,,Chatham,Adult,12,,NA,NA,N,NA,ND,,P,13AB00043,13AB00051,13AB00052, >45, >45, >45,ND,ND,ND,ND,ND,ND,#N/A,#N/A,#N/A,F,NA,,142,172,135,78.49,70s,,,,,,,,,,,,,,,,,,,,,,,,,,,,,,
2013147,2013,6/15/2013,,Chatham,Adult,4,,NA,NA,N,NA,ND,,N,13AB00036,13AB00044,13AB00035, >45, >45, >45,ND,ND,ND,ND,ND,ND,#N/A,#N/A,#N/A,F,NA,,112.5,157,122,77.71,70s,,,,,,,,,,,,,,,,,,,,,,,,,,,,,,
2013148,2013,6/15/2013,,Chatham,Adult,6,,NA,NA,N,NA,ND,,N,13AB00042,3AB00034,13AB00041, >45, >45, >45,ND,ND,ND,ND,ND,ND,#N/A,#N/A,#N/A,F,NA,,117.57*,152,134.6,88.55,80s,,,,,,,,,,,,,,,,,,,,,,,,,,,,,,
2013149,2013,6/16/2013,,Chatham,Adult,4,,NA,NA,N,NA,ND,,P,13AB00031,13AB00032,13AB00033, >45, >45, >45,ND,ND,ND,ND,ND,ND,#N/A,#N/A,#N/A,M,NA,,160.07*,175.2,141.2,80.59,80s,,,,,,,,,,,,,,,,,,,,,,,,,,,,,,
2013150,2013,6/16/2013,,Chatham,Adult,U,,NA,NA,N,NA,ND,,P,13AB00050,13AB00040,13AB00034, >45, >45, >45,ND,ND,ND,ND,ND,ND,#N/A,#N/A,#N/A,F,NA,,141,163.2,137.2,84.07,80s,,,,,,,,,,,,,,,,,,,,,,,,,,,,,,
2013151,2013,6/16/2013,,Chatham,Adult,,,NA,NA,N,NA,ND,,ND,NA,NA,NA,ND,ND,ND,ND,ND,ND,ND,ND,ND,#N/A,#N/A,#N/A,U,NA,,102.5,U,U,NA,90s,,,,,,,,,,,,,,,,,,,,,,,,,,,,,,
2013152,2013,6/16/2013,,Chatham,Adult,U,,NA,NA,N,NA,ND,,N,13AB00025,13AB00027,13AB00026, >45, >45, >45,ND,ND,ND,ND,ND,ND,#N/A,#N/A,#N/A,F,NA,,128.5,165.4,139,84.04,80s,,,,,,,,,,,,,,,,,,,,,,,,,,,,tagged in Gulf of St. Lawrence,,
2013154,2013,6/17/2013,,Chatham,Adult,U,,NA,NA,N,NA,ND,,N,13AB00020,13AB00019,13AB00018, >45, >45, >45,ND,ND,ND,ND,ND,ND,#N/A,#N/A,#N/A,F,NA,,185,171,U,NA,90s,,,,,,,,,,,,,,,,,,,,,,,,,,,,,,
2013155,2013,6/17/2013,,Chatham,Adult,,,NA,NA,N,NA,ND,,ND,13AB00016,13AB00015,13AB00017, >45, >45, >45,ND,ND,ND,ND,ND,ND,#N/A,#N/A,#N/A,M,NA,,U,155,U,NA,90s,,,,,,,,,,,,,,,,,,,,,,,,,,,,,,
2013156,2013,6/17/2013,,Chatham,Adult,U,,NA,NA,N,NA,ND,,N,13AB00013,13AB00014,NA, >45, >45,ND,ND,ND,ND,ND,ND,ND,#N/A,#N/A,#N/A,F,NA,,143,177,137.4,77.63,70s,,,,,,,,,,,,,,,,,,,,,,,,,,,,,,
05V,2014,6/14/2014,,Sable Island,Adult,U,,NA,NA,N,NA,ND,,ND,14DB00117,14DB00116,NA, >45, >45,ND,ND,ND,ND,ND,ND,ND,#N/A,#N/A,#N/A,F,NA,,U,U,U,NA,90s,,,,,,,,,,,,,,,,,,,,,,,,,,,,,,
1251 (recap),2017,1/31/2017,week5,Monomoy,PUP,,,NA,NA,N,NA,N,,#N/A,17MK00301,17MK00302,17MK00303,>45,>45,>45,>45,>45,>45,ND,ND,ND,#N/A,#N/A,#N/A,F,V,,49.8,116.0,104.0,89.66,80s,,,,,,,,,,,,,,,,,,,,,,,,,,,,,,
1254 (recap),2017,1/30/2017,week5,Monomoy,PUP,,,NA,NA,P,RCS,N,,#N/A,17MK00313,17MK00314,17MK00315,>45,>45,38.411,>45,>45,>45,ND,ND,ND,#N/A,#N/A,#N/A,F,V,,37.2,106.0,96.0,90.57,90s,,,,,,,,,,,,,,,,,,,,,,,,,,,,,,
1515 (recap),2019,20190206,week6,Monomoy,PUP,,resample,NA,NA,N,NA,P,,#N/A,19MK00601,19MK00602,19MK00603,>45,>45,>45,38.8878021,>45,>45,ND,ND,ND,#N/A,41.55266 N,-69.99085 W,F,V,100,35.4,111,94,84.68,80s,20,25.8,Not Repeated,-,Not Repeated,Not Assigned,No,,,,,,Not Repeated,No,No,No,NA,NA,,,No,,,,3.5,Near Beach,,,Double Paint stick,
1516 (recap),2019,20190206,week6,Monomoy,PUP,,resample,NA,NA,N,NA,N,,#N/A,19MK00604,19MK00605,19MK00606,>45,>45,>45,>45,>45,>45,ND,ND,ND,#N/A,41.55272 N,-69.99088 W,F,V,100,34.4,119,ND,#VALUE!,#VALUE!,14.8,25.2,Not Repeated,-,Not Repeated,Not Assigned,No,,,,,,Not Repeated,No,No,Yes,NA,NA,,,No,,NA,,3.5,Near Beach,None,,Resample. Good Hydration Rings around Eyes. Both Mouth and Nose (Left more than Right) Frothy.,
1527 (recap),2019,20190206,week6,Monomoy,PUP,,resample,NA,NA,N,NA,N,,#N/A,19MK00607,19MK00608,19MK00609,>45,>45,>45,>45,>45,>45,ND,ND,ND,#N/A,41.55323 N,-69.99092 W,F,V,100,33.4,109,98,89.91,80s,20,26,Not Repeated,-,Not Repeated,Not Assigned,No,,,,,,Not Repeated,No,No,Yes,NA,NA,,,No,,NA,,3.5,Near beach,None,,Resample.,
20130114_1,2013,1/14/2013,week2,Muskeget,PUP,,,NA,NA,N,NA,ND,,#N/A,13KO00058,13KO00059,13KO00057, >45, >45, >45,ND,ND,ND,ND,ND,ND,#N/A,#N/A,#N/A,M,IV,,27.4,100,83.5,83.50,80s,,,,,,,,,,,,,,,,,,,,,,,,,,,,,,
20180201_1,2018,2/1/2018,week5,Monomoy,PUP,,,NA,NA,N,NA,N,,#N/A,18MK00574,ND,18MK00570,>45,ND,>45,>45,ND,>45,ND,ND,ND,#N/A,41.33661,-70.30663,M?,II,,ND,93,ND,ND,90s,,,N,N,,,,,,,,,,,,,,,,,,,,,,,,,,
20180201_1,2018,2/1/2018,week5,Monomoy,PUP,,,NA,NA,#N/A,NA,#N/A,,#N/A,?,?,?,#N/A,#N/A,#N/A,#N/A,#N/A,#N/A,ND,ND,ND,#N/A,,,M,IV,,,96,84,87.50,80s,,,,,,,,,,,,,,,,,,,,,,,,,,,,,,
20180214_1,2018,2/14/2018,week7,Muskeget,PUP,,,NA,NA,#N/A,NA,#N/A,,#N/A,17MK00376,17MK00377,17MK00378,#N/A,#N/A,#N/A,#N/A,#N/A,#N/A,ND,ND,ND,#N/A,,0,M,V,,U,96,84,87.50,80s,,,,,,,,,,,,,,,,,,,,,,,,,,,,,,
20180214_2,2018,2/14/2018,week7,Muskeget,PUP,,,NA,NA,#N/A,NA,#N/A,,#N/A,?,?,?,#N/A,#N/A,#N/A,#N/A,#N/A,#N/A,ND,ND,ND,#N/A,41.6311,-70.0255,,,,0,,,#DIV/0!,#DIV/0!,,,,,,,,,,,,,,,,,,,,,,,,,,,,,,
20200122_1,2020,1/22/2020,week 4,Muskeget,PUP,,,NA,NA,NEG,NA,NEG,,ND,19MK00385,19MK00386,ND,Undetermined,Undetermined,ND,Undetermined,Undetermined,ND,ND,ND,ND,,41.33816,-70.30048  ,F,II,0%,ND,100.5,91,90.55,90s,18.4,25,ND,,ND,ND,ND,,YES,,YES,,ND,ND,ND,ND,Yes,Yes,ND,ND,ND,ND,U,ND,,,,,"Was originally assigned animal # 1579 but animal was not tagged and number was reassigned. Swabs Only, No tags applied. Orange Paint Stick. Wet hydration rings around eyes. Possibly still dependent/ Not fully Weaned. Vocal cooing for mom. Concerned about dependancy-Stopped sampling. NO RECTAL SWABS TAKEN. (Ignore image 834* and orange painted animal before blue sky)",
29D,2014,6/17/2014,,Sable Island,Adult,U,,NA,NA,P,NA,ND,,ND,14DB00138,14DB00137,NA, >45, >45,ND,ND,ND,ND,ND,ND,ND,#N/A,#N/A,#N/A,M,NA,,U,U,U,NA,90s,,,,,,,,,,,,,,,,,,,,,,,,,,,,,,
324 (recap),2015,1/15/2015,week3,Monomoy,PUP,,,NA,NA,N,NA,ND,,#N/A,15MK00820,15MK00773,15MK00803, >45, >45, >45,ND,ND,ND,ND,ND,ND,#N/A,#N/A,#N/A,F,III,,52.8,U,U,NA,90s,,,,,,,,,,,,,,,,,,,,,,,,,,,,,,
40B,2014,6/17/2014,,Sable Island,Adult,U,,NA,NA,N,NA,ND,,ND,14DB00132,14DB00131,NA, >45, >45,ND,ND,ND,ND,ND,ND,ND,#N/A,#N/A,#N/A,M,NA,,U,U,U,NA,90s,,,,,,,,,,,,,,,,,,,,,,,,,,,,,,
4V8,2014,06/13/2014,,Sable Island,Adult,U,,NA,NA,N,NA,ND,,ND,14DB00108,14DB00107,NA, >45, >45,ND,ND,ND,ND,ND,ND,ND,#N/A,#N/A,#N/A,M,NA,,U,U,U,NA,90s,,,,,,,,,,,,,,,,,,,,,,,,,,,,,,
5D3,2014,6/14/2014,,Sable Island,Adult,U,,NA,NA,N,NA,ND,,ND,14DB00120,14DB00119,NA, >45, >45,ND,ND,ND,ND,ND,ND,ND,#N/A,#N/A,#N/A,F,NA,,U,U,U,NA,90s,,,,,,,,,,,,,,,,,,,,,,,,,,,,,,
79X,2014,6/22/2014,,Sable Island,Adult,U,,NA,NA,P,Con,ND,,ND,14DB00147,14DB00146,NA, >45,POS,ND,ND,ND,ND,ND,ND,ND,#N/A,#N/A,#N/A,M,NA,,U,U,U,NA,90s,,,,,,,,,,,,,,,,,,,,,,,,,,,,,,
7N2,2014,06/13/2014,,Sable Island,Adult,U,,NA,NA,N,NA,ND,,ND,14DB00111,14DB00110,NA, >45, >45,ND,ND,ND,ND,ND,ND,ND,#N/A,#N/A,#N/A,M,NA,,U,U,U,NA,90s,,,,,,,,,,,,,,,,,,,,,,,,,,,,,,
802 (recap),2016,1/28/2016,week4,Muskeget,PUP,,,NA,NA,N,NA,N,,N,16MK00064,16MK00065,16MK00066,>45 ,>45 ,>45 ,>45,>45,>45,ND,ND,ND,#N/A,#N/A,#N/A,F,V,,33.6,101,84,83.17,80s,,,,,,,,,,,,,,,,,,,,,,,,,,,,,,
803 (recap),2016,1/28/2016,week4,Muskeget,PUP,,,NA,NA,N,NA,N,,N,16MK00049,16MK00050,16MK00051,>45 ,>45 ,>45 ,>45,>45,>45,ND,ND,ND,#N/A,#N/A,#N/A,F,V,,37.5,102,94,92.16,90s,,,,,,,,,,,,,,,,,,,,,,,,,,,,,,
845 (recap),2016,1/28/2016,week4,Muskeget,PUP,,,NA,NA,N,NA,N,,N,16MK00052,16MK00053,16MK00054,>45 ,>45 ,>45 ,>45,>45,>45,ND,ND,ND,#N/A,#N/A,#N/A,M,V,,45.2,138,102,73.91,70s,,,,,,,,,,,,,,,,,,,,,,,,,,,,,,
858 (recap),2016,1/28/2016,week4,Monomoy,PUP,,,NA,NA,N,NA,N,,N,16MK00676,16MK00677,16MK00678,>45,>45,>45,>45,>45,>45,ND,ND,ND,#N/A,#N/A,#N/A,F,V,,36.4,114,94,82.46,80s,,,,,,,,,,,,,,,,,,,,,,,,,,,,,,
864 (recap),2016,1/28/2016,week4,Monomoy,PUP,,,NA,NA,N,NA,N,,N,16MK00616,16MK00617,16MK00618,>45,>45,>45,>45,>45,>45,ND,ND,ND,#N/A,#N/A,#N/A,M,V,,45.2,107,106,99.07,90s,,,,,,,,,,,,,,,,,,,,,,,,,,,,,,
867 (recap),2016,1/28/2016,week4,Monomoy,PUP,,,NA,NA,N,NA,N,,N,16MK00673,16MK00674,16MK00675,>45,>45,>45,>45,>45,>45,ND,ND,ND,#N/A,#N/A,#N/A,M,IV,,40.4,120,96,80.00,80s,,,,,,,,,,,,,,,,,,,,,,,,,,,,,,
881 (recap),2016,1/27/2016,week4,Monomoy,PUP,,,NA,NA,N,NA,N,,N,16MK00682,16MK00683,16MK00684,>45,>45,>45,>45,>45,>45,ND,ND,ND,#N/A,#N/A,#N/A,F,V,,40.8,118,101,85.59,80s,,,,,,,,,,,,,,,,,,,,,,,,,,,,,,
890 (recap),2016,1/26/2016,week4,Monomoy,PUP,,,NA,NA,N,NA,N,,P,16MK00613,16MK00614,16MK00615,>45 ,>45 ,>45 ,>45,>45,>45,ND,ND,ND,#N/A,#N/A,#N/A,M,V,,40.2,108,102,94.44,90s,,,,,,,,,,,,,,,,,,,,,,,,,,,,,,
895 (recap),2016,1/26/2016,week4,Monomoy,PUP,,,NA,NA,N,NA,N,,N,16MK00625,16MK00626,16MK00627,>45,>45,>45,>45,>45,>45,ND,ND,ND,#N/A,#N/A,#N/A,F,V,,40.8,113,95,84.07,80s,,,,,,,,,,,,,,,,,,,,,,,,,,,,,,
897 (recap),2016,1/28/2016,week4,Monomoy,PUP,,,NA,NA,N,NA,N,,N,16MK00679,16MK00680,16MK00681,>45,>45,>45,>45,>45,>45,ND,ND,ND,#N/A,#N/A,#N/A,F,V,,38,102,101,99.02,90s,,,,,,,,,,,,,,,,,,,,,,,,,,,,,,
897 (recap2),2016,1/28/2016,week4,Monomoy,PUP,,,NA,NA,N,NA,N,,N,16MK00697,16MK00698,16MK00699,>45,>45,>45,>45,>45,>45,ND,ND,ND,#N/A,#N/A,#N/A,F,V,,38,102,101,99.02,90s,,,,,,,,,,,,,,,,,,,,,,,,,,,,,,
899 (recap),2016,1/28/2016,week4,Monomoy,PUP,,,NA,NA,N,NA,N,,N,16MK00619,16MK00620,16MK00621,>45,>45,>45,>45,>45,>45,ND,ND,ND,#N/A,#N/A,#N/A,M,IV,,35.8,109,94,86.24,80s,,,,,,,,,,,,,,,,,,,,,,,,,,,,,,
8D4,2013,6/25/2013,,Sable Island,Adult,13,,NA,NA,N,NA,ND,,P,13DB00009,13DB00010,13DB00012, >45, >45, >45,ND,ND,ND,ND,ND,ND,#N/A,#N/A,#N/A,F,NA,,U,U,U,NA,90s,,,,,,,,,,,,,,,,,,,,,,,,,,,,,,
8D4,2013,12/31/2013,,Sable Island,Adult,13,,NA,NA,N,NA,ND,,ND,14DB00001,14DB00002,14DB00003, >45, >45, >45,ND,ND,ND,ND,ND,ND,#N/A,#N/A,#N/A,F,NA,,U,U,U,NA,90s,,,,,,,,,,,,,,,,,,,,,,,,,,,,,,
901 (recap),2016,1/26/2016,week4,Monomoy,PUP,,,NA,NA,N,NA,N,,P,16MK00709,16MK00710,16MK00711,>45,>45,>45,>45,>45,>45,ND,ND,ND,#N/A,#N/A,#N/A,F,V,,38.4,103,94,91.26,90s,,,,,,,,,,,,,,,,,,,,,,,,,,,,,,
905 (recap),2016,1/26/2016,week4,Monomoy,PUP,,,NA,NA,N,NA,N,,N,16MK00628,16MK00629,16MK00630,>45,>45,>45,>45,>45,>45,ND,ND,ND,#N/A,#N/A,#N/A,M,V,,36.2,101,92,91.09,90s,,,,,,,,,,,,,,,,,,,,,,,,,,,,,,
906 (recap),2016,1/28/2016,week4,Monomoy,PUP,,,NA,NA,N,NA,P,,N,16MK00601,16MK00602,16MK00603,>45,>45,>45,>45,>45,POS,ND,ND,ND,#N/A,#N/A,#N/A,F,V,,41.6,103,99,96.12,90s,,,,,,,,,,,,,,,,,,,,,,,,,,,,,,
906 (recap),2016,1/28/2016,week4,Monomoy,PUP,,,NA,NA,N,NA,N,,N,16MK00670,16MK00671,16MK00672,>45,>45,>45,>45,>45,>45,ND,ND,ND,#N/A,#N/A,#N/A,F,V,,41.6,103,99,96.12,90s,,,,,,,,,,,,,,,,,,,,,,,,,,,,,,
908 (recap),2016,1/26/2016,week4,Monomoy,PUP,,,NA,NA,N,NA,N,,N,16MK00622,16MK00623,16MK00624,>45,>45,>45,>45,>45,>45,ND,ND,ND,#N/A,#N/A,#N/A,F,V,,34.6,116,100,86.21,80s,,,,,,,,,,,,,,,,,,,,,,,,,,,,,,
dead adult,2019,20190206,week6,Monomoy,PUP,,dead,NA,NA,ND,NA,ND,,ND,ND,ND,ND,ND,ND,ND,ND,ND,ND,ND,ND,ND,#N/A,,,U,U,U,,,,,70s,,,ND,ND,ND,ND,ND,ND,,ND,,ND,ND,ND,ND,ND,ND,ND,ND,ND,ND,ND,ND,ND,ND,,,,,
dead loon,2019,20190205,week6,Monomoy,PUP,,dead,NA,NA,N,NA,N,,ND,19MK00175,ND,19MK00177,>45,ND,>45,>45,ND,>45,ND,ND,ND,#N/A,,,U,NA,NA,NA,NA,NA,,70s,NA,NA,ND,ND,ND,ND,ND,ND,,ND,,ND,ND,ND,ND,ND,,,ND,ND,ND,ND,ND,ND,ND,,,,"Nasal Swab ID is for OP, dead loon lying approx 3 yards from a live Hg",
E198,2014,6/21/2014,,Sable Island,Adult,U,,NA,NA,N,NA,ND,,ND,14DB00144,14DB00143,NA, >45, >45,ND,ND,ND,ND,ND,ND,ND,#N/A,#N/A,#N/A,F,NA,,U,U,U,NA,90s,,,,,,,,,,,,,,,,,,,,,,,,,,,,,,
E336,2014,6/17/2014,,Sable Island,Adult,U,,NA,NA,N,NA,ND,,ND,14DB00135,14DB00134,NA, >45, >45,ND,ND,ND,ND,ND,ND,ND,#N/A,#N/A,#N/A,F,NA,,U,U,U,NA,90s,,,,,,,,,,,,,,,,,,,,,,,,,,,,,,
E358,2013,6/30/2013,,Sable Island,Adult,26,,NA,NA,P,NAS,ND,,P,13DB00049,13DB00050,13DB00052,POS, >45, >45,ND,ND,ND,ND,ND,ND,#N/A,#N/A,#N/A,F,NA,,U,U,U,NA,90s,,,,,,,,,,,,,,,,,,,,,,,,,,,,,,
E358,2013,12/31/2013,,Sable Island,Adult,26,,NA,NA,N,NA,ND,,ND,14DB00005,14DB00006,14DB00007, >45, >45, >45,ND,ND,ND,ND,ND,ND,#N/A,#N/A,#N/A,F,NA,,U,U,U,NA,90s,,,,,,,,,,,,,,,,,,,,,,,,,,,,,,
E385,2014,12/6/2014,,Sable Island,Adult,U,,NA,NA,N,NA,ND,,ND,14DB00102,14DB00101,NA, >45, >45,ND,ND,ND,ND,ND,ND,ND,#N/A,#N/A,#N/A,F,NA,,U,U,U,NA,90s,,,,,,,,,,,,,,,,,,,,,,,,,,,,,,
E42,2013,6/26/2013,,Sable Island,Adult,26,,NA,NA,N,NA,ND,,N,13DB00017,13DB00018,13DB00020, >45, >45, >45,ND,ND,ND,ND,ND,ND,#N/A,#N/A,#N/A,F,NA,,U,U,U,NA,90s,,,,,,,,,,,,,,,,,,,,,,,,,,,,,,
E42,2013,12/31/2013,,Sable Island,Adult,26,,NA,NA,N,NA,ND,,ND,14DB00009,14DB00010,14DB00012, >45, >45, >45,ND,ND,ND,ND,ND,ND,#N/A,#N/A,#N/A,F,NA,,U,U,U,NA,90s,,,,,,,,,,,,,,,,,,,,,,,,,,,,,,
E425,2013,6/27/2013,,Sable Island,Adult,26,,NA,NA,N,NA,ND,,N,13DB00021,13DB00022,13DB00024, >45, >45, >45,ND,ND,ND,ND,ND,ND,#N/A,#N/A,#N/A,F,NA,,U,U,U,NA,90s,,,,,,,,,,,,,,,,,,,,,,,,,,,,,,
E425,2014,1/8/2014,,Sable Island,Adult,26,,NA,NA,N,NA,ND,,ND,14DB00013,14DB00014,14DB00016, >45, >45, >45,ND,ND,ND,ND,ND,ND,#N/A,#N/A,#N/A,F,NA,,U,U,U,NA,90s,,,,,,,,,,,,,,,,,,,,,,,,,,,,,,
F188,2014,06/13/2014,,Sable Island,Adult,U,,NA,NA,N,NA,ND,,ND,14DB00114,14DB00113,NA, >45, >45,ND,ND,ND,ND,ND,ND,ND,#N/A,#N/A,#N/A,U,NA,,U,U,U,NA,90s,,,,,,,,,,,,,,,,,,,,,,,,,,,,,,
F203,2014,6/14/2014,,Sable Island,Adult,u,,NA,NA,N,NA,ND,,ND,14DB00123,14DB00122,NA, >45, >45,ND,ND,ND,ND,ND,ND,ND,#N/A,#N/A,#N/A,F,NA,,U,U,U,NA,90s,,,,,,,,,,,,,,,,,,,,,,,,,,,,,,
F361,2013,6/23/2013,,Sable Island,Adult,28,,NA,NA,N,NA,ND,,P,13DB00001,13DB00002,13DB00003, >45, >45, >45,ND,ND,ND,ND,ND,ND,#N/A,#N/A,#N/A,F,NA,NA,NA,NA,NA,NA,NA,,,,,,,,,,,,,,,,,,,,,,,,,,,,,,
F361,2014,1/13/2014,,Sable Island,Adult,28,,NA,NA,N,NA,ND,,ND,14DB00078,14DB00077,14DB00080, >45, >45, >45,ND,ND,ND,ND,ND,ND,#N/A,#N/A,#N/A,F,NA,NA,NA,NA,NA,NA,NA,,,,,,,,,,,,,,,,,,,,,,,,,,,,,,
F376,2014,6/17/2014,,Sable Island,Adult,U,,NA,NA,N,NA,ND,,ND,14DB00126,14DB00125,NA, >45, >45,ND,ND,ND,ND,ND,ND,ND,#N/A,#N/A,#N/A,F,NA,,U,U,U,NA,90s,,,,,,,,,,,,,,,,,,,,,,,,,,,,,,
F503,2013,6/25/2013,,Sable Island,Adult,27,,NA,NA,N,NA,ND,,P,13DB00013,13DB00014,13DB00016, >45, >45, >45,ND,ND,ND,ND,ND,ND,#N/A,#N/A,#N/A,F,NA,,U,U,U,NA,90s,,,,,,,,,,,,,,,,,,,,,,,,,,,,,,
F503,2014,1/8/2014,,Sable Island,Adult,27,,NA,NA,N,NA,ND,,ND,14DB00027,14DB00028,14DB00026, >45, >45, >45,ND,ND,ND,ND,ND,ND,#N/A,#N/A,#N/A,F,NA,,U,U,U,NA,90s,,,,,,,,,,,,,,,,,,,,,,,,,,,,,,
F621,2014,6/17/2014,,Sable Island,Adult,U,,NA,NA,N,NA,ND,,ND,14DB00129,14DB00128,NA, >45, >45,ND,ND,ND,ND,ND,ND,ND,#N/A,#N/A,#N/A,F,NA,,U,U,U,NA,90s,,,,,,,,,,,,,,,,,,,,,,,,,,,,,,
F857,2013,6/25/2013,,Sable Island,Adult,27,,NA,NA,N,NA,ND,,P,13DB00005,13DB00006,13DB00008, >45, >45, >45,ND,ND,ND,ND,ND,ND,#N/A,#N/A,#N/A,F,NA,,U,U,U,NA,90s,,,,,,,,,,,,,,,,,,,,,,,,,,,,,,
Hg20190113_1,2019,20190113,week2,Great Point,PUP,,injured,NA,NA,N,NA,P,,ND,19MK00451,19MK00452,19MK00453,>45,>45,>45,>45,38.2147789,40.26931381,ND,ND,ND,#N/A,41.37244 N,-70.02526 W,M,III,<5%,17.2,96.5,69,71.50,70s,21.6,25.2,Yes,Yes,ND,,ND,NA,,,,Yes,ND,ND,ND,Yes,ND,ND,ND,,,,,,"3.0""",On Beach,none,,Tubes May be labeled Hg 1413. Animal's tubes were pilfered from Hg 1413 bag. Hg 1413 number retired moving forward. ,
Hg20190113_2,2019,20190113,week2,Great Point,PUP,,"live, not tagged",NA,NA,N,NA,N,,ND,19MK00466,19MK00470,19MK00468,>45,>45,>45,>45,>45,>45,ND,ND,ND,#N/A,41.39000 N,-70.04782 W,F,V,100,12.4,82.5,58,70.30,70s,ND,27,ND,ND,ND,,ND,NA,,,,Yes,ND,ND,ND,ND,ND,ND,ND,ND,ND,ND,ND,ND,NA,Beach Grass next to lighthouse,none,,"Based on Body condition and animal size, limited morphs and swabs were taken. No blood taken",
Hg20190126_1,2019,20190126,week4,Muskeget,PUP,,"live, not tagged",NA,NA,N,NA,N,,ND,19MK00127,19MK00128,19MK00129,>45,>45,>45,>45,>45,>45,ND,ND,ND,#N/A,,,U,U,U,ND,,,ND,90s,ND,ND,ND,ND,ND,ND,ND,ND,,ND,,ND,ND,ND,ND,ND,ND,ND,ND,ND,ND,ND,ND,ND,ND,,,ND,Sit and Swab,
Hg20190126_2,2019,20190126,week4,Muskeget,PUP,,"live, not tagged",NA,NA,P,NAS/Con,N,,ND,19MK00130,19MK00131,19MK00132,40.21907043,39.43017578,>45,>45,>45,>45,ND,ND,ND,#N/A,,,U,U,U,ND,,,ND,90s,ND,ND,ND,ND,ND,ND,ND,ND,,ND,,ND,ND,ND,ND,ND,ND,ND,ND,ND,ND,ND,ND,ND,ND,,,ND,Sit and Swab,
Hg20190126_3,2019,20190126,week4,Muskeget,PUP,,"live, not tagged",NA,NA,N,NA,N,,ND,19MK00133,19MK00134,19MK00135,>45,>45,>45,>45,>45,>45,ND,ND,ND,#N/A,,,U,U,U,ND,,,ND,90s,ND,ND,ND,ND,ND,ND,ND,ND,,ND,,ND,ND,ND,ND,ND,ND,ND,ND,ND,ND,ND,ND,ND,ND,,,ND,Sit and Swab,
Hg20190126_4,2019,20190126,week4,Muskeget,PUP,,"live, not tagged",NA,NA,N,NA,N,,ND,19MK00136,19MK00137,19MK00138,>45,>45,>45,>45,>45,>45,ND,ND,ND,#N/A,,,U,U,U,ND,,,ND,90s,ND,ND,ND,ND,ND,ND,ND,ND,,ND,,ND,ND,ND,ND,ND,ND,ND,ND,ND,ND,ND,ND,ND,ND,,,ND,Sit and Swab,
Hg20190126_5,2019,20190126,week4,Muskeget,PUP,,"live, not tagged",NA,NA,N,NA,N,,ND,19MK00139,19MK00140,19MK00141,>45,>45,>45,>45,>45,>45,ND,ND,ND,#N/A,,,F,,0,ND,80,61,76.25,70s,19,23,ND,ND,ND,ND,ND,ND,,ND,,ND,ND,ND,ND,ND,ND,ND,ND,ND,ND,ND,ND,ND,ND,,,ND,Sit and Swab. Alone. No Mom. No Nasal Dry Swab.,
Hg20190126_6,2019,20190126,week4,Muskeget,PUP,,"live, not tagged",NA,NA,P,RCS,N,,ND,19MK00142,19MK00143,19MK00144,>45,>45,38.89376831,>45,>45,>45,ND,ND,ND,#N/A,,,U,III,5,ND,104,91,87.50,80s,ND,ND,ND,ND,ND,ND,ND,ND,,ND,,ND,ND,ND,ND,ND,ND,ND,ND,ND,ND,ND,ND,ND,ND,,,ND,Sit and Swab,
Hg20190126_7,2019,20190126,week4,Muskeget,PUP,,"live, not tagged",NA,NA,N,NA,N,,ND,19MK00148,19MK00149,19MK00150,>45,>45,>45,>45,>45,>45,ND,ND,ND,#N/A,,,F,V,100,ND,110,86,78.18,70s,ND,ND,ND,ND,ND,ND,ND,ND,,ND,,ND,ND,ND,ND,ND,ND,ND,ND,ND,ND,ND,ND,ND,ND,,,ND,Sit and Swab,
Hg20190127_1,2019,20190127,week4,Great Point,PUP,,dead,NA,NA,ND,NA,ND,,ND,ND,ND,ND,ND,ND,ND,ND,ND,ND,ND,ND,ND,#N/A,,,U,U,U,,,,,70s,,,ND,ND,ND,ND,ND,ND,,ND,,ND,ND,ND,ND,ND,ND,ND,ND,ND,ND,ND,ND,ND,ND,,,,,
Hg20190204_1,2019,20190204,week5,Monomoy,PUP,,dead CC:3,NA,NA,#N/A,NA,ND,,ND,19MK?,ND,19MK?,#N/A,ND,#N/A,#N/A,ND,#N/A,ND,ND,ND,#N/A,41.555,-69.99,M,I,0,ND,105,69,,70s,17,25,ND,ND,ND,ND,ND,ND,,ND,,ND,ND,ND,ND,ND,,,ND,ND,ND,ND,ND,ND,ND,,,,umbilicus attached,
Hg20190204_2,2019,20190204,week5,Monomoy,PUP,,dead CC:3,NA,NA,N,NA,P,,ND,19MK00173,ND,19MK00174,>45,ND,>45,36.0629272,ND,>45,ND,ND,ND,#N/A,41.555,-69.99,F,I,0,ND,92,51,,70s,23,22,ND,ND,ND,ND,ND,ND,,ND,,ND,ND,ND,ND,ND,yes,yes,ND,ND,ND,ND,ND,ND,ND,on beach,,,"Nasal Swab ID is for Oral Swab, non umbilicus present, bony hips",
Hg20190204_3,2019,20190204,week5,Monomoy,PUP,,dead CC:3,NA,NA,ND,NA,ND,,ND,ND,ND,ND,ND,ND,ND,ND,ND,ND,ND,ND,ND,#N/A,41.555,-69.99,M,I,0,ND,98,ND,,70s,21,25,ND,ND,ND,ND,ND,ND,,ND,,ND,ND,ND,ND,ND,,,ND,ND,ND,ND,ND,ND,ND,,,,,
Hg20190204_4,2019,20190204,week5,Monomoy,PUP,,dead CC:3,NA,NA,N,NA,N,,ND,ND,ND,19MK00176,ND,ND,>45,ND,ND,>45,ND,ND,ND,#N/A,41.555,-69.99,M,I,0,ND,87,51,,70s,19.5,21.5,ND,ND,ND,ND,ND,ND,,ND,,ND,ND,ND,ND,ND,collected,,ND,ND,ND,ND,ND,ND,ND,,carcasses 2-5 all found within 100ft of each other,,"teeth not erupted, emaciated, full lanugo, both eyes scavenged",
Hg20190204_5,2019,20190204,week5,Monomoy,PUP,,dead CC:3,NA,NA,ND,NA,ND,,ND,ND,ND,ND,ND,ND,ND,ND,ND,ND,ND,ND,ND,#N/A,41.555,-69.99,M,I,0,ND,89,49,,70s,14,22,ND,ND,ND,ND,ND,ND,,ND,,ND,ND,ND,ND,ND,collected,,ND,ND,ND,ND,ND,ND,ND,,carcasses 2-5 all found within 100ft of each other,,"teeth erupted, full lanugo - stained yellow, some scavenging on head mainly at eyes, umbilical cord absent, skinny/emaciated",
Hg20190205_1,2019,20190205,week6,Monomoy,PUP,,dead CC:3,NA,NA,ND,NA,ND,,ND,ND,ND,ND,ND,ND,ND,ND,ND,ND,ND,ND,ND,#N/A,41.6665,-70.1281,U,II,U,ND,93,ND,,70s,17,23,ND,ND,ND,ND,ND,ND,,ND,,ND,ND,ND,ND,ND,,,ND,ND,ND,ND,ND,ND,ND,,,,scavenged,
Hg20190205_2,2019,20190205,week6,Monomoy,PUP,,dead CC:3,NA,NA,ND,NA,ND,,ND,ND,ND,ND,ND,ND,ND,ND,ND,ND,ND,ND,ND,#N/A,41.5465,-69.995,U,I,0,ND,ND,ND,,70s,ND,ND,ND,ND,ND,ND,ND,ND,,ND,,ND,ND,ND,ND,ND,,,ND,ND,ND,ND,ND,ND,ND,,,,coyote scavenge,
Hg20190205_3,2019,20190205,week6,Monomoy,PUP,,dead CC:3,NA,NA,#N/A,NA,ND,,ND,19MK?,ND,ND,#N/A,ND,ND,#N/A,ND,ND,ND,ND,ND,#N/A,41.546,-69.995,F,reverse,80,ND,87,44,,70s,15,22,ND,ND,ND,ND,ND,ND,,ND,,ND,collected,ND,ND,ND,collected,,ND,ND,ND,ND,ND,ND,ND,,,,"teeth erupting, umbilicus healed, eyes scavanged, reverse molt",
Hg20190205_4,2019,20190205,week6,Monomoy,PUP,,dead CC:3,NA,NA,ND,NA,ND,,ND,ND,ND,ND,ND,ND,ND,ND,ND,ND,ND,ND,ND,#N/A,41.5465,-69.95,U,I,0,ND,104,64,,70s,20,22,ND,ND,ND,ND,ND,ND,,ND,,ND,ND,ND,ND,ND,,,ND,ND,ND,ND,ND,ND,ND,,,,"umbilicus attached, yellow coat, teeth not erupted, eyes scavanged",
Hg20190205_6,2019,20190205,week6,Monomoy,PUP,,"live, not tagged",NA,NA,N,NA,N,,ND,19MK00181,19MK00182,19MK00183,>45,>45,>45,>45,>45,>45,ND,ND,ND,#N/A,41.54821 N,-69.99276 W,M,IV,Reverse Molt,11.8,62,61,98.39,90s,23,24,ND,ND,ND,Not Assigned,ND,ND,,,,,ND,ND,ND,ND,ND,ND,NA,ND,ND,ND,ND,ND,NA,Sandy with surrounding scrub,Animal ~150 ft away from haulout of ~300-350 animals. ,,"Animal ~150 ft away from haulout of ~300-350 animals. None flushed during capture. Reverse molt animal. Animal not tagged due to reverse molt, thin body condition. Pink paint stick on caudal dorsal body lines.",
Hg20190206_1,2019,20190206,week6,Monomoy,PUP,,"live, not tagged",NA,NA,N,NA,N,,ND,19MK00178,19MK00179,19MK00180,>45,>45,>45,>45,>45,>45,ND,ND,ND,#N/A,,,U,U,U,,,,,70s,,,,,,,,,,,,,,,,,,,,,,,,,,,,,,
Hg20190206_1,2019,20190205,week6,Monomoy,PUP,,dead CC:3,NA,NA,N,NA,WEAK,,ND,19MK00172,ND,19MK00697,>45,ND,>45,>45,ND,40.21201324,ND,ND,ND,#N/A,41.5564,-69.9907,M,I,0,ND,102,53,,70s,22,23,ND,ND,ND,ND,ND,ND,,ND,,ND,ND,ND,ND,ND,,,ND,ND,ND,ND,ND,ND,ND,,,,"just right of dorsal midline at the hip, bulbous projection that appears to be two conjoined bony protrusions",
Hg20190206_2,2019,20190205,week6,Monomoy,PUP,,dead CC:3,NA,NA,N,NA,N,,ND,19MK00700,ND,19MK00698,>45,ND,>45,>45,ND,>45,ND,ND,ND,#N/A,41.5564,-69.9907,M,NA,NA,NA,216,274,,70s,34,42,ND,ND,ND,ND,ND,ND,,ND,,ND,ND,ND,ND,ND,,,ND,ND,ND,ND,ND,ND,ND,,,,"adult male, ~300ft from herd of ~300 animals, eyes scavenged, left lateral side of tail - healed laceration across right scap, 12cm long, no obvious additional external lesions/defects",
IFAW_37 (yellow),2015,1/14/2015,week2,Monomoy,PUP,,,NA,NA,N,NA,ND,,P,15MK00811,15MK00812,15MK00751, >45, >45, >45,ND,ND,ND,ND,ND,ND,#N/A,#N/A,#N/A,F,IV,,34,108,93,86.11,80s,,,,,,,,,,,,,,,,,,,,,,,,,,,,,,
IFAW_38 (yellow),2015,1/14/2015,week2,Monomoy,PUP,,,NA,NA,N,NA,ND,,N,15MK00752,15MK00755,15MK00815, >45, >45, >45,ND,ND,ND,ND,ND,ND,#N/A,#N/A,#N/A,M,II,,25.6,105,85,80.95,80s,,,,,,,,,,,,,,,,,,,,,,,,,,,,,,
IFAW_39 (yellow),2015,1/15/2015,week3,Monomoy,PUP,,,NA,NA,N,NA,ND,,P,15MK00806,15MK00774,15MK00753, >45, >45, >45,ND,ND,ND,ND,ND,ND,#N/A,#N/A,#N/A,F,II,,49.2,115,107,93.04,90s,,,,,,,,,,,,,,,,,,,,,,,,,,,,,,
IFAW_91 (orange),2015,1/14/2015,week2,Monomoy,PUP,,,NA,NA,N,NA,ND,,N,15MK00789,15MK00788,15MK00787, >45, >45, >45,ND,ND,ND,ND,ND,ND,#N/A,#N/A,#N/A,F,II,,28.8,102,89,87.25,80s,,,,,,,,,,,,,,,,,,,,,,,,,,,,,,
IFAW_93 (orange),2015,1/15/2015,week3,Monomoy,PUP,,,NA,NA,N,NA,ND,,ND,15MK00764,15MK00765,15MK00763, >45, >45, >45,ND,ND,ND,ND,ND,ND,#N/A,#N/A,#N/A,F,III,,33.2,105,96.5,91.90,90s,,,,,,,,,,,,,,,,,,,,,,,,,,,,,,
IFAW_95 (orange),2015,1/15/2015,week3,Monomoy,PUP,,,NA,NA,N,NA,ND,,N,15MK00780,15MK00779,15MK00778, >45, >45, >45,ND,ND,ND,ND,ND,ND,#N/A,#N/A,#N/A,M,III,,43.4,110,107,97.27,90s,,,,,,,,,,,,,,,,,,,,,,,,,,,,,,
IFAW_96 (orange),2015,1/15/2015,week3,Monomoy,PUP,,,NA,NA,N,NA,ND,,N,15MK00756,15MK00798,15MK00759, >45, >45, >45,ND,ND,ND,ND,ND,ND,#N/A,#N/A,#N/A,M,IV,,43,119,99,83.19,80s,,,,,,,,,,,,,,,,,,,,,,,,,,,,,,
IFAW_99 (orange),2015,1/14/2015,week2,Monomoy,PUP,,,NA,NA,N,NA,ND,,N,15MK00819,15MK00790,15MK00766, >45, >45, >45,ND,ND,ND,ND,ND,ND,#N/A,#N/A,#N/A,F,IV,,36,111,101,90.99,90s,,,,,,,,,,,,,,,,,,,,,,,,,,,,,,
K327,2014,06/13/2014,,Sable Island,Adult,U,,NA,NA,N,NA,ND,,ND,14DB00105,14DB00104,NA, >45, >45,ND,ND,ND,ND,ND,ND,ND,#N/A,#N/A,#N/A,F,NA,,U,U,U,NA,90s,,,,,,,,,,,,,,,,,,,,,,,,,,,,,,
Male #1,2013,6/29/2013,,Sable Island,Adult,U,,NA,NA,N,NA,ND,,P,13DB00025,13DB00026,13DB00028, >45, >45, >45,ND,ND,ND,ND,ND,ND,#N/A,#N/A,#N/A,M,NA,,U,U,U,NA,90s,,,,,,,,,,,,,,,,,,,,,,,,,,,,,,
Male #2,2013,6/29/2013,,Sable Island,Adult,U,,NA,NA,N,NA,ND,,P,13DB00029,13DB00030,13DB00032, >45, >45, >45,ND,ND,ND,ND,ND,ND,#N/A,#N/A,#N/A,M,NA,,U,U,U,NA,90s,,,,,,,,,,,,,,,,,,,,,,,,,,,,,,
Male #3,2013,6/29/2013,,Sable Island,Adult,U,,NA,NA,N,NA,ND,,P,13DB00033,13DB00034,13DB00036, >45, >45, >45,ND,ND,ND,ND,ND,ND,#N/A,#N/A,#N/A,M,NA,,U,U,U,NA,90s,,,,,,,,,,,,,,,,,,,,,,,,,,,,,,
Male #6,2013,6/30/2013,,Sable Island,Adult,U,,NA,NA,N,NA,ND,,P,13DB00037,13DB00038,13DB00040, >45, >45, >45,ND,ND,ND,ND,ND,ND,#N/A,#N/A,#N/A,M,NA,,U,U,U,NA,90s,,,,,,,,,,,,,,,,,,,,,,,,,,,,,,
Male #7,2013,6/30/2013,,Sable Island,Adult,U,,NA,NA,N,NA,ND,,N,13DB00041,13DB00042,13DB00044, >45, >45, >45,ND,ND,ND,ND,ND,ND,#N/A,#N/A,#N/A,M,NA,,U,U,U,NA,90s,,,,,,,,,,,,,,,,,,,,,,,,,,,,,,
Male #8,2013,6/30/2013,,Sable Island,Adult,U,,NA,NA,N,NA,ND,,N,13DB00045,13DB00046,13DB00048, >45, >45, >45,ND,ND,ND,ND,ND,ND,#N/A,#N/A,#N/A,M,NA,,U,U,U,NA,90s,,,,,,,,,,,,,,,,,,,,,,,,,,,,,,
S1416,2014,1/9/2014,,Sable Island,PUP,PUP,,NA,NA,N,NA,ND,,ND,14DB00031,14DB00032,14DB00030, >45, >45, >45,ND,ND,ND,ND,ND,ND,#N/A,#N/A,#N/A,F,NA,,U,U,U,NA,90s,,,,,,,,,,,,,,,,,,,,,,,,,,,,,,
S1418,2014,1/13/2014,,Sable Island,PUP,PUP,,NA,NA,N,NA,ND,,ND,14DB00075,14DB00076,14DB00074, >45, >45, >45,ND,ND,ND,ND,ND,ND,#N/A,#N/A,#N/A,F,NA,,U,U,U,NA,90s,,,,,,,,,,,,,,,,,,,,,,,,,,,,,,
S1422,2014,1/7/2014,,Sable Island,PUP,PUP,,NA,NA,N,NA,ND,,ND,14DB00020,14DB00021,14DB00022, >45, >45, >45,ND,ND,ND,ND,ND,ND,#N/A,#N/A,#N/A,F,NA,,U,U,U,NA,90s,,,,,,,,,,,,,,,,,,,,,,,,,,,,,,
S1423,2014,1/10/2014,,Sable Island,PUP,PUP,,NA,NA,N,NA,ND,,ND,14DB00049,14DB00048,14DB00047, >45, >45, >45,ND,ND,ND,ND,ND,ND,#N/A,#N/A,#N/A,F,NA,,U,U,U,NA,90s,,,,,,,,,,,,,,,,,,,,,,,,,,,,,,
S1425,2014,1/16/2014,,Sable Island,PUP,PUP,,NA,NA,N,NA,ND,,ND,14DB00088,14DB00089,14DB00087, >45, >45, >45,ND,ND,ND,ND,ND,ND,#N/A,#N/A,#N/A,F,NA,,U,U,U,NA,90s,,,,,,,,,,,,,,,,,,,,,,,,,,,,,,
S1426,2014,1/10/2014,,Sable Island,PUP,PUP,,NA,NA,N,NA,ND,,ND,14DB00050,14DB00051,14DB00052, >45, >45, >45,ND,ND,ND,ND,ND,ND,#N/A,#N/A,#N/A,F,NA,,U,U,U,NA,90s,,,,,,,,,,,,,,,,,,,,,,,,,,,,,,
S1428,2014,1/7/2014,,Sable Island,PUP,PUP,,NA,NA,N,NA,ND,,ND,14DB00023,14DB00024,14DB00025, >45, >45, >45,ND,ND,ND,ND,ND,ND,#N/A,#N/A,#N/A,F,NA,,U,U,U,NA,90s,,,,,,,,,,,,,,,,,,,,,,,,,,,,,,
S1433,2014,1/11/2014,,Sable Island,PUP,PUP,,NA,NA,N,NA,ND,,ND,14DB00072,14DB00073,14DB00071, >45, >45, >45,ND,ND,ND,ND,ND,ND,#N/A,#N/A,#N/A,M,NA,,U,U,U,NA,90s,,,,,,,,,,,,,,,,,,,,,,,,,,,,,,
S1456,2014,1/10/2014,,Sable Island,PUP,PUP,,NA,NA,N,NA,ND,,ND,14DB00059,14DB00060,14DB00061, >45, >45, >45,ND,ND,ND,ND,ND,ND,#N/A,#N/A,#N/A,F,NA,,U,U,U,NA,90s,,,,,,,,,,,,,,,,,,,,,,,,,,,,,,
S1464,2014,1/9/2014,,Sable Island,PUP,PUP,,NA,NA,N,NA,ND,,ND,14DB00040,14DB00041,14DB00042, >45, >45, >45,ND,ND,ND,ND,ND,ND,#N/A,#N/A,#N/A,M,NA,,U,U,U,NA,90s,,,,,,,,,,,,,,,,,,,,,,,,,,,,,,
S1465,2014,1/16/2014,,Sable Island,PUP,PUP,,NA,NA,N,NA,ND,,ND,14DB00092,14DB00091,14DB00090, >45, >45, >45,ND,ND,ND,ND,ND,ND,#N/A,#N/A,#N/A,M,NA,,U,U,U,NA,90s,,,,,,,,,,,,,,,,,,,,,,,,,,,,,,
S1467,2014,1/10/2014,,Sable Island,PUP,PUP,,NA,NA,N,NA,ND,,ND,14DB00054,14DB00055,14DB00053, >45, >45, >45,ND,ND,ND,ND,ND,ND,#N/A,#N/A,#N/A,F,NA,,U,U,U,NA,90s,,,,,,,,,,,,,,,,,,,,,,,,,,,,,,
S1488,2014,1/11/2014,,Sable Island,PUP,PUP,,NA,NA,N,NA,ND,,ND,14DB00065,14DB00066,14DB00067, >45, >45, >45,ND,ND,ND,ND,ND,ND,#N/A,#N/A,#N/A,F,NA,,U,U,U,NA,90s,,,,,,,,,,,,,,,,,,,,,,,,,,,,,,
S1491,2014,1/16/2014,,Sable Island,PUP,PUP,,NA,NA,N,NA,ND,,ND,14DB00085,14DB00086,14DB00084, >45, >45, >45,ND,ND,ND,ND,ND,ND,#N/A,#N/A,#N/A,M,NA,,U,U,U,NA,90s,,,,,,,,,,,,,,,,,,,,,,,,,,,,,,
S1540,2014,1/7/2014,,Sable Island,PUP,PUP,,NA,NA,N,NA,ND,,ND,14DB00017,14DB00018,14DB00019, >45, >45, >45,ND,ND,ND,ND,ND,ND,#N/A,#N/A,#N/A,M,NA,,U,U,U,NA,90s,,,,,,,,,,,,,,,,,,,,,,,,,,,,,,
S1543,2014,1/10/2014,,Sable Island,PUP,PUP,,NA,NA,N,NA,ND,,ND,14DB00057,14DB00058,14DB00056, >45, >45, >45,ND,ND,ND,ND,ND,ND,#N/A,#N/A,#N/A,F,NA,,U,U,U,NA,90s,,,,,,,,,,,,,,,,,,,,,,,,,,,,,,
S1558,2014,1/10/2014,,Sable Island,PUP,PUP,,NA,NA,N,NA,ND,,ND,14DB00062,14DB00063,14DB00064, >45, >45, >45,ND,ND,ND,ND,ND,ND,#N/A,#N/A,#N/A,F,NA,,U,U,U,NA,90s,,,,,,,,,,,,,,,,,,,,,,,,,,,,,,
S1559,2014,1/16/2014,,Sable Island,PUP,PUP,,NA,NA,N,NA,ND,,ND,14DB00082,14DB00083,14DB00081, >45, >45, >45,ND,ND,ND,ND,ND,ND,#N/A,#N/A,#N/A,F,NA,,U,U,U,NA,90s,,,,,,,,,,,,,,,,,,,,,,,,,,,,,,
S1561,2014,1/11/2014,,Sable Island,PUP,PUP,,NA,NA,N,NA,ND,,ND,14DB00068,14DB00069,14DB00070, >45, >45, >45,ND,ND,ND,ND,ND,ND,#N/A,#N/A,#N/A,M,NA,,U,U,U,NA,90s,,,,,,,,,,,,,,,,,,,,,,,,,,,,,,
S7101,2014,1/9/2014,,Sable Island,PUP,PUP,,NA,NA,N,NA,ND,,ND,14DB00037,14DB00038,14DB00039, >45, >45, >45,ND,ND,ND,ND,ND,ND,#N/A,#N/A,#N/A,M,NA,,U,U,U,NA,90s,,,,,,,,,,,,,,,,,,,,,,,,,,,,,,
Sg13 C031,2013,7/16/2013,,Gulf of St. Lawrence,Adult,U,,NA,NA,ND,NA,ND,,P,NA,NA,NA,ND,ND,ND,ND,ND,ND,ND,ND,ND,#N/A,#N/A,#N/A,F,U,,U,U,U,NA,90s,,,,,,,,,,,,,,,,,,,,,,,,,,,,,,
Sg13 C031,2014,1/10/2014,,Sable Island,Adult,U,,NA,NA,N,NA,ND,,ND,14DB00045,14DB00046,14DB00044, >45, >45, >45,ND,ND,ND,ND,ND,ND,#N/A,#N/A,#N/A,F,NA,,U,U,U,NA,90s,,,,,,,,,,,,,,,,,,,,,,,,,,,,,,
Sg13 C032,2013,7/16/2013,,Gulf of St. Lawrence,Adult,U,,NA,NA,ND,NA,ND,,N,NA,NA,NA,ND,ND,ND,ND,ND,ND,ND,ND,ND,#N/A,#N/A,#N/A,M,U,,U,U,U,NA,90s,,,,,,,,,,,,,,,,,,,,,,,,,,,,,,
Sg13 C033,2013,7/6/2013,,Gulf of St. Lawrence,Adult,U,,NA,NA,N,NA,ND,,N,CO33_nasal,NA,NA, >45,ND,ND,ND,ND,ND,ND,ND,ND,#N/A,#N/A,#N/A,M,U,,U,U,U,NA,90s,,,,,,,,,,,,,,,,,,,,,,,,,,,,,,
Sg13 C034,2013,7/16/2013,,Gulf of St. Lawrence,Adult,U,,NA,NA,N,NA,ND,,N,CO34_nasal,CO34_conj,CO34_rectal, >45, >45, >45,ND,ND,ND,ND,ND,ND,#N/A,#N/A,#N/A,M,U,,U,U,U,NA,90s,,,,,,,,,,,,,,,,,,,,,,,,,,,,,,
Sg13 C035,2013,7/16/2013,,Gulf of St. Lawrence,Adult,U,,NA,NA,N,NA,ND,,N,CO35_nasal,CO35_conj,CO35_rectal, >45, >45, >45,ND,ND,ND,ND,ND,ND,#N/A,#N/A,#N/A,F,U,,U,U,U,NA,90s,,,,,,,,,,,,,,,,,,,,,,,,,,,,,,
Sg13 C036,2013,7/11/2013,,Gulf of St. Lawrence,Adult,U,,NA,NA,N,NA,ND,,N,CO36_nasal,CO36_conj,CO36_rectal, >45, >45, >45,ND,ND,ND,ND,ND,ND,#N/A,#N/A,#N/A,F,U,,U,U,U,NA,90s,,,,,,,,,,,,,,,,,,,,,,,,,,,,,,
Sg13 C036,2014,1/9/2014,,Sable Island,Adult,U,,NA,NA,N,NA,ND,,ND,14DB00034,14DB00033,14DB00036, >45, >45, >45,ND,ND,ND,ND,ND,ND,#N/A,#N/A,#N/A,F,NA,,U,U,U,NA,90s,,,,,,,,,,,,,,,,,,,,,,,,,,,,,,
Sg13 C037,2013,7/10/2013,,Gulf of St. Lawrence,Adult,U,,NA,NA,N,NA,ND,,N,CO37_nasal,CO37_conj,CO37_rectal, >45, >45, >45,ND,ND,ND,ND,ND,ND,#N/A,#N/A,#N/A,F,U,,U,U,U,NA,90s,,,,,,,,,,,,,,,,,,,,,,,,,,,,,,
T10,2014,6/20/2014,,Sable Island,Adult,U,,NA,NA,P,NA,ND,,ND,14DB00141,14DB00140,NA, >45, >45,ND,ND,ND,ND,ND,ND,ND,#N/A,#N/A,#N/A,M,NA,,U,U,U,NA,90s,,,,,,,,,,,,,,,,,,,,,,,,,,,,,,
,,,,,,,,,,,,,,,,,,,,,,,,,,,,,,,,,,,,,,,,,,,,,,,,,,,,,,,,,,,,,,,,,,,
,,,,,,,,,,,,,,,,,,,,,,,,,,,,,,,,,,,,,,,,,,,,,,,,,,,,,,,,,,,,,,,,,,,
,,,,,,,,,,,,,,,,,,,,,,,,,,,,,,,,,,,,,,,,,,,,,,,,,,,,,,,,,,,,,,,,,,,
,,,,,,,,,,,,,,,,,,,,,,,,,,,,,,,,,,,,,,,,,,,,,,,,,,,,,,,,,,,,,,,,,,,
,,,,,,,,,,,,,,,,,,,,,,,,,,,,,,,,,,,,,,,,,,,,,,,,,,,,,,,,,,,,,,,,,,,
,,,,,,,,,,,,,,,,,,,,,,,,,,,,,,,,,,,,,,,,,,,,,,,,,,,,,,,,,,,,,,,,,,,
,,,,,,,,,,,,,,,,,,,,,,,,,,,,,,,,,,,,,,,,,,,,,,,,,,,,,,,,,,,,,,,,,,,
,,,,,,,,,,,,,,,,,,,,,,,,,,,,,,,,,,,,,,,,,,,,,,,,,,,,,,,,,,,,,,,,,,,
,,,,,,,,,,,,,,,,,,,,,,,,,,,,,,,,,,,,,,,,,,,,,,,,,,,,,,,,,,,,,,,,,,,
,,,,,,,,,,,,,,,,,,,,,,,,,,,,,,,,,,,,,,,,,,,,,,,,,,,,,,,,,,,,,,,,,,,
,,,,,,,,,,,,,,,,,,,,,,,,,,,,,,,,,,,,,,,,,,,,,,,,,,,,,,,,,,,,,,,,,,,
,,,,,,,,,,,,,,,,,,,,,,,,,,,,,,,,,,,,,,,,,,,,,,,,,,,,,,,,,,,,,,,,,,,
,,,,,,,,,,,,,,,,,,,,,,,,,,,,,,,,,,,,,,,,,,,,,,,,,,,,,,,,,,,,,,,,,,,
,,,,,,,,,,,,,,,,,,,,,,,,,,,,,,,,,,,,,,,,,,,,,,,,,,,,,,,,,,,,,,,,,,,
,,,,,,,,,,,,,,,,,,,,,,,,,,,,,,,,,,,,,,,,,,,,,,,,,,,,,,,,,,,,,,,,,,,
,,,,,,,,,,,,,,,,,,,,,,,,,,,,,,,,,,,,,,,,,,,,,,,,,,,,,,,,,,,,,,,,,,,
,,,,,,,,,,,,,,,,,,,,,,,,,,,,,,,,,,,,,,,,,,,,,,,,,,,,,,,,,,,,,,,,,,,
,,,,,,,,,,,,,,,,,,,,,,,,,,,,,,,,,,,,,,,,,,,,,,,,,,,,,,,,,,,,,,,,,,,
,,,,,,,,,,,,,,,,,,,,,,,,,,,,,,,,,,,,,,,,,,,,,,,,,,,,,,,,,,,,,,,,,,,
,,,,,,,,,,,,,,,,,,,,,,,,,,,,,,,,,,,,,,,,,,,,,,,,,,,,,,,,,,,,,,,,,,,
